# Blender 5.1.1
# www.blender.org
mtllib gear_with_24_teeth_2026-05-05T12-33-53-357Z.mtl
o Gear_24
v 0.041503 0.003932 0.007847
v 0.041417 0.004000 0.007948
v 0.041549 0.003932 0.007953
v 0.041487 0.003965 0.007881
v 0.041506 0.003932 0.007886
v 0.041493 0.003964 0.007903
v 0.041466 0.003990 0.007940
v 0.041456 0.003990 0.007918
v 0.041480 0.003982 0.007920
v 0.041523 0.003932 0.007924
v 0.041514 0.003965 0.007941
v 0.041502 0.003964 0.007922
v 0.045746 0.004000 0.010790
v 0.045797 0.003932 0.010742
v 0.045772 0.003991 0.010766
v 0.045790 0.003966 0.010748
v 0.046458 0.003932 0.011878
v 0.046418 0.004000 0.011947
v 0.046474 0.003932 0.012003
v 0.046448 0.003966 0.011888
v 0.046476 0.003932 0.011916
v 0.046467 0.003964 0.011924
v 0.046442 0.003991 0.011976
v 0.046434 0.003991 0.011913
v 0.046456 0.003982 0.011942
v 0.046482 0.003932 0.011962
v 0.046463 0.003966 0.011996
v 0.046471 0.003964 0.011956
v 0.046250 0.003932 0.012842
v 0.046173 0.004000 0.012863
v 0.046172 0.003932 0.012942
v 0.046236 0.003966 0.012842
v 0.046236 0.003932 0.012882
v 0.046223 0.003964 0.012881
v 0.046170 0.003991 0.012900
v 0.046208 0.003991 0.012850
v 0.046203 0.003982 0.012886
v 0.046208 0.003932 0.012919
v 0.046169 0.003966 0.012929
v 0.046203 0.003964 0.012907
v 0.045012 0.004000 0.013529
v 0.045032 0.003932 0.013596
v 0.045022 0.003991 0.013562
v 0.045030 0.003966 0.013587
v 0.039959 0.003932 0.013887
v 0.039842 0.004000 0.013825
v 0.039866 0.003932 0.013955
v 0.039922 0.003965 0.013879
v 0.039922 0.003932 0.013899
v 0.039903 0.003964 0.013890
v 0.039861 0.003990 0.013871
v 0.039880 0.003990 0.013857
v 0.039883 0.003982 0.013881
v 0.039888 0.003932 0.013923
v 0.039869 0.003965 0.013918
v 0.039886 0.003964 0.013903
v 0.038961 0.004000 0.016138
v 0.039025 0.003932 0.016165
v 0.038993 0.003991 0.016151
v 0.039016 0.003966 0.016161
v 0.038057 0.003932 0.018322
v 0.037949 0.004000 0.018397
v 0.038075 0.003932 0.018435
v 0.038034 0.003965 0.018350
v 0.038050 0.003932 0.018360
v 0.038034 0.003964 0.018373
v 0.037998 0.003990 0.018401
v 0.037994 0.003990 0.018378
v 0.038017 0.003982 0.018386
v 0.038057 0.003932 0.018401
v 0.038044 0.003965 0.018415
v 0.038037 0.003964 0.018394
v 0.041395 0.004000 0.022262
v 0.041457 0.003932 0.022229
v 0.041426 0.003991 0.022246
v 0.041448 0.003966 0.022233
v 0.041800 0.003932 0.023497
v 0.041740 0.004000 0.023535
v 0.041784 0.003932 0.023623
v 0.041792 0.003965 0.023506
v 0.041804 0.003932 0.023538
v 0.041797 0.003964 0.023542
v 0.041765 0.003990 0.023572
v 0.041770 0.003990 0.023520
v 0.041785 0.003982 0.023553
v 0.041798 0.003932 0.023584
v 0.041781 0.003965 0.023603
v 0.041794 0.003964 0.023573
v 0.041350 0.003932 0.024375
v 0.041226 0.004000 0.024424
v 0.041249 0.003932 0.024452
v 0.041325 0.003965 0.024394
v 0.041323 0.003932 0.024406
v 0.041307 0.003964 0.024416
v 0.041233 0.003990 0.024438
v 0.041280 0.003990 0.024413
v 0.041278 0.003983 0.024426
v 0.041287 0.003932 0.024434
v 0.041241 0.003966 0.024448
v 0.041281 0.003965 0.024433
v 0.039979 0.003932 0.024788
v 0.040053 0.004000 0.024733
v 0.039989 0.003966 0.024781
v 0.040016 0.003991 0.024761
v 0.034896 0.003932 0.023798
v 0.035003 0.003932 0.023756
v 0.034906 0.004000 0.023666
v 0.034925 0.003932 0.023773
v 0.034909 0.003965 0.023763
v 0.034928 0.003964 0.023752
v 0.034970 0.003965 0.023739
v 0.034964 0.003932 0.023758
v 0.034948 0.003964 0.023744
v 0.034912 0.003990 0.023715
v 0.034935 0.003990 0.023706
v 0.034931 0.003982 0.023730
v 0.033457 0.004000 0.025672
v 0.033511 0.003932 0.025714
v 0.033484 0.003991 0.025693
v 0.033504 0.003966 0.025708
v 0.032019 0.003932 0.027547
v 0.031894 0.004000 0.027592
v 0.032006 0.003932 0.027662
v 0.031988 0.003965 0.027569
v 0.032002 0.003932 0.027582
v 0.031983 0.003964 0.027591
v 0.031940 0.003990 0.027609
v 0.031943 0.003990 0.027585
v 0.031963 0.003982 0.027599
v 0.031998 0.003932 0.027624
v 0.031981 0.003965 0.027634
v 0.031981 0.003964 0.027612
v 0.034209 0.004000 0.032191
v 0.034291 0.003932 0.032201
v 0.034250 0.003991 0.032196
v 0.034280 0.003966 0.032200
v 0.034294 0.003932 0.033515
v 0.034212 0.004000 0.033612
v 0.034246 0.003932 0.033632
v 0.034283 0.003965 0.033543
v 0.034287 0.003932 0.033556
v 0.034278 0.003964 0.033571
v 0.034227 0.003990 0.033623
v 0.034253 0.003990 0.033578
v 0.034259 0.003982 0.033592
v 0.034270 0.003932 0.033599
v 0.034239 0.003966 0.033631
v 0.034264 0.003964 0.033599
v 0.033515 0.003932 0.034294
v 0.033632 0.003932 0.034246
v 0.033596 0.004000 0.034226
v 0.033550 0.003932 0.034292
v 0.033532 0.003966 0.034282
v 0.033565 0.003964 0.034279
v 0.033633 0.003966 0.034240
v 0.033593 0.003932 0.034274
v 0.033595 0.003964 0.034267
v 0.033562 0.003991 0.034257
v 0.033620 0.003991 0.034233
v 0.033586 0.003982 0.034262
v 0.032201 0.003932 0.034291
v 0.032217 0.004000 0.034222
v 0.032203 0.003966 0.034282
v 0.032209 0.003991 0.034256
v 0.027547 0.003932 0.032019
v 0.027662 0.003932 0.032006
v 0.027592 0.004000 0.031894
v 0.027582 0.003932 0.032002
v 0.027569 0.003965 0.031988
v 0.027591 0.003964 0.031983
v 0.027634 0.003965 0.031981
v 0.027624 0.003932 0.031998
v 0.027612 0.003964 0.031981
v 0.027585 0.003990 0.031943
v 0.027609 0.003990 0.031940
v 0.027599 0.003982 0.031963
v 0.025672 0.004000 0.033457
v 0.025714 0.003932 0.033511
v 0.025693 0.003991 0.033484
v 0.025708 0.003966 0.033504
v 0.023798 0.003932 0.034896
v 0.023666 0.004000 0.034906
v 0.023756 0.003932 0.035003
v 0.023763 0.003965 0.034909
v 0.023773 0.003932 0.034925
v 0.023752 0.003964 0.034928
v 0.023706 0.003990 0.034935
v 0.023715 0.003990 0.034912
v 0.023730 0.003982 0.034931
v 0.023758 0.003932 0.034964
v 0.023739 0.003965 0.034970
v 0.023745 0.003964 0.034948
v 0.024712 0.004000 0.039948
v 0.024788 0.003932 0.039979
v 0.024750 0.003991 0.039963
v 0.024778 0.003966 0.039975
v 0.024452 0.003932 0.041249
v 0.024347 0.004000 0.041321
v 0.024375 0.003932 0.041350
v 0.024433 0.003965 0.041273
v 0.024434 0.003932 0.041287
v 0.024421 0.003964 0.041299
v 0.024358 0.003990 0.041336
v 0.024395 0.003990 0.041299
v 0.024397 0.003982 0.041314
v 0.024406 0.003932 0.041323
v 0.024368 0.003966 0.041347
v 0.024401 0.003964 0.041322
v 0.023497 0.003932 0.041800
v 0.023623 0.003932 0.041784
v 0.023593 0.004000 0.041755
v 0.023532 0.003932 0.041807
v 0.023517 0.003966 0.041792
v 0.023549 0.003964 0.041798
v 0.023625 0.003966 0.041778
v 0.023578 0.003932 0.041801
v 0.023582 0.003964 0.041794
v 0.023552 0.003991 0.041776
v 0.023614 0.003991 0.041768
v 0.023574 0.003982 0.041787
v 0.022229 0.003932 0.041457
v 0.022262 0.004000 0.041395
v 0.022233 0.003966 0.041448
v 0.022246 0.003991 0.041426
v 0.018322 0.003932 0.038057
v 0.018435 0.003932 0.038075
v 0.018397 0.004000 0.037949
v 0.018360 0.003932 0.038050
v 0.018350 0.003965 0.038034
v 0.018373 0.003964 0.038034
v 0.018415 0.003965 0.038044
v 0.018401 0.003932 0.038057
v 0.018394 0.003964 0.038037
v 0.018378 0.003990 0.037994
v 0.018401 0.003990 0.037998
v 0.018386 0.003982 0.038017
v 0.016138 0.004000 0.038961
v 0.016165 0.003932 0.039025
v 0.016151 0.003991 0.038993
v 0.016161 0.003966 0.039016
v 0.013955 0.003932 0.039866
v 0.013825 0.004000 0.039842
v 0.013887 0.003932 0.039959
v 0.013918 0.003965 0.039869
v 0.013923 0.003932 0.039888
v 0.013903 0.003964 0.039886
v 0.013857 0.003990 0.039880
v 0.013871 0.003990 0.039861
v 0.013881 0.003982 0.039883
v 0.013899 0.003932 0.039922
v 0.013879 0.003965 0.039922
v 0.013890 0.003964 0.039903
v 0.013530 0.004000 0.044982
v 0.013596 0.003932 0.045032
v 0.013563 0.003991 0.045007
v 0.013587 0.003966 0.045026
v 0.012942 0.003932 0.046172
v 0.012823 0.004000 0.046215
v 0.012842 0.003932 0.046250
v 0.012918 0.003965 0.046190
v 0.012916 0.003932 0.046204
v 0.012900 0.003964 0.046212
v 0.012830 0.003990 0.046232
v 0.012875 0.003990 0.046206
v 0.012873 0.003982 0.046221
v 0.012879 0.003932 0.046232
v 0.012837 0.003966 0.046245
v 0.012874 0.003964 0.046230
v 0.011878 0.003932 0.046458
v 0.012003 0.003932 0.046474
v 0.011982 0.004000 0.046439
v 0.011909 0.003932 0.046473
v 0.011899 0.003966 0.046455
v 0.011929 0.003964 0.046469
v 0.012007 0.003966 0.046469
v 0.011955 0.003932 0.046479
v 0.011961 0.003964 0.046474
v 0.011937 0.003991 0.046448
v 0.012000 0.003991 0.046456
v 0.011956 0.003982 0.046464
v 0.010742 0.003932 0.045797
v 0.010790 0.004000 0.045746
v 0.010748 0.003966 0.045790
v 0.010766 0.003991 0.045772
v 0.007847 0.003932 0.041503
v 0.007953 0.003932 0.041549
v 0.007948 0.004000 0.041417
v 0.007886 0.003932 0.041506
v 0.007881 0.003965 0.041487
v 0.007903 0.003964 0.041493
v 0.007941 0.003965 0.041514
v 0.007924 0.003932 0.041523
v 0.007922 0.003964 0.041502
v 0.007918 0.003990 0.041456
v 0.007940 0.003990 0.041466
v 0.007920 0.003982 0.041480
v 0.005505 0.004000 0.041811
v 0.005513 0.003932 0.041879
v 0.005509 0.003991 0.041845
v 0.005512 0.003966 0.041870
v 0.003162 0.003932 0.042120
v 0.003042 0.004000 0.042063
v 0.003072 0.003932 0.042192
v 0.003125 0.003965 0.042113
v 0.003125 0.003932 0.042133
v 0.003106 0.003964 0.042125
v 0.003063 0.003990 0.042108
v 0.003082 0.003990 0.042093
v 0.003086 0.003982 0.042117
v 0.003093 0.003932 0.042159
v 0.003074 0.003965 0.042154
v 0.003089 0.003964 0.042138
v 0.001418 0.004000 0.046980
v 0.001478 0.003932 0.047017
v 0.001448 0.003991 0.046998
v 0.001470 0.003966 0.047012
v 0.000434 0.003932 0.047997
v 0.000551 0.003932 0.047949
v 0.000446 0.004000 0.047958
v 0.000475 0.003932 0.047990
v 0.000439 0.003966 0.047991
v 0.000475 0.003964 0.047986
v 0.000526 0.003965 0.047960
v 0.000517 0.003932 0.047973
v 0.000503 0.003964 0.047976
v 0.000443 0.003990 0.047977
v 0.000487 0.003990 0.047963
v 0.000479 0.003983 0.047978
v -0.000551 0.003932 0.047949
v -0.000434 0.003932 0.047997
v -0.000425 0.004000 0.047959
v -0.000517 0.003932 0.047973
v -0.000523 0.003965 0.047960
v -0.000500 0.003964 0.047976
v -0.000430 0.003966 0.047991
v -0.000475 0.003932 0.047990
v -0.000471 0.003964 0.047987
v -0.000477 0.003990 0.047963
v -0.000427 0.003990 0.047977
v -0.000472 0.003982 0.047978
v -0.001478 0.003932 0.047017
v -0.001427 0.004000 0.046951
v -0.001471 0.003966 0.047008
v -0.001452 0.003991 0.046984
v -0.003162 0.003932 0.042120
v -0.003072 0.003932 0.042192
v -0.003042 0.004000 0.042063
v -0.003125 0.003932 0.042133
v -0.003125 0.003965 0.042113
v -0.003106 0.003964 0.042125
v -0.003074 0.003965 0.042154
v -0.003093 0.003932 0.042159
v -0.003089 0.003964 0.042138
v -0.003082 0.003990 0.042093
v -0.003063 0.003990 0.042108
v -0.003086 0.003982 0.042117
v -0.005513 0.003932 0.041879
v -0.005505 0.004000 0.041811
v -0.005512 0.003966 0.041870
v -0.005509 0.003991 0.041845
v -0.007953 0.003932 0.041549
v -0.007847 0.003932 0.041503
v -0.007948 0.004000 0.041417
v -0.007924 0.003932 0.041523
v -0.007941 0.003965 0.041514
v -0.007922 0.003964 0.041502
v -0.007881 0.003965 0.041487
v -0.007886 0.003932 0.041506
v -0.007903 0.003964 0.041493
v -0.007940 0.003990 0.041466
v -0.007918 0.003990 0.041456
v -0.007920 0.003982 0.041480
v -0.010790 0.004000 0.045746
v -0.010742 0.003932 0.045797
v -0.010766 0.003991 0.045772
v -0.010748 0.003966 0.045790
v -0.012003 0.003932 0.046474
v -0.011878 0.003932 0.046458
v -0.011982 0.004000 0.046439
v -0.011962 0.003932 0.046478
v -0.011997 0.003966 0.046470
v -0.011961 0.003964 0.046474
v -0.011905 0.003965 0.046462
v -0.011917 0.003932 0.046472
v -0.011932 0.003964 0.046472
v -0.011989 0.003990 0.046457
v -0.011943 0.003990 0.046455
v -0.011955 0.003983 0.046467
v -0.012942 0.003932 0.046172
v -0.012842 0.003932 0.046250
v -0.012823 0.004000 0.046215
v -0.012916 0.003932 0.046204
v -0.012918 0.003965 0.046190
v -0.012900 0.003964 0.046212
v -0.012837 0.003966 0.046245
v -0.012879 0.003932 0.046232
v -0.012874 0.003964 0.046230
v -0.012875 0.003990 0.046206
v -0.012830 0.003990 0.046232
v -0.012873 0.003982 0.046221
v -0.013596 0.003932 0.045032
v -0.013530 0.004000 0.044982
v -0.013587 0.003966 0.045026
v -0.013563 0.003991 0.045007
v -0.013955 0.003932 0.039866
v -0.013887 0.003932 0.039959
v -0.013825 0.004000 0.039842
v -0.013923 0.003932 0.039888
v -0.013918 0.003965 0.039869
v -0.013903 0.003964 0.039886
v -0.013879 0.003965 0.039922
v -0.013899 0.003932 0.039922
v -0.013890 0.003964 0.039903
v -0.013871 0.003990 0.039861
v -0.013857 0.003990 0.039880
v -0.013881 0.003982 0.039883
v -0.016165 0.003932 0.039025
v -0.016138 0.004000 0.038961
v -0.016161 0.003966 0.039016
v -0.016151 0.003991 0.038993
v -0.018435 0.003932 0.038075
v -0.018322 0.003932 0.038057
v -0.018397 0.004000 0.037949
v -0.018401 0.003932 0.038057
v -0.018415 0.003965 0.038044
v -0.018394 0.003964 0.038037
v -0.018350 0.003965 0.038034
v -0.018360 0.003932 0.038050
v -0.018373 0.003964 0.038034
v -0.018401 0.003990 0.037998
v -0.018378 0.003990 0.037994
v -0.018386 0.003982 0.038017
v -0.022262 0.004000 0.041395
v -0.022229 0.003932 0.041457
v -0.022246 0.003991 0.041426
v -0.022233 0.003966 0.041448
v -0.023623 0.003932 0.041784
v -0.023497 0.003932 0.041800
v -0.023593 0.004000 0.041755
v -0.023584 0.003932 0.041798
v -0.023616 0.003966 0.041781
v -0.023582 0.003964 0.041795
v -0.023525 0.003965 0.041797
v -0.023538 0.003932 0.041804
v -0.023553 0.003964 0.041800
v -0.023605 0.003990 0.041771
v -0.023559 0.003990 0.041781
v -0.023574 0.003983 0.041790
v -0.024452 0.003932 0.041249
v -0.024375 0.003932 0.041350
v -0.024347 0.004000 0.041321
v -0.024434 0.003932 0.041287
v -0.024433 0.003965 0.041273
v -0.024421 0.003964 0.041299
v -0.024368 0.003966 0.041347
v -0.024406 0.003932 0.041323
v -0.024401 0.003964 0.041322
v -0.024395 0.003990 0.041299
v -0.024358 0.003990 0.041336
v -0.024397 0.003982 0.041314
v -0.024788 0.003932 0.039979
v -0.024712 0.004000 0.039948
v -0.024778 0.003966 0.039975
v -0.024750 0.003991 0.039963
v -0.023798 0.003932 0.034896
v -0.023756 0.003932 0.035003
v -0.023666 0.004000 0.034906
v -0.023773 0.003932 0.034925
v -0.023763 0.003965 0.034909
v -0.023752 0.003964 0.034928
v -0.023739 0.003965 0.034970
v -0.023758 0.003932 0.034964
v -0.023744 0.003964 0.034948
v -0.023715 0.003990 0.034912
v -0.023706 0.003990 0.034935
v -0.023730 0.003982 0.034931
v -0.025714 0.003932 0.033511
v -0.025672 0.004000 0.033457
v -0.025708 0.003966 0.033504
v -0.025693 0.003991 0.033484
v -0.027662 0.003932 0.032006
v -0.027547 0.003932 0.032019
v -0.027592 0.004000 0.031894
v -0.027624 0.003932 0.031998
v -0.027634 0.003965 0.031981
v -0.027612 0.003964 0.031981
v -0.027569 0.003965 0.031988
v -0.027582 0.003932 0.032002
v -0.027591 0.003964 0.031983
v -0.027609 0.003990 0.031940
v -0.027585 0.003990 0.031943
v -0.027599 0.003982 0.031963
v -0.032217 0.004000 0.034222
v -0.032201 0.003932 0.034291
v -0.032209 0.003991 0.034256
v -0.032203 0.003966 0.034282
v -0.033632 0.003932 0.034246
v -0.033515 0.003932 0.034294
v -0.033596 0.004000 0.034226
v -0.033599 0.003932 0.034270
v -0.033625 0.003966 0.034245
v -0.033596 0.003964 0.034267
v -0.033541 0.003965 0.034284
v -0.033556 0.003932 0.034287
v -0.033569 0.003964 0.034280
v -0.033611 0.003990 0.034238
v -0.033570 0.003990 0.034260
v -0.033586 0.003983 0.034264
v -0.034294 0.003932 0.033515
v -0.034246 0.003932 0.033632
v -0.034212 0.004000 0.033612
v -0.034287 0.003932 0.033556
v -0.034283 0.003965 0.033543
v -0.034278 0.003964 0.033571
v -0.034239 0.003966 0.033631
v -0.034270 0.003932 0.033599
v -0.034264 0.003964 0.033599
v -0.034253 0.003990 0.033578
v -0.034227 0.003990 0.033623
v -0.034259 0.003982 0.033592
v -0.034291 0.003932 0.032201
v -0.034209 0.004000 0.032191
v -0.034280 0.003966 0.032200
v -0.034250 0.003991 0.032196
v -0.032019 0.003932 0.027547
v -0.032006 0.003932 0.027662
v -0.031894 0.004000 0.027592
v -0.032002 0.003932 0.027582
v -0.031988 0.003965 0.027569
v -0.031983 0.003964 0.027591
v -0.031981 0.003965 0.027634
v -0.031998 0.003932 0.027624
v -0.031981 0.003964 0.027612
v -0.031943 0.003990 0.027585
v -0.031940 0.003990 0.027609
v -0.031963 0.003982 0.027599
v -0.033511 0.003932 0.025714
v -0.033457 0.004000 0.025672
v -0.033504 0.003966 0.025708
v -0.033484 0.003991 0.025693
v -0.035003 0.003932 0.023756
v -0.034896 0.003932 0.023798
v -0.034906 0.004000 0.023666
v -0.034964 0.003932 0.023758
v -0.034970 0.003965 0.023739
v -0.034948 0.003964 0.023745
v -0.034909 0.003965 0.023763
v -0.034925 0.003932 0.023773
v -0.034928 0.003964 0.023752
v -0.034935 0.003990 0.023706
v -0.034912 0.003990 0.023715
v -0.034931 0.003982 0.023730
v -0.039979 0.003932 0.024788
v -0.040053 0.004000 0.024733
v -0.039989 0.003966 0.024781
v -0.040016 0.003991 0.024761
v -0.041350 0.003932 0.024375
v -0.041249 0.003932 0.024452
v -0.041226 0.004000 0.024424
v -0.041323 0.003932 0.024406
v -0.041325 0.003965 0.024394
v -0.041307 0.003964 0.024416
v -0.041241 0.003966 0.024448
v -0.041287 0.003932 0.024434
v -0.041281 0.003965 0.024433
v -0.041280 0.003990 0.024413
v -0.041233 0.003990 0.024438
v -0.041278 0.003983 0.024426
v -0.041800 0.003932 0.023497
v -0.041784 0.003932 0.023623
v -0.041740 0.004000 0.023535
v -0.041810 0.003932 0.023542
v -0.041787 0.003966 0.023498
v -0.041796 0.003964 0.023542
v -0.041773 0.003966 0.023607
v -0.041804 0.003932 0.023588
v -0.041792 0.003964 0.023574
v -0.041765 0.003991 0.023512
v -0.041757 0.003991 0.023575
v -0.041781 0.003982 0.023552
v -0.041457 0.003932 0.022229
v -0.041395 0.004000 0.022262
v -0.041448 0.003966 0.022233
v -0.041426 0.003991 0.022246
v -0.038057 0.003932 0.018322
v -0.038075 0.003932 0.018435
v -0.037949 0.004000 0.018397
v -0.038050 0.003932 0.018360
v -0.038034 0.003965 0.018350
v -0.038034 0.003964 0.018373
v -0.038044 0.003965 0.018415
v -0.038057 0.003932 0.018401
v -0.038037 0.003964 0.018394
v -0.037994 0.003990 0.018378
v -0.037998 0.003990 0.018401
v -0.038017 0.003982 0.018386
v -0.039025 0.003932 0.016165
v -0.038961 0.004000 0.016138
v -0.039016 0.003966 0.016161
v -0.038993 0.003991 0.016151
v -0.039959 0.003932 0.013887
v -0.039866 0.003932 0.013955
v -0.039842 0.004000 0.013825
v -0.039922 0.003932 0.013899
v -0.039922 0.003965 0.013879
v -0.039903 0.003964 0.013890
v -0.039869 0.003965 0.013918
v -0.039888 0.003932 0.013923
v -0.039886 0.003964 0.013903
v -0.039880 0.003990 0.013857
v -0.039861 0.003990 0.013871
v -0.039883 0.003982 0.013881
v -0.045032 0.003932 0.013596
v -0.045012 0.004000 0.013529
v -0.045030 0.003966 0.013587
v -0.045022 0.003991 0.013562
v -0.046250 0.003932 0.012842
v -0.046172 0.003932 0.012942
v -0.046173 0.004000 0.012863
v -0.046236 0.003932 0.012882
v -0.046236 0.003966 0.012842
v -0.046223 0.003964 0.012881
v -0.046169 0.003966 0.012929
v -0.046208 0.003932 0.012919
v -0.046203 0.003964 0.012907
v -0.046208 0.003991 0.012850
v -0.046170 0.003991 0.012900
v -0.046203 0.003982 0.012886
v -0.046458 0.003932 0.011878
v -0.046474 0.003932 0.012003
v -0.046418 0.004000 0.011947
v -0.046476 0.003932 0.011916
v -0.046448 0.003966 0.011888
v -0.046467 0.003964 0.011924
v -0.046463 0.003966 0.011996
v -0.046482 0.003932 0.011962
v -0.046471 0.003964 0.011956
v -0.046434 0.003991 0.011913
v -0.046442 0.003991 0.011976
v -0.046456 0.003982 0.011942
v -0.045797 0.003932 0.010742
v -0.045746 0.004000 0.010790
v -0.045790 0.003966 0.010748
v -0.045772 0.003991 0.010766
v -0.041503 0.003932 0.007847
v -0.041549 0.003932 0.007953
v -0.041417 0.004000 0.007948
v -0.041506 0.003932 0.007886
v -0.041487 0.003965 0.007881
v -0.041493 0.003964 0.007903
v -0.041514 0.003965 0.007941
v -0.041523 0.003932 0.007924
v -0.041502 0.003964 0.007922
v -0.041456 0.003990 0.007918
v -0.041466 0.003990 0.007940
v -0.041480 0.003982 0.007920
v -0.041879 0.003932 0.005513
v -0.041811 0.004000 0.005505
v -0.041870 0.003966 0.005512
v -0.041845 0.003991 0.005509
v -0.042192 0.003932 0.003072
v -0.042120 0.003932 0.003162
v -0.042063 0.004000 0.003042
v -0.042159 0.003932 0.003093
v -0.042154 0.003965 0.003074
v -0.042138 0.003964 0.003089
v -0.042113 0.003965 0.003125
v -0.042133 0.003932 0.003125
v -0.042125 0.003964 0.003106
v -0.042108 0.003990 0.003063
v -0.042093 0.003990 0.003082
v -0.042117 0.003982 0.003086
v -0.047017 0.003932 0.001478
v -0.046980 0.004000 0.001418
v -0.047012 0.003966 0.001470
v -0.046998 0.003991 0.001448
v -0.047997 0.003932 0.000434
v -0.047949 0.003932 0.000551
v -0.047929 0.004000 0.000474
v -0.047995 0.003932 0.000476
v -0.047985 0.003966 0.000438
v -0.047982 0.003964 0.000479
v -0.047942 0.003966 0.000539
v -0.047977 0.003932 0.000519
v -0.047969 0.003964 0.000509
v -0.047959 0.003991 0.000453
v -0.047935 0.003991 0.000511
v -0.047964 0.003982 0.000489
v -0.047949 0.003932 -0.000551
v -0.047997 0.003932 -0.000434
v -0.047929 0.004000 -0.000474
v -0.047977 0.003932 -0.000519
v -0.047942 0.003966 -0.000539
v -0.047969 0.003964 -0.000509
v -0.047985 0.003966 -0.000438
v -0.047995 0.003932 -0.000476
v -0.047982 0.003964 -0.000479
v -0.047935 0.003991 -0.000511
v -0.047959 0.003991 -0.000453
v -0.047964 0.003982 -0.000489
v -0.047017 0.003932 -0.001478
v -0.046980 0.004000 -0.001418
v -0.047012 0.003966 -0.001470
v -0.046998 0.003991 -0.001448
v -0.042120 0.003932 -0.003162
v -0.042192 0.003932 -0.003072
v -0.042063 0.004000 -0.003042
v -0.042133 0.003932 -0.003125
v -0.042113 0.003965 -0.003125
v -0.042125 0.003964 -0.003106
v -0.042154 0.003965 -0.003074
v -0.042159 0.003932 -0.003093
v -0.042138 0.003964 -0.003089
v -0.042093 0.003990 -0.003082
v -0.042108 0.003990 -0.003063
v -0.042117 0.003982 -0.003086
v -0.041879 0.003932 -0.005513
v -0.041811 0.004000 -0.005505
v -0.041870 0.003966 -0.005512
v -0.041845 0.003991 -0.005509
v -0.041549 0.003932 -0.007953
v -0.041503 0.003932 -0.007847
v -0.041417 0.004000 -0.007948
v -0.041523 0.003932 -0.007924
v -0.041514 0.003965 -0.007941
v -0.041502 0.003964 -0.007922
v -0.041487 0.003965 -0.007881
v -0.041506 0.003932 -0.007886
v -0.041493 0.003964 -0.007903
v -0.041466 0.003990 -0.007940
v -0.041456 0.003990 -0.007918
v -0.041480 0.003982 -0.007920
v -0.045797 0.003932 -0.010742
v -0.045746 0.004000 -0.010790
v -0.045790 0.003966 -0.010748
v -0.045772 0.003991 -0.010766
v -0.046474 0.003932 -0.012003
v -0.046458 0.003932 -0.011878
v -0.046418 0.004000 -0.011947
v -0.046482 0.003932 -0.011962
v -0.046463 0.003966 -0.011996
v -0.046471 0.003964 -0.011956
v -0.046448 0.003966 -0.011888
v -0.046476 0.003932 -0.011916
v -0.046467 0.003964 -0.011924
v -0.046442 0.003991 -0.011976
v -0.046434 0.003991 -0.011913
v -0.046456 0.003982 -0.011942
v -0.046172 0.003932 -0.012942
v -0.046250 0.003932 -0.012842
v -0.046173 0.004000 -0.012863
v -0.046208 0.003932 -0.012919
v -0.046169 0.003966 -0.012929
v -0.046203 0.003964 -0.012907
v -0.046236 0.003966 -0.012842
v -0.046236 0.003932 -0.012882
v -0.046223 0.003964 -0.012881
v -0.046170 0.003991 -0.012900
v -0.046208 0.003991 -0.012850
v -0.046203 0.003982 -0.012886
v -0.045032 0.003932 -0.013596
v -0.045012 0.004000 -0.013529
v -0.045030 0.003966 -0.013587
v -0.045022 0.003991 -0.013562
v -0.039866 0.003932 -0.013955
v -0.039959 0.003932 -0.013887
v -0.039842 0.004000 -0.013825
v -0.039888 0.003932 -0.013923
v -0.039869 0.003965 -0.013918
v -0.039886 0.003964 -0.013903
v -0.039922 0.003965 -0.013879
v -0.039922 0.003932 -0.013899
v -0.039903 0.003964 -0.013890
v -0.039861 0.003990 -0.013871
v -0.039880 0.003990 -0.013857
v -0.039883 0.003982 -0.013881
v -0.039025 0.003932 -0.016165
v -0.038961 0.004000 -0.016138
v -0.039016 0.003966 -0.016161
v -0.038993 0.003991 -0.016151
v -0.038075 0.003932 -0.018435
v -0.038057 0.003932 -0.018322
v -0.037949 0.004000 -0.018397
v -0.038057 0.003932 -0.018401
v -0.038044 0.003965 -0.018415
v -0.038037 0.003964 -0.018394
v -0.038034 0.003965 -0.018350
v -0.038050 0.003932 -0.018360
v -0.038034 0.003964 -0.018373
v -0.037998 0.003990 -0.018401
v -0.037994 0.003990 -0.018378
v -0.038017 0.003982 -0.018386
v -0.041457 0.003932 -0.022229
v -0.041395 0.004000 -0.022262
v -0.041448 0.003966 -0.022233
v -0.041426 0.003991 -0.022246
v -0.041784 0.003932 -0.023623
v -0.041800 0.003932 -0.023497
v -0.041740 0.004000 -0.023535
v -0.041798 0.003932 -0.023584
v -0.041781 0.003965 -0.023603
v -0.041794 0.003964 -0.023573
v -0.041792 0.003965 -0.023506
v -0.041804 0.003932 -0.023538
v -0.041797 0.003964 -0.023542
v -0.041765 0.003990 -0.023572
v -0.041770 0.003990 -0.023520
v -0.041785 0.003982 -0.023553
v -0.041249 0.003932 -0.024452
v -0.041350 0.003932 -0.024375
v -0.041226 0.004000 -0.024424
v -0.041287 0.003932 -0.024434
v -0.041241 0.003966 -0.024448
v -0.041281 0.003965 -0.024433
v -0.041325 0.003965 -0.024394
v -0.041323 0.003932 -0.024406
v -0.041307 0.003964 -0.024416
v -0.041233 0.003990 -0.024438
v -0.041280 0.003990 -0.024413
v -0.041278 0.003983 -0.024426
v -0.040053 0.004000 -0.024733
v -0.039979 0.003932 -0.024788
v -0.040016 0.003991 -0.024761
v -0.039989 0.003966 -0.024781
v -0.034896 0.003932 -0.023798
v -0.035003 0.003932 -0.023756
v -0.034906 0.004000 -0.023666
v -0.034925 0.003932 -0.023773
v -0.034909 0.003965 -0.023763
v -0.034928 0.003964 -0.023752
v -0.034970 0.003965 -0.023739
v -0.034964 0.003932 -0.023758
v -0.034948 0.003964 -0.023744
v -0.034912 0.003990 -0.023715
v -0.034935 0.003990 -0.023706
v -0.034931 0.003982 -0.023730
v -0.033511 0.003932 -0.025714
v -0.033457 0.004000 -0.025672
v -0.033504 0.003966 -0.025708
v -0.033484 0.003991 -0.025693
v -0.032006 0.003932 -0.027662
v -0.032019 0.003932 -0.027547
v -0.031897 0.004000 -0.027588
v -0.031998 0.003932 -0.027624
v -0.031981 0.003965 -0.027632
v -0.031981 0.003964 -0.027611
v -0.031989 0.003965 -0.027568
v -0.032002 0.003932 -0.027582
v -0.031983 0.003964 -0.027590
v -0.031941 0.003990 -0.027605
v -0.031945 0.003990 -0.027582
v -0.031963 0.003982 -0.027597
v -0.034291 0.003932 -0.032201
v -0.034218 0.004000 -0.032199
v -0.034281 0.003966 -0.032201
v -0.034254 0.003991 -0.032200
v -0.034246 0.003932 -0.033632
v -0.034294 0.003932 -0.033515
v -0.034222 0.004000 -0.033560
v -0.034275 0.003932 -0.033600
v -0.034239 0.003966 -0.033622
v -0.034266 0.003964 -0.033591
v -0.034280 0.003966 -0.033520
v -0.034292 0.003932 -0.033557
v -0.034279 0.003964 -0.033560
v -0.034230 0.003991 -0.033595
v -0.034254 0.003991 -0.033537
v -0.034260 0.003982 -0.033572
v -0.033632 0.003932 -0.034246
v -0.033526 0.004000 -0.034256
v -0.033515 0.003932 -0.034294
v -0.033607 0.003965 -0.034258
v -0.033599 0.003932 -0.034270
v -0.033584 0.003964 -0.034274
v -0.033523 0.003990 -0.034274
v -0.033568 0.003990 -0.034261
v -0.033560 0.003983 -0.034275
v -0.033556 0.003932 -0.034287
v -0.033520 0.003966 -0.034289
v -0.033556 0.003964 -0.034284
v -0.032311 0.004000 -0.034254
v -0.032201 0.003932 -0.034291
v -0.032256 0.003991 -0.034272
v -0.032216 0.003966 -0.034286
v -0.027662 0.003932 -0.032006
v -0.027603 0.004000 -0.031885
v -0.027547 0.003932 -0.032019
v -0.027640 0.003965 -0.031982
v -0.027624 0.003932 -0.031998
v -0.027615 0.003964 -0.031980
v -0.027593 0.003990 -0.031937
v -0.027619 0.003990 -0.031938
v -0.027605 0.003982 -0.031960
v -0.027582 0.003932 -0.032002
v -0.027572 0.003965 -0.031985
v -0.027593 0.003964 -0.031981
v -0.025714 0.003932 -0.033511
v -0.025672 0.004000 -0.033457
v -0.025708 0.003966 -0.033504
v -0.025693 0.003991 -0.033484
v -0.023756 0.003932 -0.035003
v -0.023798 0.003932 -0.034896
v -0.023670 0.004000 -0.034903
v -0.023758 0.003932 -0.034964
v -0.023739 0.003965 -0.034968
v -0.023745 0.003964 -0.034947
v -0.023764 0.003965 -0.034908
v -0.023773 0.003932 -0.034925
v -0.023753 0.003964 -0.034928
v -0.023708 0.003990 -0.034931
v -0.023718 0.003990 -0.034910
v -0.023732 0.003982 -0.034930
v -0.024788 0.003932 -0.039979
v -0.024718 0.004000 -0.039958
v -0.024779 0.003966 -0.039976
v -0.024753 0.003991 -0.039968
v -0.024375 0.003932 -0.041350
v -0.024452 0.003932 -0.041249
v -0.024370 0.004000 -0.041273
v -0.024411 0.003932 -0.041326
v -0.024370 0.003966 -0.041338
v -0.024405 0.003964 -0.041315
v -0.024437 0.003966 -0.041251
v -0.024439 0.003932 -0.041289
v -0.024425 0.003964 -0.041289
v -0.024368 0.003991 -0.041310
v -0.024407 0.003991 -0.041260
v -0.024404 0.003982 -0.041295
v -0.023623 0.003932 -0.041784
v -0.023517 0.004000 -0.041766
v -0.023497 0.003932 -0.041800
v -0.023595 0.003965 -0.041788
v -0.023584 0.003932 -0.041798
v -0.023569 0.003964 -0.041798
v -0.023510 0.003990 -0.041783
v -0.023557 0.003990 -0.041782
v -0.023545 0.003983 -0.041793
v -0.023538 0.003932 -0.041804
v -0.023503 0.003966 -0.041796
v -0.023539 0.003964 -0.041801
v -0.022345 0.004000 -0.041449
v -0.022229 0.003932 -0.041457
v -0.022287 0.003991 -0.041453
v -0.022244 0.003966 -0.041456
v -0.018435 0.003932 -0.038075
v -0.018410 0.004000 -0.037943
v -0.018322 0.003932 -0.038057
v -0.018420 0.003965 -0.038046
v -0.018401 0.003932 -0.038057
v -0.018397 0.003964 -0.038038
v -0.018387 0.003990 -0.037990
v -0.018411 0.003990 -0.037998
v -0.018392 0.003982 -0.038016
v -0.018360 0.003932 -0.038050
v -0.018355 0.003965 -0.038032
v -0.018375 0.003964 -0.038033
v -0.016165 0.003932 -0.039025
v -0.016138 0.004000 -0.038961
v -0.016161 0.003966 -0.039016
v -0.016151 0.003991 -0.038993
v -0.013887 0.003932 -0.039959
v -0.013955 0.003932 -0.039866
v -0.013825 0.004000 -0.039842
v -0.013899 0.003932 -0.039922
v -0.013879 0.003965 -0.039922
v -0.013890 0.003964 -0.039903
v -0.013918 0.003965 -0.039869
v -0.013923 0.003932 -0.039888
v -0.013903 0.003964 -0.039886
v -0.013857 0.003990 -0.039880
v -0.013871 0.003990 -0.039861
v -0.013881 0.003982 -0.039883
v -0.013596 0.003932 -0.045032
v -0.013530 0.004000 -0.044982
v -0.013587 0.003966 -0.045026
v -0.013563 0.003991 -0.045007
v -0.012842 0.003932 -0.046250
v -0.012942 0.003932 -0.046172
v -0.012823 0.004000 -0.046215
v -0.012879 0.003932 -0.046232
v -0.012837 0.003966 -0.046245
v -0.012874 0.003964 -0.046230
v -0.012918 0.003965 -0.046190
v -0.012916 0.003932 -0.046204
v -0.012900 0.003964 -0.046212
v -0.012830 0.003990 -0.046232
v -0.012875 0.003990 -0.046206
v -0.012873 0.003982 -0.046221
v -0.012003 0.003932 -0.046474
v -0.011982 0.004000 -0.046439
v -0.011878 0.003932 -0.046458
v -0.012007 0.003966 -0.046469
v -0.011955 0.003932 -0.046479
v -0.011961 0.003964 -0.046474
v -0.011937 0.003991 -0.046448
v -0.012000 0.003991 -0.046456
v -0.011956 0.003982 -0.046464
v -0.011909 0.003932 -0.046473
v -0.011899 0.003966 -0.046455
v -0.011929 0.003964 -0.046469
v -0.010790 0.004000 -0.045746
v -0.010742 0.003932 -0.045797
v -0.010766 0.003991 -0.045772
v -0.010748 0.003966 -0.045790
v -0.007953 0.003932 -0.041549
v -0.007948 0.004000 -0.041417
v -0.007847 0.003932 -0.041503
v -0.007941 0.003965 -0.041514
v -0.007924 0.003932 -0.041523
v -0.007922 0.003964 -0.041502
v -0.007918 0.003990 -0.041456
v -0.007940 0.003990 -0.041466
v -0.007920 0.003982 -0.041480
v -0.007886 0.003932 -0.041506
v -0.007881 0.003965 -0.041487
v -0.007903 0.003964 -0.041493
v -0.005513 0.003932 -0.041879
v -0.005505 0.004000 -0.041811
v -0.005512 0.003966 -0.041870
v -0.005509 0.003991 -0.041845
v -0.003072 0.003932 -0.042192
v -0.003162 0.003932 -0.042120
v -0.003042 0.004000 -0.042063
v -0.003093 0.003932 -0.042159
v -0.003074 0.003965 -0.042154
v -0.003089 0.003964 -0.042138
v -0.003125 0.003965 -0.042113
v -0.003125 0.003932 -0.042133
v -0.003106 0.003964 -0.042125
v -0.003063 0.003990 -0.042108
v -0.003082 0.003990 -0.042093
v -0.003086 0.003982 -0.042117
v -0.001478 0.003932 -0.047017
v -0.001418 0.004000 -0.046980
v -0.001470 0.003966 -0.047012
v -0.001448 0.003991 -0.046998
v -0.000551 0.003932 -0.047949
v -0.000446 0.004000 -0.047958
v -0.000434 0.003932 -0.047997
v -0.000526 0.003965 -0.047960
v -0.000517 0.003932 -0.047973
v -0.000503 0.003964 -0.047976
v -0.000443 0.003990 -0.047977
v -0.000487 0.003990 -0.047963
v -0.000479 0.003983 -0.047978
v -0.000475 0.003932 -0.047990
v -0.000439 0.003966 -0.047991
v -0.000475 0.003964 -0.047986
v 0.000434 0.003932 -0.047997
v 0.000425 0.004000 -0.047959
v 0.000551 0.003932 -0.047949
v 0.000430 0.003966 -0.047991
v 0.000475 0.003932 -0.047990
v 0.000471 0.003964 -0.047987
v 0.000477 0.003990 -0.047963
v 0.000427 0.003990 -0.047977
v 0.000472 0.003982 -0.047978
v 0.000517 0.003932 -0.047973
v 0.000523 0.003965 -0.047960
v 0.000500 0.003964 -0.047976
v 0.001427 0.004000 -0.046951
v 0.001478 0.003932 -0.047017
v 0.001452 0.003991 -0.046984
v 0.001471 0.003966 -0.047008
v 0.003072 0.003932 -0.042192
v 0.003042 0.004000 -0.042063
v 0.003162 0.003932 -0.042120
v 0.003074 0.003965 -0.042154
v 0.003093 0.003932 -0.042159
v 0.003089 0.003964 -0.042138
v 0.003082 0.003990 -0.042093
v 0.003063 0.003990 -0.042108
v 0.003086 0.003982 -0.042117
v 0.003125 0.003932 -0.042133
v 0.003125 0.003965 -0.042113
v 0.003106 0.003964 -0.042125
v 0.005505 0.004000 -0.041811
v 0.005513 0.003932 -0.041879
v 0.005509 0.003991 -0.041845
v 0.005512 0.003966 -0.041870
v 0.007953 0.003932 -0.041549
v 0.007847 0.003932 -0.041503
v 0.007948 0.004000 -0.041417
v 0.007924 0.003932 -0.041523
v 0.007941 0.003965 -0.041514
v 0.007922 0.003964 -0.041502
v 0.007881 0.003965 -0.041487
v 0.007886 0.003932 -0.041506
v 0.007903 0.003964 -0.041493
v 0.007940 0.003990 -0.041466
v 0.007918 0.003990 -0.041456
v 0.007920 0.003982 -0.041480
v 0.010742 0.003932 -0.045797
v 0.010790 0.004000 -0.045746
v 0.010748 0.003966 -0.045790
v 0.010766 0.003991 -0.045772
v 0.011878 0.003932 -0.046458
v 0.011982 0.004000 -0.046439
v 0.012003 0.003932 -0.046474
v 0.011905 0.003965 -0.046462
v 0.011917 0.003932 -0.046472
v 0.011932 0.003964 -0.046472
v 0.011989 0.003990 -0.046457
v 0.011943 0.003990 -0.046455
v 0.011955 0.003983 -0.046467
v 0.011962 0.003932 -0.046478
v 0.011997 0.003966 -0.046470
v 0.011961 0.003964 -0.046474
v 0.012842 0.003932 -0.046250
v 0.012823 0.004000 -0.046215
v 0.012942 0.003932 -0.046172
v 0.012837 0.003966 -0.046245
v 0.012879 0.003932 -0.046232
v 0.012874 0.003964 -0.046230
v 0.012875 0.003990 -0.046206
v 0.012830 0.003990 -0.046232
v 0.012873 0.003982 -0.046221
v 0.012916 0.003932 -0.046204
v 0.012918 0.003965 -0.046190
v 0.012900 0.003964 -0.046212
v 0.013530 0.004000 -0.044982
v 0.013596 0.003932 -0.045032
v 0.013563 0.003991 -0.045007
v 0.013587 0.003966 -0.045026
v 0.013887 0.003932 -0.039959
v 0.013825 0.004000 -0.039842
v 0.013955 0.003932 -0.039866
v 0.013879 0.003965 -0.039922
v 0.013899 0.003932 -0.039922
v 0.013890 0.003964 -0.039903
v 0.013871 0.003990 -0.039861
v 0.013857 0.003990 -0.039880
v 0.013881 0.003982 -0.039883
v 0.013923 0.003932 -0.039888
v 0.013918 0.003965 -0.039869
v 0.013903 0.003964 -0.039886
v 0.016138 0.004000 -0.038961
v 0.016165 0.003932 -0.039025
v 0.016151 0.003991 -0.038993
v 0.016161 0.003966 -0.039016
v 0.018435 0.003932 -0.038075
v 0.018322 0.003932 -0.038057
v 0.018410 0.004000 -0.037943
v 0.018401 0.003932 -0.038057
v 0.018420 0.003965 -0.038046
v 0.018397 0.003964 -0.038038
v 0.018355 0.003965 -0.038032
v 0.018360 0.003932 -0.038050
v 0.018375 0.003964 -0.038033
v 0.018411 0.003990 -0.037998
v 0.018387 0.003990 -0.037990
v 0.018392 0.003982 -0.038016
v 0.022229 0.003932 -0.041457
v 0.022345 0.004000 -0.041449
v 0.022244 0.003966 -0.041456
v 0.022287 0.003991 -0.041453
v 0.023497 0.003932 -0.041800
v 0.023517 0.004000 -0.041766
v 0.023623 0.003932 -0.041784
v 0.023493 0.003966 -0.041796
v 0.023545 0.003932 -0.041805
v 0.023539 0.003964 -0.041800
v 0.023563 0.003991 -0.041775
v 0.023500 0.003991 -0.041783
v 0.023545 0.003982 -0.041791
v 0.023591 0.003932 -0.041799
v 0.023601 0.003966 -0.041782
v 0.023572 0.003964 -0.041796
v 0.024375 0.003932 -0.041350
v 0.024370 0.004000 -0.041273
v 0.024452 0.003932 -0.041249
v 0.024379 0.003965 -0.041336
v 0.024406 0.003932 -0.041323
v 0.024406 0.003964 -0.041315
v 0.024408 0.003990 -0.041268
v 0.024378 0.003990 -0.041308
v 0.024407 0.003982 -0.041297
v 0.024434 0.003932 -0.041287
v 0.024438 0.003965 -0.041260
v 0.024425 0.003964 -0.041291
v 0.024718 0.004000 -0.039958
v 0.024788 0.003932 -0.039979
v 0.024753 0.003991 -0.039968
v 0.024779 0.003966 -0.039976
v 0.023756 0.003932 -0.035003
v 0.023670 0.004000 -0.034903
v 0.023798 0.003932 -0.034896
v 0.023739 0.003965 -0.034968
v 0.023758 0.003932 -0.034964
v 0.023745 0.003964 -0.034947
v 0.023718 0.003990 -0.034910
v 0.023708 0.003990 -0.034931
v 0.023732 0.003982 -0.034930
v 0.023773 0.003932 -0.034925
v 0.023764 0.003965 -0.034908
v 0.023753 0.003964 -0.034928
v 0.025672 0.004000 -0.033457
v 0.025714 0.003932 -0.033511
v 0.025693 0.003991 -0.033484
v 0.025708 0.003966 -0.033504
v 0.027662 0.003932 -0.032006
v 0.027547 0.003932 -0.032019
v 0.027603 0.004000 -0.031885
v 0.027624 0.003932 -0.031998
v 0.027640 0.003965 -0.031982
v 0.027615 0.003964 -0.031980
v 0.027572 0.003965 -0.031985
v 0.027582 0.003932 -0.032002
v 0.027593 0.003964 -0.031981
v 0.027619 0.003990 -0.031938
v 0.027593 0.003990 -0.031937
v 0.027605 0.003982 -0.031960
v 0.032201 0.003932 -0.034291
v 0.032311 0.004000 -0.034254
v 0.032216 0.003966 -0.034286
v 0.032256 0.003991 -0.034272
v 0.033515 0.003932 -0.034294
v 0.033526 0.004000 -0.034256
v 0.033632 0.003932 -0.034246
v 0.033510 0.003966 -0.034291
v 0.033563 0.003932 -0.034286
v 0.033556 0.003964 -0.034283
v 0.033572 0.003991 -0.034253
v 0.033514 0.003991 -0.034277
v 0.033559 0.003982 -0.034273
v 0.033606 0.003932 -0.034269
v 0.033611 0.003966 -0.034249
v 0.033586 0.003964 -0.034271
v 0.034246 0.003932 -0.033632
v 0.034222 0.004000 -0.033560
v 0.034294 0.003932 -0.033515
v 0.034247 0.003965 -0.033617
v 0.034270 0.003932 -0.033599
v 0.034268 0.003964 -0.033590
v 0.034258 0.003990 -0.033545
v 0.034238 0.003990 -0.033591
v 0.034264 0.003982 -0.033573
v 0.034287 0.003932 -0.033556
v 0.034284 0.003965 -0.033529
v 0.034280 0.003964 -0.033562
v 0.034218 0.004000 -0.032199
v 0.034291 0.003932 -0.032201
v 0.034254 0.003991 -0.032200
v 0.034281 0.003966 -0.032201
v 0.032006 0.003932 -0.027662
v 0.031897 0.004000 -0.027588
v 0.032019 0.003932 -0.027547
v 0.031981 0.003965 -0.027632
v 0.031998 0.003932 -0.027624
v 0.031981 0.003964 -0.027611
v 0.031945 0.003990 -0.027582
v 0.031941 0.003990 -0.027605
v 0.031963 0.003982 -0.027597
v 0.032002 0.003932 -0.027582
v 0.031989 0.003965 -0.027568
v 0.031983 0.003964 -0.027590
v 0.033457 0.004000 -0.025672
v 0.033511 0.003932 -0.025714
v 0.033484 0.003991 -0.025693
v 0.033504 0.003966 -0.025708
v 0.034896 0.003932 -0.023798
v 0.034906 0.004000 -0.023666
v 0.035003 0.003932 -0.023756
v 0.034909 0.003965 -0.023763
v 0.034925 0.003932 -0.023773
v 0.034928 0.003964 -0.023752
v 0.034935 0.003990 -0.023706
v 0.034912 0.003990 -0.023715
v 0.034931 0.003982 -0.023730
v 0.034964 0.003932 -0.023758
v 0.034970 0.003965 -0.023739
v 0.034948 0.003964 -0.023745
v 0.040053 0.004000 -0.024733
v 0.039979 0.003932 -0.024788
v 0.040016 0.003991 -0.024761
v 0.039989 0.003966 -0.024781
v 0.041249 0.003932 -0.024452
v 0.041226 0.004000 -0.024424
v 0.041350 0.003932 -0.024375
v 0.041241 0.003966 -0.024448
v 0.041287 0.003932 -0.024434
v 0.041281 0.003965 -0.024433
v 0.041280 0.003990 -0.024413
v 0.041233 0.003990 -0.024438
v 0.041278 0.003983 -0.024426
v 0.041323 0.003932 -0.024406
v 0.041325 0.003965 -0.024394
v 0.041307 0.003964 -0.024416
v 0.041784 0.003932 -0.023623
v 0.041740 0.004000 -0.023535
v 0.041800 0.003932 -0.023497
v 0.041773 0.003966 -0.023607
v 0.041804 0.003932 -0.023588
v 0.041792 0.003964 -0.023574
v 0.041765 0.003991 -0.023512
v 0.041757 0.003991 -0.023575
v 0.041781 0.003982 -0.023552
v 0.041810 0.003932 -0.023542
v 0.041787 0.003966 -0.023498
v 0.041796 0.003964 -0.023542
v 0.041395 0.004000 -0.022262
v 0.041457 0.003932 -0.022229
v 0.041426 0.003991 -0.022246
v 0.041448 0.003966 -0.022233
v 0.038075 0.003932 -0.018435
v 0.037949 0.004000 -0.018397
v 0.038057 0.003932 -0.018322
v 0.038044 0.003965 -0.018415
v 0.038057 0.003932 -0.018401
v 0.038037 0.003964 -0.018394
v 0.037994 0.003990 -0.018378
v 0.037998 0.003990 -0.018401
v 0.038017 0.003982 -0.018386
v 0.038050 0.003932 -0.018360
v 0.038034 0.003965 -0.018350
v 0.038034 0.003964 -0.018373
v 0.038961 0.004000 -0.016138
v 0.039025 0.003932 -0.016165
v 0.038993 0.003991 -0.016151
v 0.039016 0.003966 -0.016161
v 0.039866 0.003932 -0.013955
v 0.039842 0.004000 -0.013825
v 0.039959 0.003932 -0.013887
v 0.039869 0.003965 -0.013918
v 0.039888 0.003932 -0.013923
v 0.039886 0.003964 -0.013903
v 0.039880 0.003990 -0.013857
v 0.039861 0.003990 -0.013871
v 0.039883 0.003982 -0.013881
v 0.039922 0.003932 -0.013899
v 0.039922 0.003965 -0.013879
v 0.039903 0.003964 -0.013890
v 0.045012 0.004000 -0.013529
v 0.045032 0.003932 -0.013596
v 0.045022 0.003991 -0.013562
v 0.045030 0.003966 -0.013587
v 0.046172 0.003932 -0.012942
v 0.046173 0.004000 -0.012863
v 0.046250 0.003932 -0.012842
v 0.046169 0.003966 -0.012929
v 0.046208 0.003932 -0.012919
v 0.046203 0.003964 -0.012907
v 0.046208 0.003991 -0.012850
v 0.046170 0.003991 -0.012900
v 0.046203 0.003982 -0.012886
v 0.046236 0.003932 -0.012882
v 0.046236 0.003966 -0.012842
v 0.046223 0.003964 -0.012881
v 0.046474 0.003932 -0.012003
v 0.046418 0.004000 -0.011947
v 0.046458 0.003932 -0.011878
v 0.046463 0.003966 -0.011996
v 0.046482 0.003932 -0.011962
v 0.046471 0.003964 -0.011956
v 0.046434 0.003991 -0.011913
v 0.046442 0.003991 -0.011976
v 0.046456 0.003982 -0.011942
v 0.046476 0.003932 -0.011916
v 0.046448 0.003966 -0.011888
v 0.046467 0.003964 -0.011924
v 0.045746 0.004000 -0.010790
v 0.045797 0.003932 -0.010742
v 0.045772 0.003991 -0.010766
v 0.045790 0.003966 -0.010748
v 0.041549 0.003932 -0.007953
v 0.041417 0.004000 -0.007948
v 0.041503 0.003932 -0.007847
v 0.041514 0.003965 -0.007941
v 0.041523 0.003932 -0.007924
v 0.041502 0.003964 -0.007922
v 0.041456 0.003990 -0.007918
v 0.041466 0.003990 -0.007940
v 0.041480 0.003982 -0.007920
v 0.041506 0.003932 -0.007886
v 0.041487 0.003965 -0.007881
v 0.041493 0.003964 -0.007903
v 0.041811 0.004000 -0.005505
v 0.041879 0.003932 -0.005513
v 0.041845 0.003991 -0.005509
v 0.041870 0.003966 -0.005512
v 0.042120 0.003932 -0.003162
v 0.042063 0.004000 -0.003042
v 0.042192 0.003932 -0.003072
v 0.042113 0.003965 -0.003125
v 0.042133 0.003932 -0.003125
v 0.042125 0.003964 -0.003106
v 0.042108 0.003990 -0.003063
v 0.042093 0.003990 -0.003082
v 0.042117 0.003982 -0.003086
v 0.042159 0.003932 -0.003093
v 0.042154 0.003965 -0.003074
v 0.042138 0.003964 -0.003089
v 0.046980 0.004000 -0.001418
v 0.047017 0.003932 -0.001478
v 0.046998 0.003991 -0.001448
v 0.047012 0.003966 -0.001470
v 0.047949 0.003932 -0.000551
v 0.047929 0.004000 -0.000474
v 0.047997 0.003932 -0.000434
v 0.047942 0.003966 -0.000539
v 0.047977 0.003932 -0.000519
v 0.047969 0.003964 -0.000509
v 0.047959 0.003991 -0.000453
v 0.047935 0.003991 -0.000511
v 0.047964 0.003982 -0.000489
v 0.047995 0.003932 -0.000476
v 0.047985 0.003966 -0.000438
v 0.047982 0.003964 -0.000479
v 0.047997 0.003932 0.000434
v 0.047929 0.004000 0.000474
v 0.047949 0.003932 0.000551
v 0.047985 0.003966 0.000438
v 0.047995 0.003932 0.000476
v 0.047982 0.003964 0.000479
v 0.047935 0.003991 0.000511
v 0.047959 0.003991 0.000453
v 0.047964 0.003982 0.000489
v 0.047977 0.003932 0.000519
v 0.047943 0.003966 0.000539
v 0.047969 0.003964 0.000509
v 0.046980 0.004000 0.001418
v 0.047017 0.003932 0.001478
v 0.046998 0.003991 0.001448
v 0.047012 0.003966 0.001470
v 0.042192 0.003932 0.003072
v 0.042063 0.004000 0.003042
v 0.042120 0.003932 0.003162
v 0.042154 0.003965 0.003074
v 0.042159 0.003932 0.003093
v 0.042138 0.003964 0.003089
v 0.042093 0.003990 0.003082
v 0.042108 0.003990 0.003063
v 0.042117 0.003982 0.003086
v 0.042133 0.003932 0.003125
v 0.042113 0.003965 0.003125
v 0.042125 0.003964 0.003106
v 0.041811 0.004000 0.005505
v 0.041879 0.003932 0.005513
v 0.041845 0.003991 0.005509
v 0.041870 0.003966 0.005512
v 0.041503 -0.003932 0.007847
v 0.041549 -0.003932 0.007953
v 0.041417 -0.004000 0.007948
v 0.041506 -0.003932 0.007886
v 0.041487 -0.003965 0.007881
v 0.041493 -0.003964 0.007903
v 0.041514 -0.003965 0.007941
v 0.041523 -0.003932 0.007924
v 0.041502 -0.003964 0.007922
v 0.041456 -0.003990 0.007918
v 0.041466 -0.003990 0.007940
v 0.041480 -0.003982 0.007920
v 0.045797 -0.003932 0.010742
v 0.045746 -0.004000 0.010790
v 0.045790 -0.003966 0.010748
v 0.045772 -0.003991 0.010766
v 0.046458 -0.003932 0.011878
v 0.046474 -0.003932 0.012003
v 0.046418 -0.004000 0.011947
v 0.046476 -0.003932 0.011916
v 0.046448 -0.003966 0.011888
v 0.046467 -0.003964 0.011924
v 0.046463 -0.003966 0.011996
v 0.046482 -0.003932 0.011962
v 0.046471 -0.003964 0.011956
v 0.046434 -0.003991 0.011913
v 0.046442 -0.003991 0.011976
v 0.046456 -0.003982 0.011942
v 0.046250 -0.003932 0.012842
v 0.046172 -0.003932 0.012942
v 0.046173 -0.004000 0.012863
v 0.046236 -0.003932 0.012882
v 0.046236 -0.003966 0.012842
v 0.046223 -0.003964 0.012881
v 0.046169 -0.003966 0.012929
v 0.046208 -0.003932 0.012919
v 0.046203 -0.003964 0.012907
v 0.046208 -0.003991 0.012850
v 0.046170 -0.003991 0.012900
v 0.046203 -0.003982 0.012886
v 0.045032 -0.003932 0.013596
v 0.045012 -0.004000 0.013529
v 0.045030 -0.003966 0.013587
v 0.045022 -0.003991 0.013562
v 0.039959 -0.003932 0.013887
v 0.039866 -0.003932 0.013955
v 0.039842 -0.004000 0.013825
v 0.039922 -0.003932 0.013899
v 0.039922 -0.003965 0.013879
v 0.039903 -0.003964 0.013890
v 0.039869 -0.003965 0.013918
v 0.039888 -0.003932 0.013923
v 0.039886 -0.003964 0.013903
v 0.039880 -0.003990 0.013857
v 0.039861 -0.003990 0.013871
v 0.039883 -0.003982 0.013881
v 0.039025 -0.003932 0.016165
v 0.038961 -0.004000 0.016138
v 0.039016 -0.003966 0.016161
v 0.038993 -0.003991 0.016151
v 0.038057 -0.003932 0.018322
v 0.038075 -0.003932 0.018435
v 0.037949 -0.004000 0.018397
v 0.038050 -0.003932 0.018360
v 0.038034 -0.003965 0.018350
v 0.038034 -0.003964 0.018373
v 0.038044 -0.003965 0.018415
v 0.038057 -0.003932 0.018401
v 0.038037 -0.003964 0.018394
v 0.037994 -0.003990 0.018378
v 0.037998 -0.003990 0.018401
v 0.038017 -0.003982 0.018386
v 0.041457 -0.003932 0.022229
v 0.041395 -0.004000 0.022262
v 0.041448 -0.003966 0.022233
v 0.041426 -0.003991 0.022246
v 0.041800 -0.003932 0.023497
v 0.041784 -0.003932 0.023623
v 0.041740 -0.004000 0.023535
v 0.041810 -0.003932 0.023542
v 0.041787 -0.003966 0.023498
v 0.041796 -0.003964 0.023542
v 0.041773 -0.003966 0.023607
v 0.041804 -0.003932 0.023588
v 0.041792 -0.003964 0.023574
v 0.041765 -0.003991 0.023512
v 0.041757 -0.003991 0.023575
v 0.041781 -0.003982 0.023552
v 0.041350 -0.003932 0.024375
v 0.041249 -0.003932 0.024452
v 0.041226 -0.004000 0.024424
v 0.041323 -0.003932 0.024406
v 0.041325 -0.003965 0.024394
v 0.041307 -0.003964 0.024416
v 0.041241 -0.003966 0.024448
v 0.041287 -0.003932 0.024434
v 0.041281 -0.003965 0.024433
v 0.041280 -0.003990 0.024413
v 0.041233 -0.003990 0.024438
v 0.041278 -0.003983 0.024426
v 0.039979 -0.003932 0.024788
v 0.040053 -0.004000 0.024733
v 0.039989 -0.003966 0.024781
v 0.040016 -0.003991 0.024761
v 0.034896 -0.003932 0.023798
v 0.034906 -0.004000 0.023666
v 0.035003 -0.003932 0.023756
v 0.034909 -0.003965 0.023763
v 0.034925 -0.003932 0.023773
v 0.034928 -0.003964 0.023752
v 0.034935 -0.003990 0.023706
v 0.034912 -0.003990 0.023715
v 0.034931 -0.003982 0.023730
v 0.034964 -0.003932 0.023758
v 0.034970 -0.003965 0.023739
v 0.034948 -0.003964 0.023745
v 0.033511 -0.003932 0.025714
v 0.033457 -0.004000 0.025672
v 0.033504 -0.003966 0.025708
v 0.033484 -0.003991 0.025693
v 0.032019 -0.003932 0.027547
v 0.032006 -0.003932 0.027662
v 0.031894 -0.004000 0.027592
v 0.032002 -0.003932 0.027582
v 0.031988 -0.003965 0.027569
v 0.031983 -0.003964 0.027591
v 0.031981 -0.003965 0.027634
v 0.031998 -0.003932 0.027624
v 0.031981 -0.003964 0.027612
v 0.031943 -0.003990 0.027585
v 0.031940 -0.003990 0.027609
v 0.031963 -0.003982 0.027599
v 0.034291 -0.003932 0.032201
v 0.034209 -0.004000 0.032191
v 0.034280 -0.003966 0.032200
v 0.034250 -0.003991 0.032196
v 0.034294 -0.003932 0.033515
v 0.034246 -0.003932 0.033632
v 0.034212 -0.004000 0.033612
v 0.034287 -0.003932 0.033556
v 0.034283 -0.003965 0.033543
v 0.034278 -0.003964 0.033571
v 0.034239 -0.003966 0.033631
v 0.034270 -0.003932 0.033599
v 0.034264 -0.003964 0.033599
v 0.034253 -0.003990 0.033578
v 0.034227 -0.003990 0.033623
v 0.034259 -0.003982 0.033592
v 0.033515 -0.003932 0.034294
v 0.033596 -0.004000 0.034226
v 0.033632 -0.003932 0.034246
v 0.033541 -0.003965 0.034284
v 0.033556 -0.003932 0.034287
v 0.033569 -0.003964 0.034280
v 0.033611 -0.003990 0.034238
v 0.033570 -0.003990 0.034260
v 0.033586 -0.003983 0.034264
v 0.033599 -0.003932 0.034270
v 0.033625 -0.003966 0.034245
v 0.033596 -0.003964 0.034267
v 0.032217 -0.004000 0.034222
v 0.032201 -0.003932 0.034291
v 0.032209 -0.003991 0.034256
v 0.032203 -0.003966 0.034282
v 0.027547 -0.003932 0.032019
v 0.027592 -0.004000 0.031894
v 0.027662 -0.003932 0.032006
v 0.027569 -0.003965 0.031988
v 0.027582 -0.003932 0.032002
v 0.027591 -0.003964 0.031983
v 0.027609 -0.003990 0.031940
v 0.027585 -0.003990 0.031943
v 0.027599 -0.003982 0.031963
v 0.027624 -0.003932 0.031998
v 0.027634 -0.003965 0.031981
v 0.027612 -0.003964 0.031981
v 0.025714 -0.003932 0.033511
v 0.025672 -0.004000 0.033457
v 0.025708 -0.003966 0.033504
v 0.025693 -0.003991 0.033484
v 0.023798 -0.003932 0.034896
v 0.023756 -0.003932 0.035003
v 0.023666 -0.004000 0.034906
v 0.023773 -0.003932 0.034925
v 0.023763 -0.003965 0.034909
v 0.023752 -0.003964 0.034928
v 0.023739 -0.003965 0.034970
v 0.023758 -0.003932 0.034964
v 0.023744 -0.003964 0.034948
v 0.023715 -0.003990 0.034912
v 0.023706 -0.003990 0.034935
v 0.023730 -0.003982 0.034931
v 0.024788 -0.003932 0.039979
v 0.024712 -0.004000 0.039948
v 0.024778 -0.003966 0.039975
v 0.024750 -0.003991 0.039963
v 0.024452 -0.003932 0.041249
v 0.024375 -0.003932 0.041350
v 0.024347 -0.004000 0.041321
v 0.024434 -0.003932 0.041287
v 0.024433 -0.003965 0.041273
v 0.024421 -0.003964 0.041299
v 0.024368 -0.003966 0.041347
v 0.024406 -0.003932 0.041323
v 0.024401 -0.003964 0.041322
v 0.024395 -0.003990 0.041299
v 0.024358 -0.003990 0.041336
v 0.024397 -0.003982 0.041314
v 0.023497 -0.003932 0.041800
v 0.023593 -0.004000 0.041755
v 0.023623 -0.003932 0.041784
v 0.023525 -0.003965 0.041797
v 0.023538 -0.003932 0.041804
v 0.023553 -0.003964 0.041800
v 0.023605 -0.003990 0.041771
v 0.023559 -0.003990 0.041781
v 0.023574 -0.003983 0.041790
v 0.023584 -0.003932 0.041798
v 0.023616 -0.003966 0.041781
v 0.023582 -0.003964 0.041795
v 0.022262 -0.004000 0.041395
v 0.022229 -0.003932 0.041457
v 0.022246 -0.003991 0.041426
v 0.022233 -0.003966 0.041448
v 0.018322 -0.003932 0.038057
v 0.018397 -0.004000 0.037949
v 0.018435 -0.003932 0.038075
v 0.018350 -0.003965 0.038034
v 0.018360 -0.003932 0.038050
v 0.018373 -0.003964 0.038034
v 0.018401 -0.003990 0.037998
v 0.018378 -0.003990 0.037994
v 0.018386 -0.003982 0.038017
v 0.018401 -0.003932 0.038057
v 0.018415 -0.003965 0.038044
v 0.018394 -0.003964 0.038037
v 0.016165 -0.003932 0.039025
v 0.016138 -0.004000 0.038961
v 0.016161 -0.003966 0.039016
v 0.016151 -0.003991 0.038993
v 0.013955 -0.003932 0.039866
v 0.013887 -0.003932 0.039959
v 0.013825 -0.004000 0.039842
v 0.013923 -0.003932 0.039888
v 0.013918 -0.003965 0.039869
v 0.013903 -0.003964 0.039886
v 0.013879 -0.003965 0.039922
v 0.013899 -0.003932 0.039922
v 0.013890 -0.003964 0.039903
v 0.013871 -0.003990 0.039861
v 0.013857 -0.003990 0.039880
v 0.013881 -0.003982 0.039883
v 0.013596 -0.003932 0.045032
v 0.013530 -0.004000 0.044982
v 0.013587 -0.003966 0.045026
v 0.013563 -0.003991 0.045007
v 0.012942 -0.003932 0.046172
v 0.012842 -0.003932 0.046250
v 0.012823 -0.004000 0.046215
v 0.012916 -0.003932 0.046204
v 0.012918 -0.003965 0.046190
v 0.012900 -0.003964 0.046212
v 0.012837 -0.003966 0.046245
v 0.012879 -0.003932 0.046232
v 0.012874 -0.003964 0.046230
v 0.012875 -0.003990 0.046206
v 0.012830 -0.003990 0.046232
v 0.012873 -0.003982 0.046221
v 0.012003 -0.003932 0.046474
v 0.011878 -0.003932 0.046458
v 0.011982 -0.004000 0.046439
v 0.011962 -0.003932 0.046478
v 0.011997 -0.003966 0.046470
v 0.011961 -0.003964 0.046474
v 0.011905 -0.003965 0.046462
v 0.011917 -0.003932 0.046472
v 0.011932 -0.003964 0.046472
v 0.011989 -0.003990 0.046457
v 0.011943 -0.003990 0.046455
v 0.011955 -0.003983 0.046467
v 0.010790 -0.004000 0.045746
v 0.010742 -0.003932 0.045797
v 0.010766 -0.003991 0.045772
v 0.010748 -0.003966 0.045790
v 0.007847 -0.003932 0.041503
v 0.007948 -0.004000 0.041417
v 0.007953 -0.003932 0.041549
v 0.007881 -0.003965 0.041487
v 0.007886 -0.003932 0.041506
v 0.007903 -0.003964 0.041493
v 0.007940 -0.003990 0.041466
v 0.007918 -0.003990 0.041456
v 0.007920 -0.003982 0.041480
v 0.007924 -0.003932 0.041523
v 0.007941 -0.003965 0.041514
v 0.007922 -0.003964 0.041502
v 0.005513 -0.003932 0.041879
v 0.005505 -0.004000 0.041811
v 0.005512 -0.003966 0.041870
v 0.005509 -0.003991 0.041845
v 0.003162 -0.003932 0.042120
v 0.003072 -0.003932 0.042192
v 0.003042 -0.004000 0.042063
v 0.003125 -0.003932 0.042133
v 0.003125 -0.003965 0.042113
v 0.003106 -0.003964 0.042125
v 0.003074 -0.003965 0.042154
v 0.003093 -0.003932 0.042159
v 0.003089 -0.003964 0.042138
v 0.003082 -0.003990 0.042093
v 0.003063 -0.003990 0.042108
v 0.003086 -0.003982 0.042117
v 0.001478 -0.003932 0.047017
v 0.001418 -0.004000 0.046980
v 0.001470 -0.003966 0.047012
v 0.001448 -0.003991 0.046998
v 0.000434 -0.003932 0.047997
v 0.000446 -0.004000 0.047958
v 0.000551 -0.003932 0.047949
v 0.000429 -0.003966 0.047994
v 0.000482 -0.003932 0.047989
v 0.000475 -0.003964 0.047986
v 0.000491 -0.003991 0.047955
v 0.000433 -0.003991 0.047979
v 0.000478 -0.003982 0.047975
v 0.000524 -0.003932 0.047971
v 0.000530 -0.003966 0.047952
v 0.000505 -0.003964 0.047973
v -0.000551 -0.003932 0.047949
v -0.000425 -0.004000 0.047959
v -0.000434 -0.003932 0.047997
v -0.000523 -0.003965 0.047960
v -0.000517 -0.003932 0.047973
v -0.000500 -0.003964 0.047976
v -0.000427 -0.003990 0.047977
v -0.000477 -0.003990 0.047963
v -0.000472 -0.003982 0.047978
v -0.000475 -0.003932 0.047990
v -0.000430 -0.003966 0.047991
v -0.000471 -0.003964 0.047987
v -0.001427 -0.004000 0.046951
v -0.001478 -0.003932 0.047017
v -0.001452 -0.003991 0.046984
v -0.001471 -0.003966 0.047008
v -0.003162 -0.003932 0.042120
v -0.003042 -0.004000 0.042063
v -0.003072 -0.003932 0.042192
v -0.003125 -0.003965 0.042113
v -0.003125 -0.003932 0.042133
v -0.003106 -0.003964 0.042125
v -0.003063 -0.003990 0.042108
v -0.003082 -0.003990 0.042093
v -0.003086 -0.003982 0.042117
v -0.003093 -0.003932 0.042159
v -0.003074 -0.003965 0.042154
v -0.003089 -0.003964 0.042138
v -0.005505 -0.004000 0.041811
v -0.005513 -0.003932 0.041879
v -0.005509 -0.003991 0.041845
v -0.005512 -0.003966 0.041870
v -0.007953 -0.003932 0.041549
v -0.007948 -0.004000 0.041417
v -0.007847 -0.003932 0.041503
v -0.007941 -0.003965 0.041514
v -0.007924 -0.003932 0.041523
v -0.007922 -0.003964 0.041502
v -0.007918 -0.003990 0.041456
v -0.007940 -0.003990 0.041466
v -0.007920 -0.003982 0.041480
v -0.007886 -0.003932 0.041506
v -0.007881 -0.003965 0.041487
v -0.007903 -0.003964 0.041493
v -0.010742 -0.003932 0.045797
v -0.010790 -0.004000 0.045746
v -0.010748 -0.003966 0.045790
v -0.010766 -0.003991 0.045772
v -0.012003 -0.003932 0.046474
v -0.011982 -0.004000 0.046439
v -0.011878 -0.003932 0.046458
v -0.012007 -0.003966 0.046469
v -0.011955 -0.003932 0.046479
v -0.011961 -0.003964 0.046474
v -0.011937 -0.003991 0.046448
v -0.012000 -0.003991 0.046456
v -0.011956 -0.003982 0.046464
v -0.011909 -0.003932 0.046473
v -0.011899 -0.003966 0.046455
v -0.011929 -0.003964 0.046469
v -0.012942 -0.003932 0.046172
v -0.012823 -0.004000 0.046215
v -0.012842 -0.003932 0.046250
v -0.012918 -0.003965 0.046190
v -0.012916 -0.003932 0.046204
v -0.012900 -0.003964 0.046212
v -0.012830 -0.003990 0.046232
v -0.012875 -0.003990 0.046206
v -0.012873 -0.003982 0.046221
v -0.012879 -0.003932 0.046232
v -0.012837 -0.003966 0.046245
v -0.012874 -0.003964 0.046230
v -0.013530 -0.004000 0.044982
v -0.013596 -0.003932 0.045032
v -0.013563 -0.003991 0.045007
v -0.013587 -0.003966 0.045026
v -0.013955 -0.003932 0.039866
v -0.013825 -0.004000 0.039842
v -0.013887 -0.003932 0.039959
v -0.013918 -0.003965 0.039869
v -0.013923 -0.003932 0.039888
v -0.013903 -0.003964 0.039886
v -0.013857 -0.003990 0.039880
v -0.013871 -0.003990 0.039861
v -0.013881 -0.003982 0.039883
v -0.013899 -0.003932 0.039922
v -0.013879 -0.003965 0.039922
v -0.013890 -0.003964 0.039903
v -0.016138 -0.004000 0.038961
v -0.016165 -0.003932 0.039025
v -0.016151 -0.003991 0.038993
v -0.016161 -0.003966 0.039016
v -0.018435 -0.003932 0.038075
v -0.018397 -0.004000 0.037949
v -0.018322 -0.003932 0.038057
v -0.018415 -0.003965 0.038044
v -0.018401 -0.003932 0.038057
v -0.018394 -0.003964 0.038037
v -0.018378 -0.003990 0.037994
v -0.018401 -0.003990 0.037998
v -0.018386 -0.003982 0.038017
v -0.018360 -0.003932 0.038050
v -0.018350 -0.003965 0.038034
v -0.018373 -0.003964 0.038034
v -0.022229 -0.003932 0.041457
v -0.022262 -0.004000 0.041395
v -0.022233 -0.003966 0.041448
v -0.022246 -0.003991 0.041426
v -0.023497 -0.003932 0.041800
v -0.023623 -0.003932 0.041784
v -0.023593 -0.004000 0.041755
v -0.023532 -0.003932 0.041807
v -0.023517 -0.003966 0.041792
v -0.023549 -0.003964 0.041798
v -0.023625 -0.003966 0.041778
v -0.023578 -0.003932 0.041801
v -0.023582 -0.003964 0.041794
v -0.023552 -0.003991 0.041776
v -0.023614 -0.003991 0.041768
v -0.023574 -0.003982 0.041787
v -0.024452 -0.003932 0.041249
v -0.024347 -0.004000 0.041321
v -0.024375 -0.003932 0.041350
v -0.024433 -0.003965 0.041273
v -0.024434 -0.003932 0.041287
v -0.024421 -0.003964 0.041299
v -0.024358 -0.003990 0.041336
v -0.024395 -0.003990 0.041299
v -0.024397 -0.003982 0.041314
v -0.024406 -0.003932 0.041323
v -0.024368 -0.003966 0.041347
v -0.024401 -0.003964 0.041322
v -0.024712 -0.004000 0.039948
v -0.024788 -0.003932 0.039979
v -0.024750 -0.003991 0.039963
v -0.024778 -0.003966 0.039975
v -0.023798 -0.003932 0.034896
v -0.023666 -0.004000 0.034906
v -0.023756 -0.003932 0.035003
v -0.023763 -0.003965 0.034909
v -0.023773 -0.003932 0.034925
v -0.023752 -0.003964 0.034928
v -0.023706 -0.003990 0.034935
v -0.023715 -0.003990 0.034912
v -0.023730 -0.003982 0.034931
v -0.023758 -0.003932 0.034964
v -0.023739 -0.003965 0.034970
v -0.023745 -0.003964 0.034948
v -0.025672 -0.004000 0.033457
v -0.025714 -0.003932 0.033511
v -0.025693 -0.003991 0.033484
v -0.025708 -0.003966 0.033504
v -0.027662 -0.003932 0.032006
v -0.027592 -0.004000 0.031894
v -0.027547 -0.003932 0.032019
v -0.027634 -0.003965 0.031981
v -0.027624 -0.003932 0.031998
v -0.027612 -0.003964 0.031981
v -0.027585 -0.003990 0.031943
v -0.027609 -0.003990 0.031940
v -0.027599 -0.003982 0.031963
v -0.027582 -0.003932 0.032002
v -0.027569 -0.003965 0.031988
v -0.027591 -0.003964 0.031983
v -0.032201 -0.003932 0.034291
v -0.032217 -0.004000 0.034222
v -0.032203 -0.003966 0.034282
v -0.032209 -0.003991 0.034256
v -0.033515 -0.003932 0.034294
v -0.033632 -0.003932 0.034246
v -0.033596 -0.004000 0.034226
v -0.033550 -0.003932 0.034292
v -0.033532 -0.003966 0.034282
v -0.033565 -0.003964 0.034279
v -0.033633 -0.003966 0.034240
v -0.033593 -0.003932 0.034274
v -0.033595 -0.003964 0.034267
v -0.033562 -0.003991 0.034257
v -0.033620 -0.003991 0.034233
v -0.033586 -0.003982 0.034262
v -0.034294 -0.003932 0.033515
v -0.034212 -0.004000 0.033612
v -0.034246 -0.003932 0.033632
v -0.034283 -0.003965 0.033543
v -0.034287 -0.003932 0.033556
v -0.034278 -0.003964 0.033571
v -0.034227 -0.003990 0.033623
v -0.034253 -0.003990 0.033578
v -0.034259 -0.003982 0.033592
v -0.034270 -0.003932 0.033599
v -0.034239 -0.003966 0.033631
v -0.034264 -0.003964 0.033599
v -0.034209 -0.004000 0.032191
v -0.034291 -0.003932 0.032201
v -0.034250 -0.003991 0.032196
v -0.034280 -0.003966 0.032200
v -0.032019 -0.003932 0.027547
v -0.031894 -0.004000 0.027592
v -0.032006 -0.003932 0.027662
v -0.031988 -0.003965 0.027569
v -0.032002 -0.003932 0.027582
v -0.031983 -0.003964 0.027591
v -0.031940 -0.003990 0.027609
v -0.031943 -0.003990 0.027585
v -0.031963 -0.003982 0.027599
v -0.031998 -0.003932 0.027624
v -0.031981 -0.003965 0.027634
v -0.031981 -0.003964 0.027612
v -0.033457 -0.004000 0.025672
v -0.033511 -0.003932 0.025714
v -0.033484 -0.003991 0.025693
v -0.033504 -0.003966 0.025708
v -0.035003 -0.003932 0.023756
v -0.034906 -0.004000 0.023666
v -0.034896 -0.003932 0.023798
v -0.034970 -0.003965 0.023739
v -0.034964 -0.003932 0.023758
v -0.034948 -0.003964 0.023744
v -0.034912 -0.003990 0.023715
v -0.034935 -0.003990 0.023706
v -0.034931 -0.003982 0.023730
v -0.034925 -0.003932 0.023773
v -0.034909 -0.003965 0.023763
v -0.034928 -0.003964 0.023752
v -0.040053 -0.004000 0.024733
v -0.039979 -0.003932 0.024788
v -0.040016 -0.003991 0.024761
v -0.039989 -0.003966 0.024781
v -0.041350 -0.003932 0.024375
v -0.041226 -0.004000 0.024424
v -0.041249 -0.003932 0.024452
v -0.041325 -0.003965 0.024394
v -0.041323 -0.003932 0.024406
v -0.041307 -0.003964 0.024416
v -0.041233 -0.003990 0.024438
v -0.041280 -0.003990 0.024413
v -0.041278 -0.003983 0.024426
v -0.041287 -0.003932 0.024434
v -0.041241 -0.003966 0.024448
v -0.041281 -0.003965 0.024433
v -0.041800 -0.003932 0.023497
v -0.041740 -0.004000 0.023535
v -0.041784 -0.003932 0.023623
v -0.041792 -0.003965 0.023506
v -0.041804 -0.003932 0.023538
v -0.041797 -0.003964 0.023542
v -0.041765 -0.003990 0.023572
v -0.041770 -0.003990 0.023520
v -0.041785 -0.003982 0.023553
v -0.041798 -0.003932 0.023584
v -0.041781 -0.003965 0.023603
v -0.041794 -0.003964 0.023573
v -0.041395 -0.004000 0.022262
v -0.041457 -0.003932 0.022229
v -0.041426 -0.003991 0.022246
v -0.041448 -0.003966 0.022233
v -0.038057 -0.003932 0.018322
v -0.037949 -0.004000 0.018397
v -0.038075 -0.003932 0.018435
v -0.038034 -0.003965 0.018350
v -0.038050 -0.003932 0.018360
v -0.038034 -0.003964 0.018373
v -0.037998 -0.003990 0.018401
v -0.037994 -0.003990 0.018378
v -0.038017 -0.003982 0.018386
v -0.038057 -0.003932 0.018401
v -0.038044 -0.003965 0.018415
v -0.038037 -0.003964 0.018394
v -0.038961 -0.004000 0.016138
v -0.039025 -0.003932 0.016165
v -0.038993 -0.003991 0.016151
v -0.039016 -0.003966 0.016161
v -0.039959 -0.003932 0.013887
v -0.039842 -0.004000 0.013825
v -0.039866 -0.003932 0.013955
v -0.039922 -0.003965 0.013879
v -0.039922 -0.003932 0.013899
v -0.039903 -0.003964 0.013890
v -0.039861 -0.003990 0.013871
v -0.039880 -0.003990 0.013857
v -0.039883 -0.003982 0.013881
v -0.039888 -0.003932 0.013923
v -0.039869 -0.003965 0.013918
v -0.039886 -0.003964 0.013903
v -0.045012 -0.004000 0.013529
v -0.045032 -0.003932 0.013596
v -0.045022 -0.003991 0.013562
v -0.045030 -0.003966 0.013587
v -0.046250 -0.003932 0.012842
v -0.046173 -0.004000 0.012863
v -0.046172 -0.003932 0.012942
v -0.046236 -0.003966 0.012842
v -0.046236 -0.003932 0.012882
v -0.046223 -0.003964 0.012881
v -0.046170 -0.003991 0.012900
v -0.046208 -0.003991 0.012850
v -0.046203 -0.003982 0.012886
v -0.046208 -0.003932 0.012919
v -0.046169 -0.003966 0.012929
v -0.046203 -0.003964 0.012907
v -0.046458 -0.003932 0.011878
v -0.046418 -0.004000 0.011947
v -0.046474 -0.003932 0.012003
v -0.046448 -0.003966 0.011888
v -0.046476 -0.003932 0.011916
v -0.046467 -0.003964 0.011924
v -0.046442 -0.003991 0.011976
v -0.046434 -0.003991 0.011913
v -0.046456 -0.003982 0.011942
v -0.046482 -0.003932 0.011962
v -0.046463 -0.003966 0.011996
v -0.046471 -0.003964 0.011956
v -0.045746 -0.004000 0.010790
v -0.045797 -0.003932 0.010742
v -0.045772 -0.003991 0.010766
v -0.045790 -0.003966 0.010748
v -0.041503 -0.003932 0.007847
v -0.041417 -0.004000 0.007948
v -0.041549 -0.003932 0.007953
v -0.041487 -0.003965 0.007881
v -0.041506 -0.003932 0.007886
v -0.041493 -0.003964 0.007903
v -0.041466 -0.003990 0.007940
v -0.041456 -0.003990 0.007918
v -0.041480 -0.003982 0.007920
v -0.041523 -0.003932 0.007924
v -0.041514 -0.003965 0.007941
v -0.041502 -0.003964 0.007922
v -0.041811 -0.004000 0.005505
v -0.041879 -0.003932 0.005513
v -0.041845 -0.003991 0.005509
v -0.041870 -0.003966 0.005512
v -0.042192 -0.003932 0.003072
v -0.042063 -0.004000 0.003042
v -0.042120 -0.003932 0.003162
v -0.042154 -0.003965 0.003074
v -0.042159 -0.003932 0.003093
v -0.042138 -0.003964 0.003089
v -0.042093 -0.003990 0.003082
v -0.042108 -0.003990 0.003063
v -0.042117 -0.003982 0.003086
v -0.042133 -0.003932 0.003125
v -0.042113 -0.003965 0.003125
v -0.042125 -0.003964 0.003106
v -0.046980 -0.004000 0.001418
v -0.047017 -0.003932 0.001478
v -0.046998 -0.003991 0.001448
v -0.047012 -0.003966 0.001470
v -0.047997 -0.003932 0.000434
v -0.047929 -0.004000 0.000474
v -0.047949 -0.003932 0.000551
v -0.047985 -0.003966 0.000438
v -0.047995 -0.003932 0.000476
v -0.047982 -0.003964 0.000479
v -0.047935 -0.003991 0.000511
v -0.047959 -0.003991 0.000453
v -0.047964 -0.003982 0.000489
v -0.047977 -0.003932 0.000519
v -0.047943 -0.003966 0.000539
v -0.047969 -0.003964 0.000509
v -0.047949 -0.003932 -0.000551
v -0.047929 -0.004000 -0.000474
v -0.047997 -0.003932 -0.000434
v -0.047942 -0.003966 -0.000539
v -0.047977 -0.003932 -0.000519
v -0.047969 -0.003964 -0.000509
v -0.047959 -0.003991 -0.000453
v -0.047935 -0.003991 -0.000511
v -0.047964 -0.003982 -0.000489
v -0.047995 -0.003932 -0.000476
v -0.047985 -0.003966 -0.000438
v -0.047982 -0.003964 -0.000479
v -0.046980 -0.004000 -0.001418
v -0.047017 -0.003932 -0.001478
v -0.046998 -0.003991 -0.001448
v -0.047012 -0.003966 -0.001470
v -0.042120 -0.003932 -0.003162
v -0.042063 -0.004000 -0.003042
v -0.042192 -0.003932 -0.003072
v -0.042113 -0.003965 -0.003125
v -0.042133 -0.003932 -0.003125
v -0.042125 -0.003964 -0.003106
v -0.042108 -0.003990 -0.003063
v -0.042093 -0.003990 -0.003082
v -0.042117 -0.003982 -0.003086
v -0.042159 -0.003932 -0.003093
v -0.042154 -0.003965 -0.003074
v -0.042138 -0.003964 -0.003089
v -0.041811 -0.004000 -0.005505
v -0.041879 -0.003932 -0.005513
v -0.041845 -0.003991 -0.005509
v -0.041870 -0.003966 -0.005512
v -0.041549 -0.003932 -0.007953
v -0.041417 -0.004000 -0.007948
v -0.041503 -0.003932 -0.007847
v -0.041514 -0.003965 -0.007941
v -0.041523 -0.003932 -0.007924
v -0.041502 -0.003964 -0.007922
v -0.041456 -0.003990 -0.007918
v -0.041466 -0.003990 -0.007940
v -0.041480 -0.003982 -0.007920
v -0.041506 -0.003932 -0.007886
v -0.041487 -0.003965 -0.007881
v -0.041493 -0.003964 -0.007903
v -0.045746 -0.004000 -0.010790
v -0.045797 -0.003932 -0.010742
v -0.045772 -0.003991 -0.010766
v -0.045790 -0.003966 -0.010748
v -0.046474 -0.003932 -0.012003
v -0.046418 -0.004000 -0.011947
v -0.046458 -0.003932 -0.011878
v -0.046463 -0.003966 -0.011996
v -0.046482 -0.003932 -0.011962
v -0.046471 -0.003964 -0.011956
v -0.046434 -0.003991 -0.011913
v -0.046442 -0.003991 -0.011976
v -0.046456 -0.003982 -0.011942
v -0.046476 -0.003932 -0.011916
v -0.046448 -0.003966 -0.011888
v -0.046467 -0.003964 -0.011924
v -0.046172 -0.003932 -0.012942
v -0.046173 -0.004000 -0.012863
v -0.046250 -0.003932 -0.012842
v -0.046169 -0.003966 -0.012929
v -0.046208 -0.003932 -0.012919
v -0.046203 -0.003964 -0.012907
v -0.046208 -0.003991 -0.012850
v -0.046170 -0.003991 -0.012900
v -0.046203 -0.003982 -0.012886
v -0.046236 -0.003932 -0.012882
v -0.046236 -0.003966 -0.012842
v -0.046223 -0.003964 -0.012881
v -0.045012 -0.004000 -0.013529
v -0.045032 -0.003932 -0.013596
v -0.045022 -0.003991 -0.013562
v -0.045030 -0.003966 -0.013587
v -0.039866 -0.003932 -0.013955
v -0.039842 -0.004000 -0.013825
v -0.039959 -0.003932 -0.013887
v -0.039869 -0.003965 -0.013918
v -0.039888 -0.003932 -0.013923
v -0.039886 -0.003964 -0.013903
v -0.039880 -0.003990 -0.013857
v -0.039861 -0.003990 -0.013871
v -0.039883 -0.003982 -0.013881
v -0.039922 -0.003932 -0.013899
v -0.039922 -0.003965 -0.013879
v -0.039903 -0.003964 -0.013890
v -0.038961 -0.004000 -0.016138
v -0.039025 -0.003932 -0.016165
v -0.038993 -0.003991 -0.016151
v -0.039016 -0.003966 -0.016161
v -0.038075 -0.003932 -0.018435
v -0.037949 -0.004000 -0.018397
v -0.038057 -0.003932 -0.018322
v -0.038044 -0.003965 -0.018415
v -0.038057 -0.003932 -0.018401
v -0.038037 -0.003964 -0.018394
v -0.037994 -0.003990 -0.018378
v -0.037998 -0.003990 -0.018401
v -0.038017 -0.003982 -0.018386
v -0.038050 -0.003932 -0.018360
v -0.038034 -0.003965 -0.018350
v -0.038034 -0.003964 -0.018373
v -0.041395 -0.004000 -0.022262
v -0.041457 -0.003932 -0.022229
v -0.041426 -0.003991 -0.022246
v -0.041448 -0.003966 -0.022233
v -0.041784 -0.003932 -0.023623
v -0.041740 -0.004000 -0.023535
v -0.041800 -0.003932 -0.023497
v -0.041773 -0.003966 -0.023607
v -0.041804 -0.003932 -0.023588
v -0.041792 -0.003964 -0.023574
v -0.041765 -0.003991 -0.023512
v -0.041757 -0.003991 -0.023575
v -0.041781 -0.003982 -0.023552
v -0.041810 -0.003932 -0.023542
v -0.041787 -0.003966 -0.023498
v -0.041796 -0.003964 -0.023542
v -0.041249 -0.003932 -0.024452
v -0.041226 -0.004000 -0.024424
v -0.041350 -0.003932 -0.024375
v -0.041241 -0.003966 -0.024448
v -0.041287 -0.003932 -0.024434
v -0.041281 -0.003965 -0.024433
v -0.041280 -0.003990 -0.024413
v -0.041233 -0.003990 -0.024438
v -0.041278 -0.003983 -0.024426
v -0.041323 -0.003932 -0.024406
v -0.041325 -0.003965 -0.024394
v -0.041307 -0.003964 -0.024416
v -0.039979 -0.003932 -0.024788
v -0.040053 -0.004000 -0.024733
v -0.039989 -0.003966 -0.024781
v -0.040016 -0.003991 -0.024761
v -0.034896 -0.003932 -0.023798
v -0.034906 -0.004000 -0.023666
v -0.035003 -0.003932 -0.023756
v -0.034909 -0.003965 -0.023763
v -0.034925 -0.003932 -0.023773
v -0.034928 -0.003964 -0.023752
v -0.034935 -0.003990 -0.023706
v -0.034912 -0.003990 -0.023715
v -0.034931 -0.003982 -0.023730
v -0.034964 -0.003932 -0.023758
v -0.034970 -0.003965 -0.023739
v -0.034948 -0.003964 -0.023745
v -0.033457 -0.004000 -0.025672
v -0.033511 -0.003932 -0.025714
v -0.033484 -0.003991 -0.025693
v -0.033504 -0.003966 -0.025708
v -0.032006 -0.003932 -0.027662
v -0.031897 -0.004000 -0.027588
v -0.032019 -0.003932 -0.027547
v -0.031981 -0.003965 -0.027632
v -0.031998 -0.003932 -0.027624
v -0.031981 -0.003964 -0.027611
v -0.031945 -0.003990 -0.027582
v -0.031941 -0.003990 -0.027605
v -0.031963 -0.003982 -0.027597
v -0.032002 -0.003932 -0.027582
v -0.031989 -0.003965 -0.027568
v -0.031983 -0.003964 -0.027590
v -0.034218 -0.004000 -0.032199
v -0.034291 -0.003932 -0.032201
v -0.034254 -0.003991 -0.032200
v -0.034281 -0.003966 -0.032201
v -0.034246 -0.003932 -0.033632
v -0.034222 -0.004000 -0.033560
v -0.034294 -0.003932 -0.033515
v -0.034247 -0.003965 -0.033617
v -0.034270 -0.003932 -0.033599
v -0.034268 -0.003964 -0.033590
v -0.034258 -0.003990 -0.033545
v -0.034238 -0.003990 -0.033591
v -0.034264 -0.003982 -0.033573
v -0.034287 -0.003932 -0.033556
v -0.034284 -0.003965 -0.033529
v -0.034280 -0.003964 -0.033562
v -0.033632 -0.003932 -0.034246
v -0.033515 -0.003932 -0.034294
v -0.033526 -0.004000 -0.034256
v -0.033606 -0.003932 -0.034269
v -0.033611 -0.003966 -0.034249
v -0.033586 -0.003964 -0.034271
v -0.033510 -0.003966 -0.034291
v -0.033563 -0.003932 -0.034286
v -0.033556 -0.003964 -0.034283
v -0.033572 -0.003991 -0.034253
v -0.033514 -0.003991 -0.034277
v -0.033559 -0.003982 -0.034273
v -0.032201 -0.003932 -0.034291
v -0.032311 -0.004000 -0.034254
v -0.032216 -0.003966 -0.034286
v -0.032256 -0.003991 -0.034272
v -0.027662 -0.003932 -0.032006
v -0.027547 -0.003932 -0.032019
v -0.027603 -0.004000 -0.031885
v -0.027624 -0.003932 -0.031998
v -0.027640 -0.003965 -0.031982
v -0.027615 -0.003964 -0.031980
v -0.027572 -0.003965 -0.031985
v -0.027582 -0.003932 -0.032002
v -0.027593 -0.003964 -0.031981
v -0.027619 -0.003990 -0.031938
v -0.027593 -0.003990 -0.031937
v -0.027605 -0.003982 -0.031960
v -0.025672 -0.004000 -0.033457
v -0.025714 -0.003932 -0.033511
v -0.025693 -0.003991 -0.033484
v -0.025708 -0.003966 -0.033504
v -0.023756 -0.003932 -0.035003
v -0.023670 -0.004000 -0.034903
v -0.023798 -0.003932 -0.034896
v -0.023739 -0.003965 -0.034968
v -0.023758 -0.003932 -0.034964
v -0.023745 -0.003964 -0.034947
v -0.023718 -0.003990 -0.034910
v -0.023708 -0.003990 -0.034931
v -0.023732 -0.003982 -0.034930
v -0.023773 -0.003932 -0.034925
v -0.023764 -0.003965 -0.034908
v -0.023753 -0.003964 -0.034928
v -0.024718 -0.004000 -0.039958
v -0.024788 -0.003932 -0.039979
v -0.024753 -0.003991 -0.039968
v -0.024779 -0.003966 -0.039976
v -0.024375 -0.003932 -0.041350
v -0.024370 -0.004000 -0.041273
v -0.024452 -0.003932 -0.041249
v -0.024379 -0.003965 -0.041336
v -0.024406 -0.003932 -0.041323
v -0.024406 -0.003964 -0.041315
v -0.024408 -0.003990 -0.041268
v -0.024378 -0.003990 -0.041308
v -0.024407 -0.003982 -0.041297
v -0.024434 -0.003932 -0.041287
v -0.024438 -0.003965 -0.041260
v -0.024425 -0.003964 -0.041291
v -0.023623 -0.003932 -0.041784
v -0.023497 -0.003932 -0.041800
v -0.023517 -0.004000 -0.041766
v -0.023591 -0.003932 -0.041799
v -0.023601 -0.003966 -0.041782
v -0.023572 -0.003964 -0.041796
v -0.023493 -0.003966 -0.041796
v -0.023545 -0.003932 -0.041805
v -0.023539 -0.003964 -0.041800
v -0.023563 -0.003991 -0.041775
v -0.023500 -0.003991 -0.041783
v -0.023545 -0.003982 -0.041791
v -0.022229 -0.003932 -0.041457
v -0.022345 -0.004000 -0.041449
v -0.022244 -0.003966 -0.041456
v -0.022287 -0.003991 -0.041453
v -0.018435 -0.003932 -0.038075
v -0.018322 -0.003932 -0.038057
v -0.018410 -0.004000 -0.037943
v -0.018401 -0.003932 -0.038057
v -0.018420 -0.003965 -0.038046
v -0.018397 -0.003964 -0.038038
v -0.018355 -0.003965 -0.038032
v -0.018360 -0.003932 -0.038050
v -0.018375 -0.003964 -0.038033
v -0.018411 -0.003990 -0.037998
v -0.018387 -0.003990 -0.037990
v -0.018392 -0.003982 -0.038016
v -0.016138 -0.004000 -0.038961
v -0.016165 -0.003932 -0.039025
v -0.016151 -0.003991 -0.038993
v -0.016161 -0.003966 -0.039016
v -0.013887 -0.003932 -0.039959
v -0.013825 -0.004000 -0.039842
v -0.013955 -0.003932 -0.039866
v -0.013879 -0.003965 -0.039922
v -0.013899 -0.003932 -0.039922
v -0.013890 -0.003964 -0.039903
v -0.013871 -0.003990 -0.039861
v -0.013857 -0.003990 -0.039880
v -0.013881 -0.003982 -0.039883
v -0.013923 -0.003932 -0.039888
v -0.013918 -0.003965 -0.039869
v -0.013903 -0.003964 -0.039886
v -0.013530 -0.004000 -0.044982
v -0.013596 -0.003932 -0.045032
v -0.013563 -0.003991 -0.045007
v -0.013587 -0.003966 -0.045026
v -0.012842 -0.003932 -0.046250
v -0.012823 -0.004000 -0.046215
v -0.012942 -0.003932 -0.046172
v -0.012837 -0.003966 -0.046245
v -0.012879 -0.003932 -0.046232
v -0.012874 -0.003964 -0.046230
v -0.012875 -0.003990 -0.046206
v -0.012830 -0.003990 -0.046232
v -0.012873 -0.003982 -0.046221
v -0.012916 -0.003932 -0.046204
v -0.012918 -0.003965 -0.046190
v -0.012900 -0.003964 -0.046212
v -0.012003 -0.003932 -0.046474
v -0.011878 -0.003932 -0.046458
v -0.011982 -0.004000 -0.046439
v -0.011962 -0.003932 -0.046478
v -0.011997 -0.003966 -0.046470
v -0.011961 -0.003964 -0.046474
v -0.011905 -0.003965 -0.046462
v -0.011917 -0.003932 -0.046472
v -0.011932 -0.003964 -0.046472
v -0.011989 -0.003990 -0.046457
v -0.011943 -0.003990 -0.046455
v -0.011955 -0.003983 -0.046467
v -0.010742 -0.003932 -0.045797
v -0.010790 -0.004000 -0.045746
v -0.010748 -0.003966 -0.045790
v -0.010766 -0.003991 -0.045772
v -0.007953 -0.003932 -0.041549
v -0.007847 -0.003932 -0.041503
v -0.007948 -0.004000 -0.041417
v -0.007924 -0.003932 -0.041523
v -0.007941 -0.003965 -0.041514
v -0.007922 -0.003964 -0.041502
v -0.007881 -0.003965 -0.041487
v -0.007886 -0.003932 -0.041506
v -0.007903 -0.003964 -0.041493
v -0.007940 -0.003990 -0.041466
v -0.007918 -0.003990 -0.041456
v -0.007920 -0.003982 -0.041480
v -0.005505 -0.004000 -0.041811
v -0.005513 -0.003932 -0.041879
v -0.005509 -0.003991 -0.041845
v -0.005512 -0.003966 -0.041870
v -0.003072 -0.003932 -0.042192
v -0.003042 -0.004000 -0.042063
v -0.003162 -0.003932 -0.042120
v -0.003074 -0.003965 -0.042154
v -0.003093 -0.003932 -0.042159
v -0.003089 -0.003964 -0.042138
v -0.003082 -0.003990 -0.042093
v -0.003063 -0.003990 -0.042108
v -0.003086 -0.003982 -0.042117
v -0.003125 -0.003932 -0.042133
v -0.003125 -0.003965 -0.042113
v -0.003106 -0.003964 -0.042125
v -0.001418 -0.004000 -0.046980
v -0.001478 -0.003932 -0.047017
v -0.001448 -0.003991 -0.046998
v -0.001470 -0.003966 -0.047012
v -0.000551 -0.003932 -0.047949
v -0.000434 -0.003932 -0.047997
v -0.000446 -0.004000 -0.047958
v -0.000524 -0.003932 -0.047971
v -0.000530 -0.003966 -0.047952
v -0.000505 -0.003964 -0.047973
v -0.000429 -0.003966 -0.047994
v -0.000482 -0.003932 -0.047989
v -0.000475 -0.003964 -0.047986
v -0.000491 -0.003991 -0.047955
v -0.000433 -0.003991 -0.047979
v -0.000478 -0.003982 -0.047975
v 0.000434 -0.003932 -0.047997
v 0.000551 -0.003932 -0.047949
v 0.000425 -0.004000 -0.047959
v 0.000475 -0.003932 -0.047990
v 0.000430 -0.003966 -0.047991
v 0.000471 -0.003964 -0.047987
v 0.000523 -0.003965 -0.047960
v 0.000517 -0.003932 -0.047973
v 0.000500 -0.003964 -0.047976
v 0.000427 -0.003990 -0.047977
v 0.000477 -0.003990 -0.047963
v 0.000472 -0.003982 -0.047978
v 0.001478 -0.003932 -0.047017
v 0.001427 -0.004000 -0.046951
v 0.001471 -0.003966 -0.047008
v 0.001452 -0.003991 -0.046984
v 0.003072 -0.003932 -0.042192
v 0.003162 -0.003932 -0.042120
v 0.003042 -0.004000 -0.042063
v 0.003093 -0.003932 -0.042159
v 0.003074 -0.003965 -0.042154
v 0.003089 -0.003964 -0.042138
v 0.003125 -0.003965 -0.042113
v 0.003125 -0.003932 -0.042133
v 0.003106 -0.003964 -0.042125
v 0.003063 -0.003990 -0.042108
v 0.003082 -0.003990 -0.042093
v 0.003086 -0.003982 -0.042117
v 0.005513 -0.003932 -0.041879
v 0.005505 -0.004000 -0.041811
v 0.005512 -0.003966 -0.041870
v 0.005509 -0.003991 -0.041845
v 0.007953 -0.003932 -0.041549
v 0.007948 -0.004000 -0.041417
v 0.007847 -0.003932 -0.041503
v 0.007941 -0.003965 -0.041514
v 0.007924 -0.003932 -0.041523
v 0.007922 -0.003964 -0.041502
v 0.007918 -0.003990 -0.041456
v 0.007940 -0.003990 -0.041466
v 0.007920 -0.003982 -0.041480
v 0.007886 -0.003932 -0.041506
v 0.007881 -0.003965 -0.041487
v 0.007903 -0.003964 -0.041493
v 0.010790 -0.004000 -0.045746
v 0.010742 -0.003932 -0.045797
v 0.010766 -0.003991 -0.045772
v 0.010748 -0.003966 -0.045790
v 0.011878 -0.003932 -0.046458
v 0.012003 -0.003932 -0.046474
v 0.011982 -0.004000 -0.046439
v 0.011909 -0.003932 -0.046473
v 0.011899 -0.003966 -0.046455
v 0.011929 -0.003964 -0.046469
v 0.012007 -0.003966 -0.046469
v 0.011955 -0.003932 -0.046479
v 0.011961 -0.003964 -0.046474
v 0.011937 -0.003991 -0.046448
v 0.012000 -0.003991 -0.046456
v 0.011956 -0.003982 -0.046464
v 0.012842 -0.003932 -0.046250
v 0.012942 -0.003932 -0.046172
v 0.012823 -0.004000 -0.046215
v 0.012879 -0.003932 -0.046232
v 0.012837 -0.003966 -0.046245
v 0.012874 -0.003964 -0.046230
v 0.012918 -0.003965 -0.046190
v 0.012916 -0.003932 -0.046204
v 0.012900 -0.003964 -0.046212
v 0.012830 -0.003990 -0.046232
v 0.012875 -0.003990 -0.046206
v 0.012873 -0.003982 -0.046221
v 0.013596 -0.003932 -0.045032
v 0.013530 -0.004000 -0.044982
v 0.013587 -0.003966 -0.045026
v 0.013563 -0.003991 -0.045007
v 0.013887 -0.003932 -0.039959
v 0.013955 -0.003932 -0.039866
v 0.013825 -0.004000 -0.039842
v 0.013899 -0.003932 -0.039922
v 0.013879 -0.003965 -0.039922
v 0.013890 -0.003964 -0.039903
v 0.013918 -0.003965 -0.039869
v 0.013923 -0.003932 -0.039888
v 0.013903 -0.003964 -0.039886
v 0.013857 -0.003990 -0.039880
v 0.013871 -0.003990 -0.039861
v 0.013881 -0.003982 -0.039883
v 0.016165 -0.003932 -0.039025
v 0.016138 -0.004000 -0.038961
v 0.016161 -0.003966 -0.039016
v 0.016151 -0.003991 -0.038993
v 0.018435 -0.003932 -0.038075
v 0.018410 -0.004000 -0.037943
v 0.018322 -0.003932 -0.038057
v 0.018420 -0.003965 -0.038046
v 0.018401 -0.003932 -0.038057
v 0.018397 -0.003964 -0.038038
v 0.018387 -0.003990 -0.037990
v 0.018411 -0.003990 -0.037998
v 0.018392 -0.003982 -0.038016
v 0.018360 -0.003932 -0.038050
v 0.018355 -0.003965 -0.038032
v 0.018375 -0.003964 -0.038033
v 0.022345 -0.004000 -0.041449
v 0.022229 -0.003932 -0.041457
v 0.022287 -0.003991 -0.041453
v 0.022244 -0.003966 -0.041456
v 0.023497 -0.003932 -0.041800
v 0.023623 -0.003932 -0.041784
v 0.023517 -0.004000 -0.041766
v 0.023538 -0.003932 -0.041804
v 0.023503 -0.003966 -0.041796
v 0.023539 -0.003964 -0.041801
v 0.023595 -0.003965 -0.041788
v 0.023584 -0.003932 -0.041798
v 0.023569 -0.003964 -0.041798
v 0.023510 -0.003990 -0.041783
v 0.023557 -0.003990 -0.041782
v 0.023545 -0.003983 -0.041793
v 0.024375 -0.003932 -0.041350
v 0.024452 -0.003932 -0.041249
v 0.024370 -0.004000 -0.041273
v 0.024411 -0.003932 -0.041326
v 0.024370 -0.003966 -0.041338
v 0.024405 -0.003964 -0.041315
v 0.024437 -0.003966 -0.041251
v 0.024439 -0.003932 -0.041289
v 0.024425 -0.003964 -0.041289
v 0.024368 -0.003991 -0.041310
v 0.024407 -0.003991 -0.041260
v 0.024404 -0.003982 -0.041295
v 0.024788 -0.003932 -0.039979
v 0.024718 -0.004000 -0.039958
v 0.024779 -0.003966 -0.039976
v 0.024753 -0.003991 -0.039968
v 0.023756 -0.003932 -0.035003
v 0.023798 -0.003932 -0.034896
v 0.023670 -0.004000 -0.034903
v 0.023758 -0.003932 -0.034964
v 0.023739 -0.003965 -0.034968
v 0.023745 -0.003964 -0.034947
v 0.023764 -0.003965 -0.034908
v 0.023773 -0.003932 -0.034925
v 0.023753 -0.003964 -0.034928
v 0.023708 -0.003990 -0.034931
v 0.023718 -0.003990 -0.034910
v 0.023732 -0.003982 -0.034930
v 0.025714 -0.003932 -0.033511
v 0.025672 -0.004000 -0.033457
v 0.025708 -0.003966 -0.033504
v 0.025693 -0.003991 -0.033484
v 0.027662 -0.003932 -0.032006
v 0.027603 -0.004000 -0.031885
v 0.027547 -0.003932 -0.032019
v 0.027640 -0.003965 -0.031982
v 0.027624 -0.003932 -0.031998
v 0.027615 -0.003964 -0.031980
v 0.027593 -0.003990 -0.031937
v 0.027619 -0.003990 -0.031938
v 0.027605 -0.003982 -0.031960
v 0.027582 -0.003932 -0.032002
v 0.027572 -0.003965 -0.031985
v 0.027593 -0.003964 -0.031981
v 0.032311 -0.004000 -0.034254
v 0.032201 -0.003932 -0.034291
v 0.032256 -0.003991 -0.034272
v 0.032216 -0.003966 -0.034286
v 0.033515 -0.003932 -0.034294
v 0.033632 -0.003932 -0.034246
v 0.033526 -0.004000 -0.034256
v 0.033556 -0.003932 -0.034287
v 0.033520 -0.003966 -0.034289
v 0.033556 -0.003964 -0.034284
v 0.033607 -0.003965 -0.034258
v 0.033599 -0.003932 -0.034270
v 0.033584 -0.003964 -0.034274
v 0.033523 -0.003990 -0.034274
v 0.033568 -0.003990 -0.034261
v 0.033560 -0.003983 -0.034275
v 0.034246 -0.003932 -0.033632
v 0.034294 -0.003932 -0.033515
v 0.034222 -0.004000 -0.033560
v 0.034275 -0.003932 -0.033600
v 0.034239 -0.003966 -0.033622
v 0.034266 -0.003964 -0.033591
v 0.034280 -0.003966 -0.033520
v 0.034292 -0.003932 -0.033557
v 0.034279 -0.003964 -0.033560
v 0.034230 -0.003991 -0.033595
v 0.034254 -0.003991 -0.033537
v 0.034260 -0.003982 -0.033572
v 0.034291 -0.003932 -0.032201
v 0.034218 -0.004000 -0.032199
v 0.034281 -0.003966 -0.032201
v 0.034254 -0.003991 -0.032200
v 0.032006 -0.003932 -0.027662
v 0.032019 -0.003932 -0.027547
v 0.031897 -0.004000 -0.027588
v 0.031998 -0.003932 -0.027624
v 0.031981 -0.003965 -0.027632
v 0.031981 -0.003964 -0.027611
v 0.031989 -0.003965 -0.027568
v 0.032002 -0.003932 -0.027582
v 0.031983 -0.003964 -0.027590
v 0.031941 -0.003990 -0.027605
v 0.031945 -0.003990 -0.027582
v 0.031963 -0.003982 -0.027597
v 0.033511 -0.003932 -0.025714
v 0.033457 -0.004000 -0.025672
v 0.033504 -0.003966 -0.025708
v 0.033484 -0.003991 -0.025693
v 0.034896 -0.003932 -0.023798
v 0.035003 -0.003932 -0.023756
v 0.034906 -0.004000 -0.023666
v 0.034925 -0.003932 -0.023773
v 0.034909 -0.003965 -0.023763
v 0.034928 -0.003964 -0.023752
v 0.034970 -0.003965 -0.023739
v 0.034964 -0.003932 -0.023758
v 0.034948 -0.003964 -0.023744
v 0.034912 -0.003990 -0.023715
v 0.034935 -0.003990 -0.023706
v 0.034931 -0.003982 -0.023730
v 0.039979 -0.003932 -0.024788
v 0.040053 -0.004000 -0.024733
v 0.039989 -0.003966 -0.024781
v 0.040016 -0.003991 -0.024761
v 0.041249 -0.003932 -0.024452
v 0.041350 -0.003932 -0.024375
v 0.041226 -0.004000 -0.024424
v 0.041287 -0.003932 -0.024434
v 0.041241 -0.003966 -0.024448
v 0.041281 -0.003965 -0.024433
v 0.041325 -0.003965 -0.024394
v 0.041323 -0.003932 -0.024406
v 0.041307 -0.003964 -0.024416
v 0.041233 -0.003990 -0.024438
v 0.041280 -0.003990 -0.024413
v 0.041278 -0.003983 -0.024426
v 0.041784 -0.003932 -0.023623
v 0.041800 -0.003932 -0.023497
v 0.041740 -0.004000 -0.023535
v 0.041798 -0.003932 -0.023584
v 0.041781 -0.003965 -0.023603
v 0.041794 -0.003964 -0.023573
v 0.041792 -0.003965 -0.023506
v 0.041804 -0.003932 -0.023538
v 0.041797 -0.003964 -0.023542
v 0.041765 -0.003990 -0.023572
v 0.041770 -0.003990 -0.023520
v 0.041785 -0.003982 -0.023553
v 0.041457 -0.003932 -0.022229
v 0.041395 -0.004000 -0.022262
v 0.041448 -0.003966 -0.022233
v 0.041426 -0.003991 -0.022246
v 0.038075 -0.003932 -0.018435
v 0.038057 -0.003932 -0.018322
v 0.037949 -0.004000 -0.018397
v 0.038057 -0.003932 -0.018401
v 0.038044 -0.003965 -0.018415
v 0.038037 -0.003964 -0.018394
v 0.038034 -0.003965 -0.018350
v 0.038050 -0.003932 -0.018360
v 0.038034 -0.003964 -0.018373
v 0.037998 -0.003990 -0.018401
v 0.037994 -0.003990 -0.018378
v 0.038017 -0.003982 -0.018386
v 0.039025 -0.003932 -0.016165
v 0.038961 -0.004000 -0.016138
v 0.039016 -0.003966 -0.016161
v 0.038993 -0.003991 -0.016151
v 0.039866 -0.003932 -0.013955
v 0.039959 -0.003932 -0.013887
v 0.039842 -0.004000 -0.013825
v 0.039888 -0.003932 -0.013923
v 0.039869 -0.003965 -0.013918
v 0.039886 -0.003964 -0.013903
v 0.039922 -0.003965 -0.013879
v 0.039922 -0.003932 -0.013899
v 0.039903 -0.003964 -0.013890
v 0.039861 -0.003990 -0.013871
v 0.039880 -0.003990 -0.013857
v 0.039883 -0.003982 -0.013881
v 0.045032 -0.003932 -0.013596
v 0.045012 -0.004000 -0.013529
v 0.045030 -0.003966 -0.013587
v 0.045022 -0.003991 -0.013562
v 0.046172 -0.003932 -0.012942
v 0.046250 -0.003932 -0.012842
v 0.046173 -0.004000 -0.012863
v 0.046208 -0.003932 -0.012919
v 0.046169 -0.003966 -0.012929
v 0.046203 -0.003964 -0.012907
v 0.046236 -0.003966 -0.012842
v 0.046236 -0.003932 -0.012882
v 0.046223 -0.003964 -0.012881
v 0.046170 -0.003991 -0.012900
v 0.046208 -0.003991 -0.012850
v 0.046203 -0.003982 -0.012886
v 0.046474 -0.003932 -0.012003
v 0.046458 -0.003932 -0.011878
v 0.046418 -0.004000 -0.011947
v 0.046482 -0.003932 -0.011962
v 0.046463 -0.003966 -0.011996
v 0.046471 -0.003964 -0.011956
v 0.046448 -0.003966 -0.011888
v 0.046476 -0.003932 -0.011916
v 0.046467 -0.003964 -0.011924
v 0.046442 -0.003991 -0.011976
v 0.046434 -0.003991 -0.011913
v 0.046456 -0.003982 -0.011942
v 0.045797 -0.003932 -0.010742
v 0.045746 -0.004000 -0.010790
v 0.045790 -0.003966 -0.010748
v 0.045772 -0.003991 -0.010766
v 0.041549 -0.003932 -0.007953
v 0.041503 -0.003932 -0.007847
v 0.041417 -0.004000 -0.007948
v 0.041523 -0.003932 -0.007924
v 0.041514 -0.003965 -0.007941
v 0.041502 -0.003964 -0.007922
v 0.041487 -0.003965 -0.007881
v 0.041506 -0.003932 -0.007886
v 0.041493 -0.003964 -0.007903
v 0.041466 -0.003990 -0.007940
v 0.041456 -0.003990 -0.007918
v 0.041480 -0.003982 -0.007920
v 0.041879 -0.003932 -0.005513
v 0.041811 -0.004000 -0.005505
v 0.041870 -0.003966 -0.005512
v 0.041845 -0.003991 -0.005509
v 0.042120 -0.003932 -0.003162
v 0.042192 -0.003932 -0.003072
v 0.042063 -0.004000 -0.003042
v 0.042133 -0.003932 -0.003125
v 0.042113 -0.003965 -0.003125
v 0.042125 -0.003964 -0.003106
v 0.042154 -0.003965 -0.003074
v 0.042159 -0.003932 -0.003093
v 0.042138 -0.003964 -0.003089
v 0.042093 -0.003990 -0.003082
v 0.042108 -0.003990 -0.003063
v 0.042117 -0.003982 -0.003086
v 0.047017 -0.003932 -0.001478
v 0.046980 -0.004000 -0.001418
v 0.047012 -0.003966 -0.001470
v 0.046998 -0.003991 -0.001448
v 0.047949 -0.003932 -0.000551
v 0.047997 -0.003932 -0.000434
v 0.047929 -0.004000 -0.000474
v 0.047977 -0.003932 -0.000519
v 0.047942 -0.003966 -0.000539
v 0.047969 -0.003964 -0.000509
v 0.047985 -0.003966 -0.000438
v 0.047995 -0.003932 -0.000476
v 0.047982 -0.003964 -0.000479
v 0.047935 -0.003991 -0.000511
v 0.047959 -0.003991 -0.000453
v 0.047964 -0.003982 -0.000489
v 0.047997 -0.003932 0.000434
v 0.047949 -0.003932 0.000551
v 0.047929 -0.004000 0.000474
v 0.047995 -0.003932 0.000476
v 0.047985 -0.003966 0.000438
v 0.047982 -0.003964 0.000479
v 0.047942 -0.003966 0.000539
v 0.047977 -0.003932 0.000519
v 0.047969 -0.003964 0.000509
v 0.047959 -0.003991 0.000453
v 0.047935 -0.003991 0.000511
v 0.047964 -0.003982 0.000489
v 0.047017 -0.003932 0.001478
v 0.046980 -0.004000 0.001418
v 0.047012 -0.003966 0.001470
v 0.046998 -0.003991 0.001448
v 0.042192 -0.003932 0.003072
v 0.042120 -0.003932 0.003162
v 0.042063 -0.004000 0.003042
v 0.042159 -0.003932 0.003093
v 0.042154 -0.003965 0.003074
v 0.042138 -0.003964 0.003089
v 0.042113 -0.003965 0.003125
v 0.042133 -0.003932 0.003125
v 0.042125 -0.003964 0.003106
v 0.042108 -0.003990 0.003063
v 0.042093 -0.003990 0.003082
v 0.042117 -0.003982 0.003086
v 0.041879 -0.003932 0.005513
v 0.041811 -0.004000 0.005505
v 0.041870 -0.003966 0.005512
v 0.041845 -0.003991 0.005509
v -0.005280 0.003932 -0.009145
v -0.005314 0.004000 -0.009205
v -0.005285 0.003966 -0.009153
v -0.005297 0.003991 -0.009175
v -0.005371 0.003932 -0.009085
v -0.005500 0.004000 -0.009080
v -0.005388 0.003966 -0.009084
v -0.005435 0.003991 -0.009083
v -0.002733 0.003932 -0.010200
v -0.002751 0.004000 -0.010266
v -0.002736 0.003966 -0.010209
v -0.002742 0.003991 -0.010233
v -0.004041 0.003932 -0.009756
v -0.004067 0.004000 -0.009820
v -0.004045 0.003966 -0.009765
v -0.004054 0.003991 -0.009788
v -0.001378 0.003932 -0.010470
v -0.001387 0.004000 -0.010538
v -0.001380 0.003966 -0.010479
v -0.001383 0.003991 -0.010504
v 0.001378 0.003932 -0.010470
v 0.001387 0.004000 -0.010538
v 0.001380 0.003966 -0.010479
v 0.001383 0.003991 -0.010504
v 0.000000 0.003932 -0.010560
v 0.000000 0.004000 -0.010629
v 0.000000 0.003966 -0.010569
v 0.000000 0.003991 -0.010594
v 0.004041 0.003932 -0.009756
v 0.004067 0.004000 -0.009820
v 0.004045 0.003966 -0.009765
v 0.004054 0.003991 -0.009788
v 0.004739 0.003932 -0.009412
v 0.004884 0.004000 -0.009417
v 0.004758 0.003966 -0.009413
v 0.004812 0.003991 -0.009414
v 0.002751 0.004000 -0.010266
v 0.002733 0.003932 -0.010200
v 0.002742 0.003991 -0.010233
v 0.002736 0.003966 -0.010209
v -0.006956 0.003932 -0.007915
v -0.007060 0.004000 -0.007915
v -0.006970 0.003966 -0.007915
v -0.007008 0.003991 -0.007915
v -0.006470 0.004000 -0.008432
v -0.006429 0.003932 -0.008378
v -0.006449 0.003991 -0.008405
v -0.006434 0.003966 -0.008385
v 0.005314 0.004000 -0.009205
v 0.005280 0.003932 -0.009145
v 0.005297 0.003991 -0.009175
v 0.005285 0.003966 -0.009153
v 0.006429 0.003932 -0.008378
v 0.006470 0.004000 -0.008432
v 0.006434 0.003966 -0.008385
v 0.006449 0.003991 -0.008405
v 0.006956 0.003932 -0.007915
v 0.007060 0.004000 -0.007915
v 0.006970 0.003966 -0.007915
v 0.007008 0.003991 -0.007915
v -0.008333 0.003932 -0.006480
v -0.008426 0.004000 -0.006477
v -0.008345 0.003966 -0.006479
v -0.008380 0.003991 -0.006478
v -0.007467 0.003932 -0.007467
v -0.007516 0.004000 -0.007516
v -0.007474 0.003966 -0.007474
v -0.007491 0.003991 -0.007491
v 0.007467 0.003932 -0.007467
v 0.007516 0.004000 -0.007516
v 0.007474 0.003966 -0.007474
v 0.007491 0.003991 -0.007491
v 0.007922 0.003932 -0.006948
v 0.008011 0.004000 -0.006951
v 0.007934 0.003966 -0.006948
v 0.007967 0.003991 -0.006949
v -0.008378 0.003932 -0.006429
v -0.008432 0.004000 -0.006470
v -0.008385 0.003966 -0.006434
v -0.008405 0.003991 -0.006449
v -0.008989 0.003932 -0.005513
v -0.009072 0.004000 -0.005513
v -0.009000 0.003966 -0.005513
v -0.009030 0.003991 -0.005513
v 0.008989 0.003932 -0.005513
v 0.009072 0.004000 -0.005513
v 0.009000 0.003966 -0.005513
v 0.009030 0.003991 -0.005513
v 0.008378 0.003932 -0.006429
v 0.008432 0.004000 -0.006470
v 0.008385 0.003966 -0.006434
v 0.008405 0.003991 -0.006449
v -0.009761 0.003932 -0.004026
v -0.009834 0.004000 -0.004024
v -0.009771 0.003966 -0.004026
v -0.009798 0.003991 -0.004025
v -0.009756 0.003932 -0.004041
v -0.009820 0.004000 -0.004067
v -0.009765 0.003966 -0.004045
v -0.009788 0.003991 -0.004054
v -0.009145 0.003932 -0.005280
v -0.009205 0.004000 -0.005314
v -0.009153 0.003966 -0.005285
v -0.009175 0.003991 -0.005297
v 0.009145 0.003932 -0.005280
v 0.009205 0.004000 -0.005314
v 0.009153 0.003966 -0.005285
v 0.009175 0.003991 -0.005297
v 0.009490 0.003932 -0.004580
v 0.009565 0.004000 -0.004583
v 0.009500 0.003966 -0.004581
v 0.009528 0.003991 -0.004582
v -0.010078 0.003932 -0.003094
v -0.010150 0.004000 -0.003094
v -0.010088 0.003966 -0.003094
v -0.010114 0.003991 -0.003094
v 0.010078 0.003932 -0.003094
v 0.010150 0.004000 -0.003094
v 0.010088 0.003966 -0.003094
v 0.010114 0.003991 -0.003094
v 0.009756 0.003932 -0.004041
v 0.009820 0.004000 -0.004067
v 0.009765 0.003966 -0.004045
v 0.009788 0.003991 -0.004054
v -0.010318 0.003932 -0.002143
v -0.010388 0.004000 -0.002142
v -0.010327 0.003966 -0.002143
v -0.010353 0.003991 -0.002142
v -0.010200 0.003932 -0.002733
v -0.010266 0.004000 -0.002751
v -0.010209 0.003966 -0.002736
v -0.010233 0.003991 -0.002742
v 0.010200 0.003932 -0.002733
v 0.010266 0.004000 -0.002751
v 0.010209 0.003966 -0.002736
v 0.010233 0.003991 -0.002742
v 0.010243 0.003932 -0.002516
v 0.010313 0.004000 -0.002517
v 0.010253 0.003966 -0.002516
v 0.010278 0.003991 -0.002516
v -0.010450 0.003932 -0.001478
v -0.010520 0.004000 -0.001478
v -0.010459 0.003966 -0.001478
v -0.010485 0.003991 -0.001478
v 0.010450 0.003932 -0.001478
v 0.010520 0.004000 -0.001478
v 0.010459 0.003966 -0.001478
v 0.010485 0.003991 -0.001478
v -0.010502 0.003932 -0.000887
v -0.010571 0.004000 -0.000887
v -0.010511 0.003966 -0.000887
v -0.010536 0.003991 -0.000887
v -0.010470 0.003932 -0.001378
v -0.010538 0.004000 -0.001387
v -0.010479 0.003966 -0.001380
v -0.010504 0.003991 -0.001383
v 0.010470 0.003932 -0.001378
v 0.010538 0.004000 -0.001387
v 0.010479 0.003966 -0.001380
v 0.010504 0.003991 -0.001383
v 0.010488 0.003932 -0.001103
v 0.010556 0.004000 -0.001103
v 0.010497 0.003966 -0.001103
v 0.010522 0.003991 -0.001103
v -0.010527 0.003932 -0.000503
v -0.010596 0.004000 -0.000503
v -0.010536 0.003966 -0.000503
v -0.010561 0.003991 -0.000503
v 0.010527 0.003932 -0.000503
v 0.010596 0.004000 -0.000503
v 0.010536 0.003966 -0.000503
v 0.010561 0.003991 -0.000503
v -0.010553 0.003932 0.000111
v -0.010621 0.004000 0.000111
v -0.010562 0.003966 0.000111
v -0.010587 0.003991 0.000111
v -0.010560 0.003932 0.000000
v -0.010629 0.004000 -0.000000
v -0.010569 0.003966 -0.000000
v -0.010594 0.003991 -0.000000
v 0.010553 0.003932 -0.000111
v 0.010621 0.004000 -0.000111
v 0.010562 0.003966 -0.000111
v 0.010587 0.003991 -0.000111
v -0.010527 0.003932 0.000503
v -0.010596 0.004000 0.000503
v -0.010536 0.003966 0.000503
v -0.010561 0.003991 0.000503
v 0.010560 0.003932 0.000000
v 0.010629 0.004000 0.000000
v 0.010569 0.003966 0.000000
v 0.010594 0.003991 0.000000
v 0.010527 0.003932 0.000503
v 0.010596 0.004000 0.000503
v 0.010536 0.003966 0.000503
v 0.010561 0.003991 0.000503
v 0.010502 0.003932 0.000887
v 0.010571 0.004000 0.000887
v 0.010511 0.003966 0.000887
v 0.010536 0.003991 0.000887
v -0.010488 0.003932 0.001103
v -0.010556 0.004000 0.001103
v -0.010497 0.003966 0.001103
v -0.010522 0.003991 0.001103
v -0.010450 0.003932 0.001478
v -0.010520 0.004000 0.001478
v -0.010459 0.003966 0.001478
v -0.010485 0.003991 0.001478
v -0.010538 0.004000 0.001387
v -0.010470 0.003932 0.001378
v -0.010504 0.003991 0.001383
v -0.010479 0.003966 0.001380
v 0.010470 0.003932 0.001378
v 0.010538 0.004000 0.001387
v 0.010479 0.003966 0.001380
v 0.010504 0.003991 0.001383
v 0.010450 0.003932 0.001478
v 0.010520 0.004000 0.001478
v 0.010459 0.003966 0.001478
v 0.010485 0.003991 0.001478
v 0.010318 0.003932 0.002143
v 0.010388 0.004000 0.002142
v 0.010327 0.003966 0.002143
v 0.010353 0.003991 0.002142
v -0.010243 0.003932 0.002516
v -0.010313 0.004000 0.002517
v -0.010253 0.003966 0.002516
v -0.010278 0.003991 0.002516
v -0.010078 0.003932 0.003094
v -0.010150 0.004000 0.003094
v -0.010088 0.003966 0.003094
v -0.010114 0.003991 0.003094
v -0.010266 0.004000 0.002751
v -0.010200 0.003932 0.002733
v -0.010233 0.003991 0.002742
v -0.010209 0.003966 0.002736
v 0.010078 0.003932 0.003094
v 0.010150 0.004000 0.003094
v 0.010088 0.003966 0.003094
v 0.010114 0.003991 0.003094
v 0.010200 0.003932 0.002733
v 0.010266 0.004000 0.002751
v 0.010209 0.003966 0.002736
v 0.010233 0.003991 0.002742
v -0.009756 0.003932 0.004041
v -0.009820 0.004000 0.004067
v -0.009765 0.003966 0.004045
v -0.009788 0.003991 0.004054
v 0.009761 0.003932 0.004026
v 0.009834 0.004000 0.004024
v 0.009771 0.003966 0.004026
v 0.009798 0.003991 0.004025
v -0.009490 0.003932 0.004580
v -0.009565 0.004000 0.004583
v -0.009500 0.003966 0.004581
v -0.009528 0.003991 0.004582
v -0.009205 0.004000 0.005314
v -0.009145 0.003932 0.005280
v -0.009175 0.003991 0.005297
v -0.009153 0.003966 0.005285
v -0.008989 0.003932 0.005513
v -0.009072 0.004000 0.005513
v -0.009000 0.003966 0.005513
v -0.009030 0.003991 0.005513
v 0.008989 0.003932 0.005513
v 0.009072 0.004000 0.005513
v 0.009000 0.003966 0.005513
v 0.009030 0.003991 0.005513
v 0.009145 0.003932 0.005280
v 0.009205 0.004000 0.005314
v 0.009153 0.003966 0.005285
v 0.009175 0.003991 0.005297
v 0.009756 0.003932 0.004041
v 0.009820 0.004000 0.004067
v 0.009765 0.003966 0.004045
v 0.009788 0.003991 0.004054
v -0.008378 0.003932 0.006429
v -0.008432 0.004000 0.006470
v -0.008385 0.003966 0.006434
v -0.008405 0.003991 0.006449
v 0.008378 0.003932 0.006429
v 0.008432 0.004000 0.006470
v 0.008385 0.003966 0.006434
v 0.008405 0.003991 0.006449
v 0.008333 0.003932 0.006480
v 0.008426 0.004000 0.006477
v 0.008345 0.003966 0.006479
v 0.008380 0.003991 0.006478
v -0.007922 0.003932 0.006948
v -0.008011 0.004000 0.006951
v -0.007934 0.003966 0.006948
v -0.007967 0.003991 0.006949
v -0.006956 0.003932 0.007915
v -0.007060 0.004000 0.007915
v -0.006970 0.003966 0.007915
v -0.007008 0.003991 0.007915
v -0.007516 0.004000 0.007516
v -0.007467 0.003932 0.007467
v -0.007491 0.003991 0.007491
v -0.007474 0.003966 0.007474
v 0.006956 0.003932 0.007915
v 0.007060 0.004000 0.007915
v 0.006970 0.003966 0.007915
v 0.007008 0.003991 0.007915
v 0.007467 0.003932 0.007467
v 0.007516 0.004000 0.007516
v 0.007474 0.003966 0.007474
v 0.007491 0.003991 0.007491
v -0.005280 0.003932 0.009145
v -0.005314 0.004000 0.009205
v -0.005285 0.003966 0.009153
v -0.005297 0.003991 0.009175
v -0.006470 0.004000 0.008432
v -0.006429 0.003932 0.008378
v -0.006449 0.003991 0.008405
v -0.006434 0.003966 0.008385
v -0.004739 0.003932 0.009412
v -0.004884 0.004000 0.009417
v -0.004758 0.003966 0.009413
v -0.004812 0.003991 0.009414
v 0.005371 0.003932 0.009085
v 0.005500 0.004000 0.009080
v 0.005388 0.003966 0.009084
v 0.005435 0.003991 0.009083
v 0.006470 0.004000 0.008432
v 0.006429 0.003932 0.008378
v 0.006449 0.003991 0.008405
v 0.006434 0.003966 0.008385
v -0.002733 0.003932 0.010200
v -0.002751 0.004000 0.010266
v -0.002736 0.003966 0.010209
v -0.002742 0.003991 0.010233
v -0.004067 0.004000 0.009820
v -0.004041 0.003932 0.009756
v -0.004054 0.003991 0.009788
v -0.004045 0.003966 0.009765
v 0.000000 0.003932 0.010560
v 0.000000 0.004000 0.010629
v 0.000000 0.003966 0.010569
v 0.000000 0.003991 0.010594
v -0.001378 0.003932 0.010470
v -0.001387 0.004000 0.010538
v -0.001380 0.003966 0.010479
v -0.001383 0.003991 0.010504
v 0.002733 0.003932 0.010200
v 0.002751 0.004000 0.010266
v 0.002736 0.003966 0.010209
v 0.002742 0.003991 0.010233
v 0.005280 0.003932 0.009145
v 0.005314 0.004000 0.009205
v 0.005285 0.003966 0.009153
v 0.005297 0.003991 0.009175
v 0.001378 0.003932 0.010470
v 0.001387 0.004000 0.010538
v 0.001380 0.003966 0.010479
v 0.001383 0.003991 0.010504
v 0.004041 0.003932 0.009756
v 0.004067 0.004000 0.009820
v 0.004045 0.003966 0.009765
v 0.004054 0.003991 0.009788
v -0.005314 -0.004000 -0.009205
v -0.005280 -0.003932 -0.009145
v -0.005297 -0.003991 -0.009175
v -0.005285 -0.003966 -0.009153
v -0.005371 -0.003932 -0.009085
v -0.005500 -0.004000 -0.009080
v -0.005388 -0.003966 -0.009084
v -0.005435 -0.003991 -0.009083
v -0.002733 -0.003932 -0.010200
v -0.002751 -0.004000 -0.010266
v -0.002736 -0.003966 -0.010209
v -0.002742 -0.003991 -0.010233
v -0.004041 -0.003932 -0.009756
v -0.004067 -0.004000 -0.009820
v -0.004045 -0.003966 -0.009765
v -0.004054 -0.003991 -0.009788
v -0.001378 -0.003932 -0.010470
v -0.001387 -0.004000 -0.010538
v -0.001380 -0.003966 -0.010479
v -0.001383 -0.003991 -0.010504
v 0.001378 -0.003932 -0.010470
v 0.001387 -0.004000 -0.010538
v 0.001380 -0.003966 -0.010479
v 0.001383 -0.003991 -0.010504
v 0.000000 -0.003932 -0.010560
v 0.000000 -0.004000 -0.010629
v 0.000000 -0.003966 -0.010569
v 0.000000 -0.003991 -0.010594
v 0.004739 -0.003932 -0.009412
v 0.004884 -0.004000 -0.009417
v 0.004758 -0.003966 -0.009413
v 0.004812 -0.003991 -0.009414
v 0.004041 -0.003932 -0.009756
v 0.004067 -0.004000 -0.009820
v 0.004045 -0.003966 -0.009765
v 0.004054 -0.003991 -0.009788
v 0.002733 -0.003932 -0.010200
v 0.002751 -0.004000 -0.010266
v 0.002736 -0.003966 -0.010209
v 0.002742 -0.003991 -0.010233
v -0.006956 -0.003932 -0.007915
v -0.007060 -0.004000 -0.007915
v -0.006970 -0.003966 -0.007915
v -0.007008 -0.003991 -0.007915
v -0.006429 -0.003932 -0.008378
v -0.006470 -0.004000 -0.008432
v -0.006434 -0.003966 -0.008385
v -0.006449 -0.003991 -0.008405
v 0.006956 -0.003932 -0.007915
v 0.007060 -0.004000 -0.007915
v 0.006970 -0.003966 -0.007915
v 0.007008 -0.003991 -0.007915
v 0.006470 -0.004000 -0.008432
v 0.006429 -0.003932 -0.008378
v 0.006449 -0.003991 -0.008405
v 0.006434 -0.003966 -0.008385
v 0.005280 -0.003932 -0.009145
v 0.005314 -0.004000 -0.009205
v 0.005285 -0.003966 -0.009153
v 0.005297 -0.003991 -0.009175
v -0.008333 -0.003932 -0.006480
v -0.008426 -0.004000 -0.006477
v -0.008345 -0.003966 -0.006479
v -0.008380 -0.003991 -0.006478
v -0.007467 -0.003932 -0.007467
v -0.007516 -0.004000 -0.007516
v -0.007474 -0.003966 -0.007474
v -0.007491 -0.003991 -0.007491
v 0.007922 -0.003932 -0.006948
v 0.008011 -0.004000 -0.006951
v 0.007934 -0.003966 -0.006948
v 0.007967 -0.003991 -0.006949
v 0.007516 -0.004000 -0.007516
v 0.007467 -0.003932 -0.007467
v 0.007491 -0.003991 -0.007491
v 0.007474 -0.003966 -0.007474
v -0.008989 -0.003932 -0.005513
v -0.009072 -0.004000 -0.005513
v -0.009000 -0.003966 -0.005513
v -0.009030 -0.003991 -0.005513
v -0.008378 -0.003932 -0.006429
v -0.008432 -0.004000 -0.006470
v -0.008385 -0.003966 -0.006434
v -0.008405 -0.003991 -0.006449
v 0.008989 -0.003932 -0.005513
v 0.009072 -0.004000 -0.005513
v 0.009000 -0.003966 -0.005513
v 0.009030 -0.003991 -0.005513
v 0.008378 -0.003932 -0.006429
v 0.008432 -0.004000 -0.006470
v 0.008385 -0.003966 -0.006434
v 0.008405 -0.003991 -0.006449
v -0.009761 -0.003932 -0.004026
v -0.009834 -0.004000 -0.004024
v -0.009771 -0.003966 -0.004026
v -0.009798 -0.003991 -0.004025
v -0.009756 -0.003932 -0.004041
v -0.009820 -0.004000 -0.004067
v -0.009765 -0.003966 -0.004045
v -0.009788 -0.003991 -0.004054
v -0.009145 -0.003932 -0.005280
v -0.009205 -0.004000 -0.005314
v -0.009153 -0.003966 -0.005285
v -0.009175 -0.003991 -0.005297
v 0.009490 -0.003932 -0.004580
v 0.009565 -0.004000 -0.004583
v 0.009500 -0.003966 -0.004581
v 0.009528 -0.003991 -0.004582
v 0.009145 -0.003932 -0.005280
v 0.009205 -0.004000 -0.005314
v 0.009153 -0.003966 -0.005285
v 0.009175 -0.003991 -0.005297
v -0.010078 -0.003932 -0.003094
v -0.010150 -0.004000 -0.003094
v -0.010088 -0.003966 -0.003094
v -0.010114 -0.003991 -0.003094
v 0.010078 -0.003932 -0.003094
v 0.010150 -0.004000 -0.003094
v 0.010088 -0.003966 -0.003094
v 0.010114 -0.003991 -0.003094
v 0.009756 -0.003932 -0.004041
v 0.009820 -0.004000 -0.004067
v 0.009765 -0.003966 -0.004045
v 0.009788 -0.003991 -0.004054
v -0.010200 -0.003932 -0.002733
v -0.010266 -0.004000 -0.002751
v -0.010209 -0.003966 -0.002736
v -0.010233 -0.003991 -0.002742
v -0.010318 -0.003932 -0.002143
v -0.010388 -0.004000 -0.002142
v -0.010327 -0.003966 -0.002143
v -0.010353 -0.003991 -0.002142
v 0.010243 -0.003932 -0.002516
v 0.010313 -0.004000 -0.002517
v 0.010253 -0.003966 -0.002516
v 0.010278 -0.003991 -0.002516
v 0.010266 -0.004000 -0.002751
v 0.010200 -0.003932 -0.002733
v 0.010233 -0.003991 -0.002742
v 0.010209 -0.003966 -0.002736
v -0.010450 -0.003932 -0.001478
v -0.010520 -0.004000 -0.001478
v -0.010459 -0.003966 -0.001478
v -0.010485 -0.003991 -0.001478
v 0.010450 -0.003932 -0.001478
v 0.010520 -0.004000 -0.001478
v 0.010459 -0.003966 -0.001478
v 0.010485 -0.003991 -0.001478
v -0.010470 -0.003932 -0.001378
v -0.010538 -0.004000 -0.001387
v -0.010479 -0.003966 -0.001380
v -0.010504 -0.003991 -0.001383
v -0.010502 -0.003932 -0.000887
v -0.010571 -0.004000 -0.000887
v -0.010511 -0.003966 -0.000887
v -0.010536 -0.003991 -0.000887
v 0.010488 -0.003932 -0.001103
v 0.010556 -0.004000 -0.001103
v 0.010497 -0.003966 -0.001103
v 0.010522 -0.003991 -0.001103
v 0.010538 -0.004000 -0.001387
v 0.010470 -0.003932 -0.001378
v 0.010504 -0.003991 -0.001383
v 0.010479 -0.003966 -0.001380
v -0.010527 -0.003932 -0.000503
v -0.010596 -0.004000 -0.000503
v -0.010536 -0.003966 -0.000503
v -0.010561 -0.003991 -0.000503
v 0.010527 -0.003932 -0.000503
v 0.010596 -0.004000 -0.000503
v 0.010536 -0.003966 -0.000503
v 0.010561 -0.003991 -0.000503
v -0.010553 -0.003932 0.000111
v -0.010621 -0.004000 0.000111
v -0.010562 -0.003966 0.000111
v -0.010587 -0.003991 0.000111
v -0.010629 -0.004000 -0.000000
v -0.010560 -0.003932 0.000000
v -0.010594 -0.003991 -0.000000
v -0.010569 -0.003966 -0.000000
v 0.010553 -0.003932 -0.000111
v 0.010621 -0.004000 -0.000111
v 0.010562 -0.003966 -0.000111
v 0.010587 -0.003991 -0.000111
v -0.010527 -0.003932 0.000503
v -0.010596 -0.004000 0.000503
v -0.010536 -0.003966 0.000503
v -0.010561 -0.003991 0.000503
v 0.010560 -0.003932 0.000000
v 0.010629 -0.004000 0.000000
v 0.010569 -0.003966 0.000000
v 0.010594 -0.003991 0.000000
v 0.010527 -0.003932 0.000503
v 0.010596 -0.004000 0.000503
v 0.010536 -0.003966 0.000503
v 0.010561 -0.003991 0.000503
v 0.010502 -0.003932 0.000887
v 0.010571 -0.004000 0.000887
v 0.010511 -0.003966 0.000887
v 0.010536 -0.003991 0.000887
v -0.010488 -0.003932 0.001103
v -0.010556 -0.004000 0.001103
v -0.010497 -0.003966 0.001103
v -0.010522 -0.003991 0.001103
v -0.010538 -0.004000 0.001387
v -0.010470 -0.003932 0.001378
v -0.010504 -0.003991 0.001383
v -0.010479 -0.003966 0.001380
v -0.010450 -0.003932 0.001478
v -0.010520 -0.004000 0.001478
v -0.010459 -0.003966 0.001478
v -0.010485 -0.003991 0.001478
v 0.010538 -0.004000 0.001387
v 0.010470 -0.003932 0.001378
v 0.010504 -0.003991 0.001383
v 0.010479 -0.003966 0.001380
v 0.010450 -0.003932 0.001478
v 0.010520 -0.004000 0.001478
v 0.010459 -0.003966 0.001478
v 0.010485 -0.003991 0.001478
v -0.010243 -0.003932 0.002516
v -0.010313 -0.004000 0.002517
v -0.010253 -0.003966 0.002516
v -0.010278 -0.003991 0.002516
v 0.010318 -0.003932 0.002143
v 0.010388 -0.004000 0.002142
v 0.010327 -0.003966 0.002143
v 0.010353 -0.003991 0.002142
v -0.010266 -0.004000 0.002751
v -0.010200 -0.003932 0.002733
v -0.010233 -0.003991 0.002742
v -0.010209 -0.003966 0.002736
v -0.010078 -0.003932 0.003094
v -0.010150 -0.004000 0.003094
v -0.010088 -0.003966 0.003094
v -0.010114 -0.003991 0.003094
v 0.010078 -0.003932 0.003094
v 0.010150 -0.004000 0.003094
v 0.010088 -0.003966 0.003094
v 0.010114 -0.003991 0.003094
v 0.010266 -0.004000 0.002751
v 0.010200 -0.003932 0.002733
v 0.010233 -0.003991 0.002742
v 0.010209 -0.003966 0.002736
v 0.009761 -0.003932 0.004026
v 0.009834 -0.004000 0.004024
v 0.009771 -0.003966 0.004026
v 0.009798 -0.003991 0.004025
v -0.009490 -0.003932 0.004580
v -0.009565 -0.004000 0.004583
v -0.009500 -0.003966 0.004581
v -0.009528 -0.003991 0.004582
v -0.009820 -0.004000 0.004067
v -0.009756 -0.003932 0.004041
v -0.009788 -0.003991 0.004054
v -0.009765 -0.003966 0.004045
v -0.008989 -0.003932 0.005513
v -0.009072 -0.004000 0.005513
v -0.009000 -0.003966 0.005513
v -0.009030 -0.003991 0.005513
v -0.009205 -0.004000 0.005314
v -0.009145 -0.003932 0.005280
v -0.009175 -0.003991 0.005297
v -0.009153 -0.003966 0.005285
v 0.008989 -0.003932 0.005513
v 0.009072 -0.004000 0.005513
v 0.009000 -0.003966 0.005513
v 0.009030 -0.003991 0.005513
v 0.009145 -0.003932 0.005280
v 0.009205 -0.004000 0.005314
v 0.009153 -0.003966 0.005285
v 0.009175 -0.003991 0.005297
v 0.009756 -0.003932 0.004041
v 0.009820 -0.004000 0.004067
v 0.009765 -0.003966 0.004045
v 0.009788 -0.003991 0.004054
v -0.008378 -0.003932 0.006429
v -0.008432 -0.004000 0.006470
v -0.008385 -0.003966 0.006434
v -0.008405 -0.003991 0.006449
v 0.008432 -0.004000 0.006470
v 0.008378 -0.003932 0.006429
v 0.008405 -0.003991 0.006449
v 0.008385 -0.003966 0.006434
v 0.008333 -0.003932 0.006480
v 0.008426 -0.004000 0.006477
v 0.008345 -0.003966 0.006479
v 0.008380 -0.003991 0.006478
v -0.007922 -0.003932 0.006948
v -0.008011 -0.004000 0.006951
v -0.007934 -0.003966 0.006948
v -0.007967 -0.003991 0.006949
v -0.006956 -0.003932 0.007915
v -0.007060 -0.004000 0.007915
v -0.006970 -0.003966 0.007915
v -0.007008 -0.003991 0.007915
v -0.007516 -0.004000 0.007516
v -0.007467 -0.003932 0.007467
v -0.007491 -0.003991 0.007491
v -0.007474 -0.003966 0.007474
v 0.006956 -0.003932 0.007915
v 0.007060 -0.004000 0.007915
v 0.006970 -0.003966 0.007915
v 0.007008 -0.003991 0.007915
v 0.007516 -0.004000 0.007516
v 0.007467 -0.003932 0.007467
v 0.007491 -0.003991 0.007491
v 0.007474 -0.003966 0.007474
v -0.006429 -0.003932 0.008378
v -0.006470 -0.004000 0.008432
v -0.006434 -0.003966 0.008385
v -0.006449 -0.003991 0.008405
v 0.006429 -0.003932 0.008378
v 0.006470 -0.004000 0.008432
v 0.006434 -0.003966 0.008385
v 0.006449 -0.003991 0.008405
v 0.005371 -0.003932 0.009085
v 0.005500 -0.004000 0.009080
v 0.005388 -0.003966 0.009084
v 0.005435 -0.003991 0.009083
v -0.004739 -0.003932 0.009412
v -0.004884 -0.004000 0.009417
v -0.004758 -0.003966 0.009413
v -0.004812 -0.003991 0.009414
v -0.005314 -0.004000 0.009205
v -0.005280 -0.003932 0.009145
v -0.005297 -0.003991 0.009175
v -0.005285 -0.003966 0.009153
v -0.004041 -0.003932 0.009756
v -0.004067 -0.004000 0.009820
v -0.004045 -0.003966 0.009765
v -0.004054 -0.003991 0.009788
v -0.001378 -0.003932 0.010470
v -0.001387 -0.004000 0.010538
v -0.001380 -0.003966 0.010479
v -0.001383 -0.003991 0.010504
v 0.000000 -0.003932 0.010560
v 0.000000 -0.004000 0.010629
v -0.000000 -0.003966 0.010569
v -0.000000 -0.003991 0.010594
v -0.002733 -0.003932 0.010200
v -0.002751 -0.004000 0.010266
v -0.002736 -0.003966 0.010209
v -0.002742 -0.003991 0.010233
v 0.002733 -0.003932 0.010200
v 0.002751 -0.004000 0.010266
v 0.002736 -0.003966 0.010209
v 0.002742 -0.003991 0.010233
v 0.001378 -0.003932 0.010470
v 0.001387 -0.004000 0.010538
v 0.001380 -0.003966 0.010479
v 0.001383 -0.003991 0.010504
v 0.004041 -0.003932 0.009756
v 0.004067 -0.004000 0.009820
v 0.004045 -0.003966 0.009765
v 0.004054 -0.003991 0.009788
v 0.005280 -0.003932 0.009145
v 0.005314 -0.004000 0.009205
v 0.005285 -0.003966 0.009153
v 0.005297 -0.003991 0.009175
vn 0.9837 0.1695 0.0604
vn 0.7799 0.6251 -0.0317
vn 0.6969 0.6597 -0.2814
vn 0.9371 0.2546 -0.2389
vn 0.5841 0.8035 -0.1153
vn 0.5177 0.8246 -0.2282
vn 0.2279 0.9685 -0.1004
vn 0.4793 0.8035 -0.3532
vn 0.5497 0.6252 -0.5540
vn 0.6778 0.6597 -0.3245
vn 0.6193 0.1695 -0.7666
vn 0.8086 0.2546 -0.5304
vn 0.8691 0.1644 -0.4665
vn 0.7513 0.5261 -0.3985
vn 0.8317 0.4923 -0.2567
vn 0.9415 0.1674 -0.2925
vn 0.6431 0.6939 -0.3240
vn 0.7429 0.6621 -0.0989
vn 0.4223 0.9047 -0.0562
vn 0.7051 0.6941 0.1453
vn 0.8234 0.5356 0.1875
vn 0.8699 0.4923 0.0303
vn 0.9587 0.1769 0.2226
vn 0.9852 0.1674 0.0360
vn 0.9416 0.1769 0.2866
vn 0.8068 0.5356 0.2493
vn 0.7685 0.4923 0.4088
vn 0.8712 0.1674 0.4614
vn 0.6833 0.6941 0.2268
vn 0.5939 0.6621 0.4571
vn 0.3375 0.9048 0.2598
vn 0.3949 0.6939 0.6022
vn 0.4514 0.5261 0.7207
vn 0.5919 0.4923 0.6382
vn 0.5194 0.1643 0.8386
vn 0.6691 0.1674 0.7241
vn 0.1530 0.1695 0.9736
vn 0.1991 0.6252 0.7547
vn 0.4248 0.6597 0.6199
vn 0.4351 0.2546 0.8636
vn 0.2385 0.8035 0.5454
vn 0.3342 0.8246 0.4564
vn 0.1471 0.9685 0.2010
vn 0.4481 0.8035 0.3919
vn 0.6595 0.6252 0.4174
vn 0.4628 0.6597 0.5921
vn 0.8821 0.1695 0.4396
vn 0.6921 0.2546 0.6754
vn 0.9346 0.1695 0.3128
vn 0.7615 0.6252 0.1712
vn 0.7459 0.6598 -0.0915
vn 0.9670 0.2547 0.0117
vn 0.5940 0.8035 0.0397
vn 0.5591 0.8246 -0.0864
vn 0.2461 0.9685 -0.0380
vn 0.5544 0.8035 -0.2170
vn 0.6744 0.6252 -0.3928
vn 0.7387 0.6598 -0.1380
vn 0.7966 0.1696 -0.5802
vn 0.9184 0.2547 -0.3029
vn 0.9713 0.1291 -0.1998
vn 0.8577 0.4843 -0.1726
vn 0.9101 0.4140 -0.0173
vn 0.9945 0.1046 -0.0067
vn 0.7122 0.6844 -0.1562
vn 0.7512 0.6544 0.0859
vn 0.3523 0.9352 0.0365
vn 0.6030 0.7372 0.3048
vn 0.7596 0.5364 0.3678
vn 0.8649 0.4426 0.2367
vn 0.8800 0.1550 0.4491
vn 0.9568 0.1119 0.2682
vn 0.8204 0.1516 0.5513
vn 0.7010 0.5107 0.4977
vn 0.6335 0.3770 0.6757
vn 0.6977 0.0826 0.7116
vn 0.5722 0.7011 0.4255
vn 0.4753 0.5099 0.7171
vn 0.2673 0.8467 0.4600
vn 0.2696 0.4329 0.8602
vn 0.3032 0.2881 0.9083
vn 0.4549 0.2623 0.8511
vn 0.3363 0.0701 0.9391
vn 0.5082 0.0600 0.8591
vn 0.7382 0.1695 0.6529
vn 0.4937 0.2546 0.8315
vn 0.2938 0.6597 0.6917
vn 0.5290 0.6252 0.5739
vn 0.1968 0.2546 0.9468
vn 0.2499 0.6597 0.7088
vn -0.1042 0.1695 0.9800
vn -0.0030 0.6252 0.7805
vn 0.0893 0.8035 0.5885
vn 0.2047 0.8246 0.5274
vn 0.0901 0.9685 0.2322
vn 0.3314 0.8035 0.4946
vn 0.8217 0.1695 0.5441
vn 0.6913 0.6251 0.3624
vn 0.7442 0.6597 0.1047
vn 0.9310 0.2546 0.2617
vn 0.5635 0.8035 0.1921
vn 0.5624 0.8246 0.0613
vn 0.2476 0.9685 0.0270
vn 0.5916 0.8035 -0.0661
vn 0.7531 0.6252 -0.2049
vn 0.7493 0.6597 0.0579
vn 0.9196 0.1695 -0.3543
vn 0.9655 0.2546 -0.0550
vn 0.9872 0.1458 0.0651
vn 0.8547 0.5137 0.0747
vn 0.8839 0.3910 0.2566
vn 0.9605 0.0876 0.2641
vn 0.6998 0.7109 0.0694
vn 0.7573 0.5413 0.3653
vn 0.4257 0.8748 0.2313
vn 0.6458 0.4892 0.5862
vn 0.7113 0.3218 0.6249
vn 0.8155 0.2910 0.5002
vn 0.7615 0.0744 0.6439
vn 0.8706 0.0671 0.4874
vn 0.0460 0.1565 0.9866
vn 0.2237 0.1355 0.9652
vn 0.2166 0.4188 0.8818
vn 0.0379 0.5155 0.8560
vn 0.4750 0.0793 0.8764
vn 0.4675 0.3049 0.8297
vn 0.6395 0.0688 0.7657
vn 0.6148 0.3184 0.7216
vn 0.5534 0.4881 0.6749
vn 0.3290 0.5246 0.7852
vn 0.2024 0.8476 0.4905
vn 0.0589 0.6691 0.7408
vn 0.5441 0.1695 0.8217
vn 0.2616 0.2546 0.9310
vn 0.1048 0.6597 0.7442
vn 0.3624 0.6252 0.6912
vn -0.0550 0.2546 0.9655
vn 0.0579 0.6597 0.7493
vn -0.3543 0.1695 0.9196
vn -0.2050 0.6252 0.7531
vn -0.0662 0.8035 0.5916
vn 0.0612 0.8246 0.5624
vn 0.0270 0.9685 0.2476
vn 0.1921 0.8035 0.5635
vn 0.6529 0.1695 0.7382
vn 0.5739 0.6252 0.5290
vn 0.6916 0.6598 0.2938
vn 0.8315 0.2546 0.4937
vn 0.4945 0.8035 0.3314
vn 0.5273 0.8246 0.2047
vn 0.2321 0.9685 0.0902
vn 0.5886 0.8035 0.0892
vn 0.7805 0.6252 -0.0030
vn 0.7087 0.6597 0.2499
vn 0.9800 0.1695 -0.1042
vn 0.9468 0.2546 0.1968
vn 0.9367 0.1458 0.3184
vn 0.8062 0.5137 0.2934
vn 0.7874 0.3910 0.4766
vn 0.8594 0.0877 0.5037
vn 0.6581 0.7109 0.2481
vn 0.6370 0.5413 0.5488
vn 0.3514 0.8748 0.3336
vn 0.4720 0.4893 0.7334
vn 0.5253 0.3218 0.7877
vn 0.6583 0.2911 0.6942
vn 0.5689 0.0744 0.8191
vn 0.7148 0.0672 0.6961
vn -0.2110 0.1565 0.9649
vn -0.0338 0.1355 0.9902
vn -0.0190 0.4188 0.9079
vn -0.1849 0.5155 0.8367
vn 0.2320 0.0792 0.9695
vn 0.2369 0.3048 0.9225
vn 0.4196 0.0688 0.9051
vn 0.4071 0.3184 0.8561
vn 0.3599 0.4882 0.7951
vn 0.1145 0.5246 0.8436
vn 0.0685 0.8477 0.5260
vn -0.1349 0.6692 0.7307
vn 0.3128 0.1696 0.9346
vn 0.0117 0.2547 0.9670
vn -0.0914 0.6598 0.7459
vn 0.1711 0.6252 0.7615
vn -0.3029 0.2547 0.9184
vn -0.1379 0.6597 0.7387
vn -0.5802 0.1696 0.7966
vn -0.3928 0.6252 0.6744
vn -0.2170 0.8035 0.5544
vn -0.0864 0.8246 0.5591
vn -0.0380 0.9685 0.2462
vn 0.0397 0.8035 0.5940
vn 0.4396 0.1695 0.8821
vn 0.4174 0.6252 0.6595
vn 0.5921 0.6598 0.4628
vn 0.6754 0.2546 0.6921
vn 0.3919 0.8035 0.4481
vn 0.4564 0.8246 0.3342
vn 0.2009 0.9685 0.1471
vn 0.5454 0.8035 0.2385
vn 0.7547 0.6252 0.1991
vn 0.6199 0.6597 0.4248
vn 0.9736 0.1695 0.1530
vn 0.8636 0.2546 0.4351
vn 0.8223 0.1458 0.5500
vn 0.7028 0.5137 0.4921
vn 0.6372 0.3910 0.6641
vn 0.6998 0.0876 0.7090
vn 0.5713 0.7110 0.4100
vn 0.4733 0.5414 0.6949
vn 0.2532 0.8748 0.4131
vn 0.2662 0.4892 0.8306
vn 0.3036 0.3217 0.8968
vn 0.4563 0.2910 0.8409
vn 0.3375 0.0743 0.9384
vn 0.5104 0.0671 0.8573
vn -0.4535 0.1565 0.8774
vn -0.2889 0.1355 0.9477
vn -0.2534 0.4189 0.8720
vn -0.3952 0.5155 0.7603
vn -0.0268 0.0792 0.9965
vn -0.0100 0.3049 0.9523
vn 0.1710 0.0688 0.9829
vn 0.1716 0.3183 0.9323
vn 0.1419 0.4881 0.8612
vn -0.1077 0.5246 0.8445
vn -0.0700 0.8476 0.5261
vn -0.3194 0.6692 0.6709
vn 0.0604 0.1695 0.9837
vn -0.2389 0.2546 0.9371
vn -0.2814 0.6597 0.6968
vn -0.0317 0.6251 0.7799
vn -0.5304 0.2546 0.8086
vn -0.3245 0.6597 0.6778
vn -0.7667 0.1695 0.6193
vn -0.5540 0.6252 0.5497
vn -0.3531 0.8035 0.4793
vn -0.2282 0.8246 0.5177
vn -0.1004 0.9685 0.2279
vn -0.1153 0.8035 0.5841
vn 0.1963 0.1695 0.9658
vn 0.2325 0.6252 0.7450
vn 0.4521 0.6598 0.6003
vn 0.4733 0.2546 0.8433
vn 0.2626 0.8035 0.5343
vn 0.3544 0.8246 0.4410
vn 0.1560 0.9685 0.1941
vn 0.4651 0.8035 0.3716
vn 0.6774 0.6252 0.3876
vn 0.4888 0.6597 0.5708
vn 0.9008 0.1695 0.3998
vn 0.7216 0.2546 0.6438
vn 0.0781 0.0774 0.9939
vn 0.2697 0.0531 0.9615
vn 0.2334 0.2630 0.9361
vn 0.0665 0.3224 0.9443
vn 0.5016 0.0659 0.8626
vn 0.4587 0.3322 0.8242
vn 0.6617 0.1211 0.7399
vn 0.5737 0.4539 0.6818
vn 0.4841 0.6427 0.5938
vn 0.3007 0.4926 0.8166
vn 0.1571 0.8600 0.4854
vn 0.0538 0.4821 0.8745
vn -0.6520 0.1458 0.7441
vn -0.4924 0.0876 0.8659
vn -0.4436 0.3909 0.8065
vn -0.5515 0.5138 0.6572
vn -0.2711 0.0670 0.9602
vn -0.2230 0.2910 0.9304
vn -0.0829 0.0823 0.9932
vn -0.0601 0.3311 0.9417
vn -0.0407 0.4908 0.8703
vn -0.2773 0.5414 0.7937
vn -0.1376 0.8748 0.4645
vn -0.4458 0.7109 0.5439
vn -0.1963 0.1695 0.9658
vn -0.4733 0.2546 0.8433
vn -0.4521 0.6598 0.6003
vn -0.2325 0.6252 0.7451
vn -0.7216 0.2546 0.6438
vn -0.4889 0.6597 0.5708
vn -0.9008 0.1695 0.3998
vn -0.6774 0.6252 0.3876
vn -0.4651 0.8035 0.3716
vn -0.3544 0.8246 0.4410
vn -0.1559 0.9685 0.1941
vn -0.2625 0.8035 0.5343
vn 0.7667 0.1695 0.6193
vn 0.5304 0.2546 0.8086
vn 0.3244 0.6598 0.6778
vn 0.5541 0.6252 0.5497
vn 0.2389 0.2546 0.9371
vn 0.2813 0.6597 0.6969
vn -0.0603 0.1695 0.9837
vn 0.0317 0.6251 0.7799
vn 0.1153 0.8035 0.5841
vn 0.2282 0.8246 0.5177
vn 0.1004 0.9685 0.2279
vn 0.3532 0.8035 0.4793
vn -0.1818 0.0775 0.9803
vn 0.0116 0.0532 0.9985
vn -0.0168 0.2631 0.9646
vn -0.1802 0.3226 0.9292
vn 0.2613 0.0660 0.9630
vn 0.2298 0.3323 0.9147
vn 0.4477 0.1211 0.8859
vn 0.3777 0.4540 0.8070
vn 0.3140 0.6427 0.6988
vn 0.0791 0.4928 0.8665
vn 0.0261 0.8600 0.5096
vn -0.1744 0.4822 0.8585
vn -0.8223 0.1458 0.5500
vn -0.6998 0.0876 0.7090
vn -0.6372 0.3910 0.6642
vn -0.7028 0.5137 0.4921
vn -0.5104 0.0671 0.8573
vn -0.4563 0.2910 0.8409
vn -0.3371 0.0824 0.9379
vn -0.3017 0.3313 0.8940
vn -0.2645 0.4909 0.8301
vn -0.4733 0.5414 0.6949
vn -0.2531 0.8748 0.4132
vn -0.5713 0.7110 0.4100
vn -0.4396 0.1696 0.8821
vn -0.6754 0.2547 0.6920
vn -0.5921 0.6598 0.4627
vn -0.4174 0.6252 0.6594
vn -0.8636 0.2546 0.4351
vn -0.6199 0.6597 0.4248
vn -0.9736 0.1695 0.1530
vn -0.7547 0.6252 0.1991
vn -0.5455 0.8035 0.2385
vn -0.4564 0.8246 0.3342
vn -0.2009 0.9685 0.1471
vn -0.3919 0.8035 0.4481
vn 0.5802 0.1696 0.7966
vn 0.3029 0.2547 0.9183
vn 0.1379 0.6598 0.7387
vn 0.3928 0.6252 0.6744
vn -0.0117 0.2547 0.9670
vn 0.0914 0.6598 0.7459
vn -0.3128 0.1696 0.9346
vn -0.1711 0.6252 0.7615
vn -0.0397 0.8035 0.5940
vn 0.0864 0.8246 0.5591
vn 0.0380 0.9685 0.2462
vn 0.2170 0.8035 0.5544
vn -0.4294 0.0774 0.8998
vn -0.2473 0.0532 0.9675
vn -0.2659 0.2630 0.9274
vn -0.4146 0.3225 0.8509
vn 0.0032 0.0661 0.9978
vn -0.0148 0.3323 0.9431
vn 0.2031 0.1211 0.9716
vn 0.1560 0.4540 0.8773
vn 0.1224 0.6426 0.7563
vn -0.1479 0.4926 0.8576
vn -0.1066 0.8600 0.4990
vn -0.3906 0.4821 0.7842
vn -0.9367 0.1458 0.3184
vn -0.8594 0.0876 0.5037
vn -0.7873 0.3911 0.4766
vn -0.8062 0.5137 0.2934
vn -0.7148 0.0671 0.6961
vn -0.6583 0.2911 0.6942
vn -0.5683 0.0824 0.8187
vn -0.5228 0.3312 0.7855
vn -0.4703 0.4909 0.7334
vn -0.6369 0.5415 0.5488
vn -0.3515 0.8748 0.3336
vn -0.6579 0.7111 0.2481
vn -0.6529 0.1695 0.7382
vn -0.8316 0.2546 0.4937
vn -0.6917 0.6597 0.2938
vn -0.5739 0.6251 0.5290
vn -0.9468 0.2546 0.1967
vn -0.7087 0.6597 0.2499
vn -0.9800 0.1695 -0.1042
vn -0.7805 0.6252 -0.0030
vn -0.5886 0.8035 0.0892
vn -0.5274 0.8246 0.2047
vn -0.2321 0.9685 0.0901
vn -0.4946 0.8034 0.3314
vn 0.3543 0.1695 0.9196
vn 0.0550 0.2546 0.9655
vn -0.0579 0.6597 0.7493
vn 0.2049 0.6252 0.7531
vn -0.2616 0.2546 0.9310
vn -0.1047 0.6597 0.7442
vn -0.5441 0.1695 0.8217
vn -0.3625 0.6251 0.6912
vn -0.1921 0.8035 0.5635
vn -0.0613 0.8246 0.5624
vn -0.0270 0.9685 0.2476
vn 0.0661 0.8035 0.5916
vn -0.6476 0.0775 0.7580
vn -0.4892 0.0532 0.8705
vn -0.4970 0.2629 0.8270
vn -0.6207 0.3225 0.7146
vn -0.2552 0.0659 0.9646
vn -0.2584 0.3323 0.9071
vn -0.0553 0.1211 0.9911
vn -0.0764 0.4539 0.8878
vn -0.0774 0.6427 0.7622
vn -0.3648 0.4926 0.7901
vn -0.2322 0.8600 0.4544
vn -0.5804 0.4820 0.6564
vn -0.9872 0.1458 0.0651
vn -0.9605 0.0876 0.2642
vn -0.8839 0.3909 0.2567
vn -0.8547 0.5137 0.0748
vn -0.8706 0.0671 0.4874
vn -0.8155 0.2911 0.5002
vn -0.7609 0.0824 0.6436
vn -0.7083 0.3312 0.6234
vn -0.6442 0.4908 0.5866
vn -0.7573 0.5414 0.3652
vn -0.4257 0.8748 0.2312
vn -0.6999 0.7109 0.0694
vn -0.8217 0.1695 0.5441
vn -0.9310 0.2546 0.2617
vn -0.7441 0.6598 0.1048
vn -0.6913 0.6252 0.3624
vn -0.9655 0.2546 -0.0550
vn -0.7492 0.6597 0.0580
vn -0.9196 0.1695 -0.3544
vn -0.7531 0.6252 -0.2050
vn -0.5916 0.8035 -0.0662
vn -0.5624 0.8246 0.0612
vn -0.2476 0.9685 0.0270
vn -0.5635 0.8035 0.1921
vn 0.1042 0.1695 0.9800
vn -0.1968 0.2546 0.9468
vn -0.2499 0.6597 0.7087
vn 0.0030 0.6252 0.7805
vn -0.4937 0.2546 0.8316
vn -0.2938 0.6597 0.6917
vn -0.7382 0.1695 0.6529
vn -0.5290 0.6251 0.5739
vn -0.3314 0.8035 0.4945
vn -0.2048 0.8246 0.5274
vn -0.0901 0.9685 0.2321
vn -0.0892 0.8035 0.5885
vn -0.8175 0.1740 0.5490
vn -0.6977 0.0826 0.7116
vn -0.6335 0.3770 0.6757
vn -0.6977 0.5190 0.4939
vn -0.5082 0.0599 0.8591
vn -0.4548 0.2621 0.8511
vn -0.3363 0.0701 0.9391
vn -0.3032 0.2881 0.9083
vn -0.2696 0.4328 0.8602
vn -0.4753 0.5097 0.7172
vn -0.2673 0.8467 0.4600
vn -0.5723 0.7018 0.4242
vn -0.9624 0.1685 -0.2132
vn -0.9828 0.1837 -0.0200
vn -0.8529 0.5207 -0.0382
vn -0.8262 0.5295 -0.1922
vn -0.9305 0.2106 0.2997
vn -0.7823 0.5675 0.2568
vn -0.8592 0.2148 0.4643
vn -0.6907 0.6115 0.3861
vn -0.5703 0.7620 0.3067
vn -0.6964 0.7123 0.0877
vn -0.3850 0.9215 0.0501
vn -0.6967 0.7012 -0.1517
vn -0.9346 0.1695 0.3128
vn -0.9670 0.2547 0.0117
vn -0.7459 0.6598 -0.0915
vn -0.7615 0.6252 0.1712
vn -0.9184 0.2547 -0.3029
vn -0.7387 0.6598 -0.1380
vn -0.7966 0.1696 -0.5802
vn -0.6744 0.6252 -0.3928
vn -0.5543 0.8035 -0.2170
vn -0.5591 0.8246 -0.0864
vn -0.2461 0.9685 -0.0380
vn -0.5940 0.8035 0.0397
vn -0.1530 0.1695 0.9736
vn -0.4351 0.2546 0.8636
vn -0.4248 0.6598 0.6199
vn -0.1991 0.6252 0.7547
vn -0.6921 0.2546 0.6754
vn -0.4628 0.6597 0.5921
vn -0.8821 0.1695 0.4396
vn -0.6595 0.6252 0.4174
vn -0.4481 0.8035 0.3919
vn -0.3342 0.8246 0.4564
vn -0.1472 0.9685 0.2009
vn -0.2385 0.8035 0.5454
vn -0.9416 0.1769 0.2866
vn -0.8712 0.1674 0.4615
vn -0.7685 0.4923 0.4088
vn -0.8068 0.5356 0.2494
vn -0.6691 0.1674 0.7241
vn -0.5919 0.4923 0.6382
vn -0.5194 0.1644 0.8386
vn -0.4514 0.5261 0.7207
vn -0.3949 0.6939 0.6022
vn -0.5939 0.6621 0.4571
vn -0.3376 0.9047 0.2598
vn -0.6833 0.6941 0.2268
vn -0.8691 0.1644 -0.4665
vn -0.9415 0.1674 -0.2925
vn -0.8317 0.4923 -0.2567
vn -0.7513 0.5261 -0.3985
vn -0.9852 0.1674 0.0360
vn -0.8699 0.4923 0.0302
vn -0.9587 0.1769 0.2226
vn -0.8234 0.5356 0.1874
vn -0.7051 0.6941 0.1453
vn -0.7429 0.6621 -0.0989
vn -0.4223 0.9047 -0.0562
vn -0.6431 0.6939 -0.3240
vn -0.9837 0.1695 0.0604
vn -0.9371 0.2546 -0.2389
vn -0.6968 0.6597 -0.2814
vn -0.7799 0.6251 -0.0317
vn -0.8086 0.2546 -0.5304
vn -0.6778 0.6597 -0.3246
vn -0.6193 0.1695 -0.7666
vn -0.5497 0.6252 -0.5540
vn -0.4793 0.8035 -0.3532
vn -0.5177 0.8246 -0.2282
vn -0.2279 0.9685 -0.1004
vn -0.5841 0.8035 -0.1152
vn -0.3997 0.1695 0.9008
vn -0.6438 0.2546 0.7216
vn -0.5708 0.6598 0.4888
vn -0.3876 0.6252 0.6774
vn -0.8433 0.2546 0.4733
vn -0.6003 0.6597 0.4521
vn -0.9658 0.1695 0.1963
vn -0.7451 0.6251 0.2325
vn -0.5343 0.8035 0.2626
vn -0.4410 0.8246 0.3543
vn -0.1941 0.9685 0.1560
vn -0.3716 0.8035 0.4650
vn -0.9837 0.1769 0.0331
vn -0.9610 0.1674 0.2202
vn -0.8481 0.4923 0.1960
vn -0.8439 0.5356 0.0320
vn -0.8337 0.1674 0.5262
vn -0.7369 0.4923 0.4632
vn -0.7187 0.1644 0.6756
vn -0.6226 0.5261 0.5793
vn -0.5373 0.6938 0.4794
vn -0.6920 0.6620 0.2878
vn -0.3933 0.9047 0.1636
vn -0.7187 0.6940 0.0421
vn -0.7188 0.1644 -0.6756
vn -0.8337 0.1674 -0.5262
vn -0.7369 0.4923 -0.4632
vn -0.6226 0.5261 -0.5793
vn -0.9610 0.1674 -0.2203
vn -0.8481 0.4923 -0.1960
vn -0.9837 0.1769 -0.0331
vn -0.8439 0.5356 -0.0320
vn -0.7187 0.6940 -0.0422
vn -0.6920 0.6620 -0.2878
vn -0.3933 0.9047 -0.1636
vn -0.5373 0.6938 -0.4794
vn -0.9658 0.1695 -0.1963
vn -0.8433 0.2546 -0.4733
vn -0.6002 0.6597 -0.4522
vn -0.7451 0.6251 -0.2325
vn -0.6438 0.2546 -0.7216
vn -0.5707 0.6597 -0.4889
vn -0.3998 0.1695 -0.9008
vn -0.3876 0.6252 -0.6774
vn -0.3716 0.8035 -0.4651
vn -0.4410 0.8246 -0.3544
vn -0.1941 0.9685 -0.1559
vn -0.5344 0.8034 -0.2626
vn -0.6193 0.1695 0.7666
vn -0.8086 0.2546 0.5304
vn -0.6778 0.6597 0.3245
vn -0.5497 0.6252 0.5540
vn -0.9371 0.2546 0.2389
vn -0.6968 0.6597 0.2813
vn -0.9837 0.1695 -0.0604
vn -0.7799 0.6252 0.0317
vn -0.5841 0.8035 0.1153
vn -0.5177 0.8246 0.2282
vn -0.2279 0.9685 0.1004
vn -0.4793 0.8035 0.3532
vn -0.9587 0.1769 -0.2226
vn -0.9852 0.1674 -0.0360
vn -0.8699 0.4923 -0.0303
vn -0.8234 0.5356 -0.1875
vn -0.9415 0.1674 0.2925
vn -0.8317 0.4923 0.2567
vn -0.8691 0.1644 0.4665
vn -0.7513 0.5261 0.3985
vn -0.6431 0.6939 0.3240
vn -0.7429 0.6621 0.0989
vn -0.4223 0.9047 0.0562
vn -0.7051 0.6941 -0.1453
vn -0.5194 0.1644 -0.8386
vn -0.6691 0.1674 -0.7241
vn -0.5919 0.4923 -0.6382
vn -0.4514 0.5261 -0.7207
vn -0.8712 0.1674 -0.4615
vn -0.7684 0.4923 -0.4088
vn -0.9416 0.1769 -0.2866
vn -0.8068 0.5356 -0.2494
vn -0.6833 0.6941 -0.2268
vn -0.5939 0.6621 -0.4571
vn -0.3376 0.9047 -0.2598
vn -0.3949 0.6939 -0.6022
vn -0.8821 0.1695 -0.4396
vn -0.6921 0.2546 -0.6754
vn -0.4628 0.6597 -0.5921
vn -0.6595 0.6252 -0.4174
vn -0.4351 0.2546 -0.8636
vn -0.4248 0.6597 -0.6199
vn -0.1530 0.1695 -0.9736
vn -0.1991 0.6252 -0.7547
vn -0.2385 0.8035 -0.5454
vn -0.3342 0.8246 -0.4564
vn -0.1471 0.9685 -0.2010
vn -0.4481 0.8035 -0.3919
vn -0.7966 0.1696 0.5802
vn -0.9184 0.2547 0.3029
vn -0.7387 0.6598 0.1380
vn -0.6744 0.6252 0.3928
vn -0.9670 0.2547 -0.0117
vn -0.7459 0.6598 0.0915
vn -0.9346 0.1695 -0.3128
vn -0.7615 0.6252 -0.1712
vn -0.5940 0.8035 -0.0397
vn -0.5591 0.8246 0.0864
vn -0.2461 0.9685 0.0380
vn -0.5544 0.8035 0.2170
vn -0.8800 0.1550 -0.4491
vn -0.9568 0.1119 -0.2682
vn -0.8649 0.4426 -0.2367
vn -0.7596 0.5364 -0.3678
vn -0.9945 0.1046 0.0067
vn -0.9101 0.4140 0.0173
vn -0.9713 0.1291 0.1998
vn -0.8577 0.4843 0.1726
vn -0.7122 0.6844 0.1562
vn -0.7512 0.6544 -0.0859
vn -0.3523 0.9352 -0.0365
vn -0.6030 0.7372 -0.3048
vn -0.3363 0.0701 -0.9392
vn -0.5082 0.0600 -0.8591
vn -0.4549 0.2623 -0.8510
vn -0.3032 0.2881 -0.9083
vn -0.6977 0.0826 -0.7116
vn -0.6335 0.3770 -0.6757
vn -0.8204 0.1516 -0.5513
vn -0.7010 0.5107 -0.4977
vn -0.5722 0.7011 -0.4255
vn -0.4753 0.5099 -0.7170
vn -0.2673 0.8467 -0.4600
vn -0.2696 0.4329 -0.8602
vn -0.7382 0.1695 -0.6529
vn -0.4937 0.2546 -0.8315
vn -0.2938 0.6597 -0.6917
vn -0.5290 0.6252 -0.5739
vn -0.1968 0.2546 -0.9468
vn -0.2499 0.6597 -0.7088
vn 0.1042 0.1695 -0.9800
vn 0.0030 0.6252 -0.7805
vn -0.0893 0.8035 -0.5885
vn -0.2047 0.8246 -0.5274
vn -0.0901 0.9685 -0.2322
vn -0.3314 0.8035 -0.4946
vn -0.9205 0.1617 0.3558
vn -0.9659 0.2533 0.0534
vn -0.7500 0.6577 -0.0700
vn -0.7620 0.6143 0.2048
vn -0.9315 0.2506 -0.2636
vn -0.7502 0.6507 -0.1177
vn -0.8221 0.1689 -0.5437
vn -0.6942 0.6187 -0.3677
vn -0.5700 0.7962 -0.2031
vn -0.5676 0.8194 -0.0802
vn -0.2526 0.9667 -0.0418
vn -0.6023 0.7960 0.0600
vn -0.7290 0.1697 -0.6632
vn -0.8425 0.1716 -0.5106
vn -0.7330 0.5010 -0.4601
vn -0.6216 0.5307 -0.5762
vn -0.9582 0.1797 -0.2228
vn -0.8367 0.5154 -0.1854
vn -0.9833 0.1779 -0.0382
vn -0.8339 0.5514 -0.0242
vn -0.6977 0.7156 -0.0341
vn -0.6794 0.6777 -0.2812
vn -0.3830 0.9101 -0.1580
vn -0.5353 0.6966 -0.4778
vn -0.6583 0.1383 -0.7399
vn -0.5700 0.4598 -0.6809
vn -0.4556 0.3294 -0.8270
vn -0.4990 0.0649 -0.8642
vn -0.4825 0.6411 -0.5969
vn -0.2979 0.4868 -0.8211
vn -0.1560 0.8555 -0.4937
vn -0.0515 0.4704 -0.8810
vn -0.0639 0.3118 -0.9480
vn -0.2306 0.2574 -0.9384
vn -0.0760 0.0725 -0.9945
vn -0.2674 0.0517 -0.9622
vn 0.3500 0.1922 -0.9168
vn 0.2030 0.6568 -0.7262
vn -0.0290 0.6701 -0.7417
vn 0.0588 0.2612 -0.9635
vn 0.0801 0.8261 -0.5579
vn -0.0137 0.8427 -0.5382
vn 0.0062 0.9733 -0.2295
vn -0.1630 0.8247 -0.5416
vn -0.3470 0.6450 -0.6809
vn -0.0693 0.6875 -0.7229
vn -0.5452 0.1714 -0.8206
vn -0.2559 0.2678 -0.9289
vn -0.9812 0.1617 0.1053
vn -0.9468 0.2534 -0.1984
vn -0.7063 0.6577 -0.2618
vn -0.7890 0.6144 0.0005
vn -0.8315 0.2506 -0.4957
vn -0.6941 0.6507 -0.3079
vn -0.6534 0.1688 -0.7380
vn -0.5754 0.6187 -0.5349
vn -0.4979 0.7962 -0.3437
vn -0.5274 0.8194 -0.2245
vn -0.2331 0.9667 -0.1059
vn -0.5973 0.7960 -0.0980
vn -0.5325 0.1697 -0.8293
vn -0.6817 0.1716 -0.7112
vn -0.5890 0.5009 -0.6341
vn -0.4513 0.5307 -0.7174
vn -0.8679 0.1796 -0.4631
vn -0.7602 0.5153 -0.3957
vn -0.9399 0.1778 -0.2914
vn -0.7992 0.5514 -0.2393
vn -0.6651 0.7156 -0.2135
vn -0.5835 0.6777 -0.4475
vn -0.3291 0.9101 -0.2518
vn -0.3934 0.6965 -0.6001
vn -0.4444 0.1383 -0.8851
vn -0.3744 0.4598 -0.8052
vn -0.2261 0.3295 -0.9167
vn -0.2584 0.0649 -0.9639
vn -0.3116 0.6411 -0.7014
vn -0.0754 0.4870 -0.8701
vn -0.0230 0.8555 -0.5174
vn 0.1782 0.4705 -0.8642
vn 0.1836 0.3118 -0.9322
vn 0.0201 0.2576 -0.9660
vn 0.1840 0.0724 -0.9803
vn -0.0092 0.0516 -0.9986
vn 0.5753 0.1922 -0.7950
vn 0.3840 0.6568 -0.6490
vn 0.1640 0.6701 -0.7239
vn 0.3061 0.2612 -0.9155
vn 0.2218 0.8260 -0.5182
vn 0.1261 0.8427 -0.5234
vn 0.0654 0.9733 -0.2201
vn -0.0173 0.8246 -0.5654
vn -0.1589 0.6450 -0.7475
vn 0.1202 0.6875 -0.7161
vn -0.3142 0.1714 -0.9337
vn -0.0067 0.2678 -0.9634
vn -0.9736 0.1695 -0.1530
vn -0.8636 0.2546 -0.4351
vn -0.6199 0.6597 -0.4248
vn -0.7547 0.6252 -0.1991
vn -0.6754 0.2546 -0.6921
vn -0.5921 0.6598 -0.4628
vn -0.4396 0.1695 -0.8821
vn -0.4174 0.6252 -0.6595
vn -0.3919 0.8035 -0.4481
vn -0.4564 0.8246 -0.3342
vn -0.2009 0.9685 -0.1471
vn -0.5454 0.8035 -0.2385
vn -0.3375 0.0743 -0.9384
vn -0.5104 0.0671 -0.8573
vn -0.4563 0.2910 -0.8409
vn -0.3036 0.3217 -0.8968
vn -0.6998 0.0876 -0.7090
vn -0.6372 0.3911 -0.6641
vn -0.8223 0.1458 -0.5500
vn -0.7028 0.5137 -0.4921
vn -0.5713 0.7110 -0.4100
vn -0.4733 0.5414 -0.6949
vn -0.2532 0.8748 -0.4131
vn -0.2662 0.4892 -0.8306
vn -0.1710 0.0688 -0.9829
vn -0.1716 0.3183 -0.9323
vn 0.0100 0.3049 -0.9523
vn 0.0268 0.0792 -0.9965
vn -0.1419 0.4881 -0.8612
vn 0.1077 0.5247 -0.8445
vn 0.0700 0.8476 -0.5261
vn 0.3194 0.6692 -0.6709
vn 0.3952 0.5155 -0.7603
vn 0.2534 0.4189 -0.8720
vn 0.4535 0.1565 -0.8774
vn 0.2889 0.1355 -0.9477
vn 0.7667 0.1695 -0.6193
vn 0.5540 0.6252 -0.5497
vn 0.3245 0.6598 -0.6778
vn 0.5304 0.2546 -0.8086
vn 0.3531 0.8035 -0.4793
vn 0.2282 0.8246 -0.5177
vn 0.1004 0.9685 -0.2279
vn 0.1153 0.8034 -0.5841
vn 0.0317 0.6251 -0.7799
vn 0.2814 0.6597 -0.6968
vn -0.0604 0.1695 -0.9837
vn 0.2389 0.2546 -0.9371
vn -0.9008 0.1695 -0.3998
vn -0.7216 0.2546 -0.6438
vn -0.4888 0.6597 -0.5708
vn -0.6774 0.6252 -0.3876
vn -0.4733 0.2546 -0.8433
vn -0.4521 0.6598 -0.6003
vn -0.1963 0.1695 -0.9658
vn -0.2325 0.6252 -0.7450
vn -0.2626 0.8035 -0.5343
vn -0.3544 0.8246 -0.4410
vn -0.1560 0.9685 -0.1941
vn -0.4651 0.8035 -0.3716
vn -0.6617 0.1211 -0.7399
vn -0.5737 0.4539 -0.6818
vn -0.4587 0.3322 -0.8242
vn -0.5016 0.0659 -0.8626
vn -0.4841 0.6427 -0.5938
vn -0.3007 0.4927 -0.8166
vn -0.1571 0.8600 -0.4854
vn -0.0538 0.4821 -0.8745
vn -0.0665 0.3224 -0.9443
vn -0.2334 0.2630 -0.9361
vn -0.0781 0.0774 -0.9939
vn -0.2697 0.0531 -0.9615
vn 0.0829 0.0823 -0.9932
vn 0.0601 0.3311 -0.9417
vn 0.2230 0.2909 -0.9304
vn 0.2711 0.0670 -0.9602
vn 0.0407 0.4907 -0.8704
vn 0.2773 0.5413 -0.7938
vn 0.1375 0.8749 -0.4644
vn 0.4458 0.7110 -0.5438
vn 0.5515 0.5138 -0.6572
vn 0.4436 0.3909 -0.8065
vn 0.6520 0.1458 -0.7441
vn 0.4924 0.0876 -0.8659
vn 0.9008 0.1695 -0.3998
vn 0.6774 0.6252 -0.3876
vn 0.4889 0.6597 -0.5708
vn 0.7216 0.2546 -0.6438
vn 0.4651 0.8035 -0.3716
vn 0.3544 0.8246 -0.4410
vn 0.1559 0.9685 -0.1941
vn 0.2625 0.8035 -0.5343
vn 0.2325 0.6252 -0.7451
vn 0.4521 0.6597 -0.6003
vn 0.1963 0.1695 -0.9658
vn 0.4733 0.2546 -0.8433
vn -0.7667 0.1695 -0.6193
vn -0.5304 0.2546 -0.8086
vn -0.3244 0.6598 -0.6778
vn -0.5541 0.6252 -0.5497
vn -0.2389 0.2546 -0.9371
vn -0.2813 0.6597 -0.6969
vn 0.0603 0.1695 -0.9837
vn -0.0317 0.6251 -0.7799
vn -0.1153 0.8035 -0.5841
vn -0.2282 0.8246 -0.5177
vn -0.1004 0.9685 -0.2279
vn -0.3532 0.8035 -0.4793
vn -0.4477 0.1211 -0.8859
vn -0.3777 0.4540 -0.8070
vn -0.2298 0.3323 -0.9147
vn -0.2613 0.0660 -0.9630
vn -0.3140 0.6427 -0.6988
vn -0.0791 0.4928 -0.8665
vn -0.0261 0.8600 -0.5096
vn 0.1744 0.4822 -0.8585
vn 0.1802 0.3226 -0.9292
vn 0.0168 0.2631 -0.9646
vn 0.1818 0.0775 -0.9803
vn -0.0116 0.0532 -0.9985
vn 0.3371 0.0824 -0.9379
vn 0.3017 0.3313 -0.8940
vn 0.4563 0.2910 -0.8409
vn 0.5104 0.0671 -0.8573
vn 0.2645 0.4909 -0.8301
vn 0.4733 0.5414 -0.6949
vn 0.2531 0.8748 -0.4132
vn 0.5713 0.7110 -0.4100
vn 0.7028 0.5137 -0.4921
vn 0.6372 0.3910 -0.6642
vn 0.8223 0.1458 -0.5500
vn 0.6998 0.0876 -0.7090
vn 0.9736 0.1695 -0.1530
vn 0.7547 0.6252 -0.1991
vn 0.6199 0.6597 -0.4248
vn 0.8636 0.2546 -0.4351
vn 0.5455 0.8035 -0.2385
vn 0.4564 0.8246 -0.3342
vn 0.2009 0.9685 -0.1471
vn 0.3919 0.8035 -0.4481
vn 0.4174 0.6252 -0.6595
vn 0.5921 0.6598 -0.4627
vn 0.4396 0.1696 -0.8821
vn 0.6754 0.2547 -0.6920
vn -0.5753 0.1922 -0.7950
vn -0.3061 0.2612 -0.9155
vn -0.1640 0.6702 -0.7238
vn -0.3840 0.6568 -0.6490
vn 0.0067 0.2678 -0.9634
vn -0.1202 0.6876 -0.7161
vn 0.3142 0.1714 -0.9337
vn 0.1589 0.6450 -0.7475
vn 0.0173 0.8247 -0.5654
vn -0.1261 0.8428 -0.5233
vn -0.0654 0.9733 -0.2201
vn -0.2218 0.8261 -0.5181
vn -0.1721 0.0626 -0.9831
vn -0.1732 0.3056 -0.9363
vn 0.0090 0.2972 -0.9548
vn 0.0256 0.0761 -0.9968
vn -0.1442 0.4768 -0.8671
vn 0.1057 0.5185 -0.8485
vn 0.0691 0.8446 -0.5309
vn 0.3173 0.6681 -0.6730
vn 0.3922 0.5177 -0.7604
vn 0.2507 0.4156 -0.8743
vn 0.4505 0.1612 -0.8781
vn 0.2865 0.1344 -0.9486
vn 0.5459 0.1413 -0.8259
vn 0.4881 0.4876 -0.7239
vn 0.6417 0.3980 -0.6556
vn 0.7014 0.0961 -0.7063
vn 0.4021 0.6785 -0.6147
vn 0.6175 0.6254 -0.4771
vn 0.2966 0.9267 -0.2309
vn 0.6825 0.6954 -0.2253
vn 0.8219 0.4942 -0.2831
vn 0.7958 0.4067 -0.4487
vn 0.9418 0.1330 -0.3088
vn 0.8661 0.0982 -0.4902
vn 0.9812 0.1617 0.1054
vn 0.7890 0.6143 0.0006
vn 0.7063 0.6577 -0.2618
vn 0.9468 0.2534 -0.1984
vn 0.5973 0.7960 -0.0980
vn 0.5275 0.8194 -0.2245
vn 0.2331 0.9667 -0.1059
vn 0.4980 0.7962 -0.3437
vn 0.5754 0.6186 -0.5349
vn 0.6942 0.6506 -0.3079
vn 0.6534 0.1688 -0.7380
vn 0.8315 0.2506 -0.4958
vn -0.3500 0.1922 -0.9168
vn -0.0588 0.2612 -0.9635
vn 0.0289 0.6702 -0.7417
vn -0.2030 0.6568 -0.7262
vn 0.2559 0.2679 -0.9289
vn 0.0693 0.6876 -0.7228
vn 0.5452 0.1714 -0.8206
vn 0.3470 0.6450 -0.6809
vn 0.1631 0.8246 -0.5417
vn 0.0137 0.8427 -0.5382
vn -0.0062 0.9733 -0.2296
vn -0.0801 0.8260 -0.5579
vn 0.0882 0.0627 -0.9941
vn 0.0750 0.3056 -0.9492
vn 0.2558 0.2972 -0.9199
vn 0.2828 0.0761 -0.9562
vn 0.0851 0.4768 -0.8749
vn 0.3217 0.5184 -0.7923
vn 0.2042 0.8445 -0.4951
vn 0.4808 0.6680 -0.5680
vn 0.5756 0.5177 -0.6330
vn 0.4684 0.4156 -0.7797
vn 0.6623 0.1613 -0.7317
vn 0.5222 0.1344 -0.8422
vn 0.7411 0.1413 -0.6564
vn 0.6589 0.4875 -0.5729
vn 0.7895 0.3979 -0.4672
vn 0.8603 0.0961 -0.5007
vn 0.5476 0.6784 -0.4898
vn 0.7200 0.6253 -0.3011
vn 0.3463 0.9267 -0.1462
vn 0.7175 0.6953 -0.0410
vn 0.8672 0.4943 -0.0607
vn 0.8848 0.4067 -0.2275
vn 0.9896 0.1330 -0.0545
vn 0.9634 0.0982 -0.2494
vn 0.9205 0.1617 0.3558
vn 0.7620 0.6143 0.2048
vn 0.7500 0.6577 -0.0700
vn 0.9659 0.2533 0.0534
vn 0.6024 0.7960 0.0600
vn 0.5676 0.8194 -0.0802
vn 0.2526 0.9667 -0.0418
vn 0.5700 0.7962 -0.2031
vn 0.6942 0.6187 -0.3677
vn 0.7502 0.6507 -0.1177
vn 0.8221 0.1689 -0.5437
vn 0.9315 0.2507 -0.2636
vn 0.7382 0.1695 -0.6529
vn 0.5290 0.6251 -0.5739
vn 0.2938 0.6597 -0.6917
vn 0.4937 0.2546 -0.8316
vn 0.3314 0.8035 -0.4945
vn 0.2048 0.8246 -0.5274
vn 0.0901 0.9685 -0.2321
vn 0.0892 0.8035 -0.5885
vn -0.0030 0.6252 -0.7805
vn 0.2499 0.6597 -0.7087
vn -0.1042 0.1695 -0.9800
vn 0.1968 0.2546 -0.9468
vn 0.3363 0.0701 -0.9391
vn 0.3032 0.2881 -0.9083
vn 0.4548 0.2621 -0.8511
vn 0.5082 0.0599 -0.8591
vn 0.2696 0.4328 -0.8602
vn 0.4752 0.5097 -0.7172
vn 0.2673 0.8467 -0.4600
vn 0.5723 0.7018 -0.4242
vn 0.6977 0.5190 -0.4939
vn 0.6335 0.3770 -0.6757
vn 0.8175 0.1740 -0.5490
vn 0.6977 0.0826 -0.7116
vn 0.8592 0.2148 -0.4643
vn 0.6907 0.6115 -0.3861
vn 0.7823 0.5675 -0.2568
vn 0.9305 0.2106 -0.2997
vn 0.5703 0.7620 -0.3067
vn 0.6964 0.7123 -0.0877
vn 0.3850 0.9215 -0.0501
vn 0.6967 0.7012 0.1517
vn 0.8262 0.5295 0.1922
vn 0.8529 0.5206 0.0382
vn 0.9624 0.1685 0.2132
vn 0.9828 0.1837 0.0200
vn 0.7966 0.1696 0.5802
vn 0.6744 0.6252 0.3928
vn 0.7387 0.6598 0.1380
vn 0.9184 0.2547 0.3029
vn 0.5543 0.8035 0.2170
vn 0.5591 0.8246 0.0864
vn 0.2461 0.9685 0.0380
vn 0.5940 0.8035 -0.0397
vn 0.7615 0.6252 -0.1712
vn 0.7459 0.6598 0.0915
vn 0.9346 0.1695 -0.3128
vn 0.9670 0.2547 -0.0117
vn 0.8821 0.1695 -0.4396
vn 0.6595 0.6252 -0.4174
vn 0.4628 0.6597 -0.5921
vn 0.6921 0.2546 -0.6754
vn 0.4481 0.8035 -0.3919
vn 0.3342 0.8246 -0.4564
vn 0.1472 0.9685 -0.2009
vn 0.2385 0.8035 -0.5454
vn 0.1991 0.6252 -0.7547
vn 0.4248 0.6597 -0.6199
vn 0.1530 0.1695 -0.9736
vn 0.4351 0.2546 -0.8636
vn 0.5194 0.1644 -0.8386
vn 0.4514 0.5261 -0.7207
vn 0.5919 0.4923 -0.6382
vn 0.6691 0.1674 -0.7240
vn 0.3949 0.6939 -0.6022
vn 0.5939 0.6621 -0.4571
vn 0.3376 0.9047 -0.2598
vn 0.6833 0.6941 -0.2268
vn 0.8068 0.5356 -0.2494
vn 0.7685 0.4923 -0.4088
vn 0.9416 0.1769 -0.2866
vn 0.8712 0.1674 -0.4615
vn 0.9587 0.1769 -0.2226
vn 0.8234 0.5356 -0.1874
vn 0.8699 0.4923 -0.0302
vn 0.9852 0.1674 -0.0360
vn 0.7051 0.6941 -0.1453
vn 0.7429 0.6621 0.0989
vn 0.4223 0.9047 0.0562
vn 0.6431 0.6939 0.3240
vn 0.7513 0.5261 0.3985
vn 0.8317 0.4923 0.2567
vn 0.8691 0.1644 0.4665
vn 0.9415 0.1674 0.2925
vn 0.6193 0.1695 0.7666
vn 0.5497 0.6252 0.5540
vn 0.6778 0.6597 0.3246
vn 0.8086 0.2546 0.5304
vn 0.4793 0.8035 0.3532
vn 0.5177 0.8246 0.2282
vn 0.2279 0.9685 0.1004
vn 0.5841 0.8035 0.1152
vn 0.7799 0.6251 0.0317
vn 0.6968 0.6597 0.2814
vn 0.9837 0.1695 -0.0604
vn 0.9371 0.2546 0.2389
vn 0.9658 0.1695 -0.1963
vn 0.7451 0.6251 -0.2325
vn 0.6003 0.6597 -0.4521
vn 0.8433 0.2546 -0.4733
vn 0.5343 0.8035 -0.2626
vn 0.4410 0.8246 -0.3543
vn 0.1941 0.9685 -0.1560
vn 0.3716 0.8035 -0.4650
vn 0.3876 0.6252 -0.6774
vn 0.5708 0.6598 -0.4888
vn 0.3997 0.1695 -0.9008
vn 0.6438 0.2546 -0.7216
vn 0.7187 0.1644 -0.6756
vn 0.6226 0.5261 -0.5793
vn 0.7369 0.4923 -0.4632
vn 0.8337 0.1674 -0.5262
vn 0.5373 0.6938 -0.4794
vn 0.6920 0.6620 -0.2878
vn 0.3933 0.9047 -0.1636
vn 0.7187 0.6940 -0.0421
vn 0.8439 0.5356 -0.0320
vn 0.8481 0.4923 -0.1960
vn 0.9837 0.1769 -0.0332
vn 0.9610 0.1674 -0.2203
vn 0.9837 0.1769 0.0331
vn 0.8439 0.5355 0.0320
vn 0.8481 0.4923 0.1959
vn 0.9610 0.1674 0.2202
vn 0.7187 0.6940 0.0422
vn 0.6920 0.6620 0.2878
vn 0.3933 0.9047 0.1636
vn 0.5373 0.6938 0.4794
vn 0.6226 0.5261 0.5794
vn 0.7369 0.4923 0.4633
vn 0.7187 0.1643 0.6756
vn 0.8337 0.1674 0.5262
vn 0.3998 0.1695 0.9008
vn 0.3876 0.6252 0.6774
vn 0.5707 0.6597 0.4889
vn 0.6438 0.2546 0.7216
vn 0.3716 0.8035 0.4651
vn 0.4410 0.8246 0.3544
vn 0.1941 0.9685 0.1559
vn 0.5344 0.8034 0.2626
vn 0.7451 0.6251 0.2325
vn 0.6002 0.6597 0.4522
vn 0.9658 0.1695 0.1963
vn 0.8433 0.2546 0.4733
vn 0.9837 -0.1695 0.0604
vn 0.9371 -0.2546 -0.2389
vn 0.7863 -0.5559 -0.2695
vn 0.9044 -0.4232 -0.0542
vn 0.8086 -0.2546 -0.5304
vn 0.6778 -0.6597 -0.3246
vn 0.6193 -0.1695 -0.7666
vn 0.5497 -0.6252 -0.5540
vn 0.4793 -0.8035 -0.3532
vn 0.5556 -0.8113 -0.1820
vn 0.2279 -0.9685 -0.1004
vn 0.4638 -0.8375 -0.2888
vn 0.8691 -0.1644 -0.4665
vn 0.9415 -0.1674 -0.2925
vn 0.8926 -0.3887 -0.2285
vn 0.7673 -0.4860 -0.4183
vn 0.9852 -0.1674 0.0360
vn 0.8699 -0.4923 0.0302
vn 0.9587 -0.1769 0.2226
vn 0.8234 -0.5356 0.1874
vn 0.7051 -0.6941 0.1453
vn 0.7706 -0.6373 0.0115
vn 0.4223 -0.9047 -0.0562
vn 0.6634 -0.6842 -0.3030
vn 0.9416 -0.1769 0.2866
vn 0.8712 -0.1674 0.4615
vn 0.7913 -0.3888 0.4719
vn 0.8314 -0.4981 0.2463
vn 0.6691 -0.1674 0.7241
vn 0.5919 -0.4923 0.6382
vn 0.5194 -0.1644 0.8386
vn 0.4514 -0.5261 0.7207
vn 0.3949 -0.6939 0.6022
vn 0.5351 -0.6373 0.5545
vn 0.3376 -0.9047 0.2598
vn 0.6826 -0.6842 0.2569
vn 0.1530 -0.1695 0.9736
vn 0.4351 -0.2546 0.8636
vn 0.4324 -0.5559 0.7100
vn 0.1555 -0.5642 0.8109
vn 0.6921 -0.2546 0.6754
vn 0.4628 -0.6597 0.5921
vn 0.8821 -0.1695 0.4396
vn 0.6595 -0.6252 0.4174
vn 0.4481 -0.8035 0.3919
vn 0.2971 -0.8113 0.5034
vn 0.1471 -0.9685 0.2009
vn 0.3821 -0.8375 0.3906
vn 0.9346 -0.1695 0.3128
vn 0.9670 -0.2547 0.0117
vn 0.8293 -0.5560 -0.0568
vn 0.7913 -0.5642 0.2358
vn 0.9184 -0.2547 -0.3029
vn 0.7387 -0.6598 -0.1380
vn 0.7966 -0.1696 -0.5802
vn 0.6744 -0.6252 -0.3928
vn 0.5543 -0.8035 -0.2170
vn 0.5837 -0.8114 -0.0319
vn 0.2461 -0.9685 -0.0380
vn 0.5227 -0.8376 -0.1591
vn 0.9624 -0.1685 -0.2132
vn 0.9828 -0.1837 -0.0200
vn 0.8988 -0.4384 -0.0016
vn 0.8526 -0.4788 -0.2096
vn 0.9305 -0.2106 0.2997
vn 0.7823 -0.5675 0.2568
vn 0.8592 -0.2148 0.4643
vn 0.6907 -0.6115 0.3861
vn 0.5703 -0.7620 0.3067
vn 0.6747 -0.7070 0.2118
vn 0.3850 -0.9215 0.0501
vn 0.7076 -0.6956 -0.1240
vn 0.8175 -0.1740 0.5490
vn 0.6977 -0.0826 0.7116
vn 0.6278 -0.1712 0.7593
vn 0.7119 -0.4977 0.4954
vn 0.5082 -0.0599 0.8591
vn 0.4548 -0.2621 0.8511
vn 0.3363 -0.0701 0.9391
vn 0.3032 -0.2881 0.9083
vn 0.2696 -0.4328 0.8602
vn 0.4013 -0.4045 0.8218
vn 0.2673 -0.8467 0.4600
vn 0.5770 -0.6665 0.4721
vn 0.7382 -0.1695 0.6529
vn 0.5290 -0.6251 0.5739
vn 0.2938 -0.6597 0.6917
vn 0.4937 -0.2546 0.8316
vn 0.3314 -0.8035 0.4945
vn 0.1568 -0.8113 0.5632
vn 0.0901 -0.9685 0.2321
vn 0.2679 -0.8376 0.4761
vn -0.1042 -0.1695 0.9800
vn 0.1968 -0.2546 0.9468
vn 0.2339 -0.5559 0.7977
vn -0.0597 -0.5642 0.8235
vn 0.8217 -0.1695 0.5441
vn 0.9310 -0.2546 0.2617
vn 0.8157 -0.5559 0.1600
vn 0.7033 -0.5642 0.4325
vn 0.9655 -0.2546 -0.0550
vn 0.7492 -0.6598 0.0580
vn 0.9196 -0.1695 -0.3544
vn 0.7531 -0.6252 -0.2050
vn 0.5916 -0.8035 -0.0662
vn 0.5720 -0.8113 0.1203
vn 0.2476 -0.9685 0.0270
vn 0.5461 -0.8375 -0.0185
vn 0.9872 -0.1458 0.0651
vn 0.9605 -0.0876 0.2642
vn 0.9235 -0.1893 0.3335
vn 0.8702 -0.4877 0.0703
vn 0.8706 -0.0671 0.4874
vn 0.8155 -0.2911 0.5002
vn 0.7609 -0.0824 0.6436
vn 0.7083 -0.3312 0.6234
vn 0.6442 -0.4908 0.5866
vn 0.7469 -0.4475 0.4917
vn 0.4257 -0.8748 0.2312
vn 0.7255 -0.6804 0.1035
vn 0.0553 -0.1211 0.9911
vn 0.0764 -0.4539 0.8878
vn 0.2584 -0.3322 0.9071
vn 0.2552 -0.0659 0.9646
vn 0.0774 -0.6427 0.7622
vn 0.2450 -0.5010 0.8301
vn 0.2322 -0.8600 0.4544
vn 0.5497 -0.4614 0.6964
vn 0.6476 -0.0775 0.7580
vn 0.4892 -0.0532 0.8705
vn 0.4666 -0.1763 0.8667
vn 0.6386 -0.2805 0.7166
vn 0.5441 -0.1695 0.8217
vn 0.3625 -0.6251 0.6912
vn 0.1047 -0.6597 0.7442
vn 0.2616 -0.2546 0.9310
vn 0.1921 -0.8035 0.5635
vn 0.0057 -0.8113 0.5846
vn 0.0270 -0.9685 0.2476
vn 0.1356 -0.8375 0.5293
vn -0.3543 -0.1695 0.9196
vn -0.0550 -0.2546 0.9655
vn 0.0195 -0.5559 0.8310
vn -0.2708 -0.5642 0.7800
vn 0.6529 -0.1695 0.7382
vn 0.8316 -0.2546 0.4937
vn 0.7465 -0.5559 0.3656
vn 0.5674 -0.5641 0.5998
vn 0.9468 -0.2546 0.1967
vn 0.7087 -0.6597 0.2499
vn 0.9800 -0.1695 -0.1042
vn 0.7805 -0.6252 -0.0030
vn 0.5886 -0.8035 0.0892
vn 0.5215 -0.8113 0.2642
vn 0.2321 -0.9685 0.0901
vn 0.5323 -0.8375 0.1235
vn 0.9367 -0.1458 0.3184
vn 0.8594 -0.0876 0.5037
vn 0.8058 -0.1893 0.5611
vn 0.8223 -0.4877 0.2931
vn 0.7148 -0.0671 0.6961
vn 0.6583 -0.2911 0.6942
vn 0.5683 -0.0824 0.8187
vn 0.5228 -0.3312 0.7855
vn 0.4703 -0.4909 0.7334
vn 0.5941 -0.4475 0.6684
vn 0.3515 -0.8748 0.3336
vn 0.6738 -0.6807 0.2875
vn -0.2031 -0.1211 0.9716
vn -0.1559 -0.4539 0.8773
vn 0.0149 -0.3323 0.9431
vn -0.0032 -0.0660 0.9978
vn -0.1223 -0.6427 0.7563
vn 0.0218 -0.5010 0.8652
vn 0.1066 -0.8600 0.4990
vn 0.3506 -0.4614 0.8150
vn 0.4294 -0.0774 0.8998
vn 0.2473 -0.0532 0.9675
vn 0.2263 -0.1765 0.9579
vn 0.4313 -0.2805 0.8575
vn 0.3128 -0.1696 0.9346
vn 0.1711 -0.6252 0.7615
vn -0.0914 -0.6598 0.7459
vn 0.0117 -0.2547 0.9670
vn 0.0397 -0.8035 0.5940
vn -0.1458 -0.8113 0.5661
vn -0.0380 -0.9685 0.2462
vn -0.0061 -0.8375 0.5464
vn -0.5802 -0.1696 0.7966
vn -0.3029 -0.2547 0.9183
vn -0.1962 -0.5560 0.8077
vn -0.4634 -0.5642 0.6833
vn 0.4396 -0.1696 0.8821
vn 0.6754 -0.2547 0.6921
vn 0.6265 -0.5560 0.5463
vn 0.3928 -0.5642 0.7262
vn 0.8636 -0.2546 0.4351
vn 0.6199 -0.6597 0.4248
vn 0.9736 -0.1695 0.1530
vn 0.7547 -0.6252 0.1990
vn 0.5455 -0.8035 0.2385
vn 0.4353 -0.8113 0.3902
vn 0.2009 -0.9685 0.1471
vn 0.4821 -0.8376 0.2570
vn 0.8223 -0.1458 0.5500
vn 0.6998 -0.0876 0.7090
vn 0.6332 -0.1892 0.7505
vn 0.7185 -0.4876 0.4960
vn 0.5104 -0.0671 0.8573
vn 0.4563 -0.2910 0.8409
vn 0.3371 -0.0824 0.9379
vn 0.3017 -0.3313 0.8940
vn 0.2645 -0.4909 0.8301
vn 0.4010 -0.4474 0.7994
vn 0.2531 -0.8748 0.4132
vn 0.5764 -0.6806 0.4523
vn 0.1818 -0.0775 0.9803
vn -0.0116 -0.0532 0.9985
vn -0.0294 -0.1765 0.9839
vn 0.1947 -0.2805 0.9399
vn -0.2613 -0.0660 0.9630
vn -0.2298 -0.3323 0.9148
vn -0.4477 -0.1211 0.8860
vn -0.3777 -0.4540 0.8070
vn -0.3140 -0.6426 0.6989
vn -0.2029 -0.5011 0.8413
vn -0.0261 -0.8600 0.5097
vn 0.1278 -0.4617 0.8778
vn 0.0604 -0.1695 0.9837
vn -0.0317 -0.6251 0.7799
vn -0.2813 -0.6597 0.6969
vn -0.2389 -0.2546 0.9371
vn -0.1153 -0.8035 0.5841
vn -0.2873 -0.8113 0.5091
vn -0.1004 -0.9685 0.2279
vn -0.1473 -0.8376 0.5261
vn -0.7667 -0.1695 0.6193
vn -0.5304 -0.2546 0.8086
vn -0.3986 -0.5559 0.7294
vn -0.6245 -0.5642 0.5401
vn 0.1963 -0.1695 0.9658
vn 0.4733 -0.2546 0.8433
vn 0.4638 -0.5560 0.6898
vn 0.1915 -0.5642 0.8032
vn 0.7216 -0.2546 0.6438
vn 0.4889 -0.6598 0.5707
vn 0.9008 -0.1695 0.3998
vn 0.6774 -0.6252 0.3876
vn 0.4651 -0.8035 0.3715
vn 0.3195 -0.8114 0.4895
vn 0.1560 -0.9685 0.1942
vn 0.3991 -0.8375 0.3732
vn 0.0892 -0.0688 0.9936
vn 0.0755 -0.3184 0.9450
vn 0.2561 -0.3049 0.9173
vn 0.2838 -0.0792 0.9556
vn 0.0858 -0.4882 0.8685
vn 0.2472 -0.4551 0.8554
vn 0.2037 -0.8477 0.4898
vn 0.4727 -0.6505 0.5945
vn 0.6651 -0.1565 0.7302
vn 0.5244 -0.1355 0.8406
vn 0.4498 -0.2642 0.8531
vn 0.5940 -0.4920 0.6364
vn -0.6520 -0.1458 0.7441
vn -0.5515 -0.5137 0.6572
vn -0.4436 -0.3910 0.8064
vn -0.4924 -0.0876 0.8659
vn -0.4457 -0.7110 0.5439
vn -0.3906 -0.5724 0.7210
vn -0.1376 -0.8748 0.4645
vn -0.0942 -0.4744 0.8753
vn -0.0832 -0.0742 0.9938
vn -0.2711 -0.0670 0.9602
vn -0.2673 -0.2201 0.9381
vn -0.0486 -0.2634 0.9635
vn -0.1963 -0.1695 0.9658
vn -0.2325 -0.6252 0.7450
vn -0.4521 -0.6598 0.6003
vn -0.4733 -0.2546 0.8433
vn -0.2626 -0.8035 0.5343
vn -0.4093 -0.8113 0.4174
vn -0.1560 -0.9685 0.1941
vn -0.2785 -0.8375 0.4702
vn -0.9008 -0.1695 0.3998
vn -0.7216 -0.2546 0.6438
vn -0.5738 -0.5559 0.6014
vn -0.7430 -0.5642 0.3601
vn 0.7667 -0.1695 0.6193
vn 0.5540 -0.6252 0.5497
vn 0.3245 -0.6597 0.6778
vn 0.5304 -0.2546 0.8086
vn 0.3531 -0.8035 0.4793
vn 0.1819 -0.8113 0.5556
vn 0.1004 -0.9685 0.2279
vn 0.2890 -0.8376 0.4636
vn -0.0603 -0.1695 0.9837
vn 0.2389 -0.2546 0.9371
vn 0.2694 -0.5559 0.7864
vn -0.0229 -0.5641 0.8254
vn -0.1710 -0.0688 0.9829
vn -0.1716 -0.3183 0.9323
vn 0.0100 -0.3049 0.9523
vn 0.0268 -0.0792 0.9965
vn -0.1419 -0.4881 0.8612
vn 0.0174 -0.4552 0.8902
vn 0.0700 -0.8476 0.5261
vn 0.3027 -0.6506 0.6965
vn 0.4535 -0.1565 0.8774
vn 0.2889 -0.1355 0.9477
vn 0.2137 -0.2643 0.9405
vn 0.4091 -0.4920 0.7685
vn -0.8223 -0.1458 0.5500
vn -0.7028 -0.5137 0.4921
vn -0.6372 -0.3910 0.6641
vn -0.6998 -0.0876 0.7090
vn -0.5713 -0.7110 0.4100
vn -0.5639 -0.5722 0.5954
vn -0.2532 -0.8748 0.4131
vn -0.3175 -0.4742 0.8211
vn -0.3375 -0.0743 0.9384
vn -0.5104 -0.0671 0.8573
vn -0.5010 -0.2201 0.8370
vn -0.2963 -0.2634 0.9181
vn -0.4396 -0.1695 0.8821
vn -0.4174 -0.6252 0.6595
vn -0.5921 -0.6598 0.4628
vn -0.6754 -0.2546 0.6921
vn -0.3919 -0.8035 0.4480
vn -0.5034 -0.8114 0.2971
vn -0.2009 -0.9685 0.1471
vn -0.3906 -0.8375 0.3821
vn -0.9736 -0.1695 0.1530
vn -0.8636 -0.2546 0.4351
vn -0.7100 -0.5559 0.4324
vn -0.8109 -0.5642 0.1555
vn 0.5802 -0.1696 0.7966
vn 0.3928 -0.6252 0.6744
vn 0.1379 -0.6597 0.7387
vn 0.3029 -0.2547 0.9184
vn 0.2170 -0.8035 0.5544
vn 0.0319 -0.8113 0.5838
vn 0.0380 -0.9685 0.2462
vn 0.1591 -0.8376 0.5226
vn -0.3128 -0.1696 0.9346
vn -0.0117 -0.2547 0.9670
vn 0.0567 -0.5559 0.8293
vn -0.2357 -0.5642 0.7913
vn 0.2110 -0.1565 0.9649
vn 0.0338 -0.1355 0.9902
vn -0.0370 -0.2642 0.9638
vn 0.1963 -0.4920 0.8482
vn -0.2320 -0.0792 0.9695
vn -0.2369 -0.3048 0.9225
vn -0.4196 -0.0688 0.9051
vn -0.4071 -0.3184 0.8561
vn -0.3599 -0.4882 0.7951
vn -0.2136 -0.4551 0.8644
vn -0.0685 -0.8477 0.5260
vn 0.1121 -0.6506 0.7511
vn -0.9367 -0.1458 0.3184
vn -0.8062 -0.5137 0.2934
vn -0.7874 -0.3910 0.4766
vn -0.8594 -0.0877 0.5037
vn -0.6581 -0.7109 0.2481
vn -0.6988 -0.5722 0.4292
vn -0.3514 -0.8748 0.3336
vn -0.5192 -0.4742 0.7111
vn -0.5689 -0.0744 0.8191
vn -0.7148 -0.0672 0.6961
vn -0.7005 -0.2203 0.6789
vn -0.5237 -0.2636 0.8101
vn -0.6529 -0.1695 0.7382
vn -0.5739 -0.6252 0.5290
vn -0.6916 -0.6598 0.2938
vn -0.8315 -0.2546 0.4937
vn -0.4945 -0.8035 0.3314
vn -0.5631 -0.8114 0.1568
vn -0.2321 -0.9685 0.0902
vn -0.4762 -0.8375 0.2680
vn -0.9800 -0.1695 -0.1042
vn -0.9468 -0.2546 0.1968
vn -0.7976 -0.5560 0.2339
vn -0.8235 -0.5642 -0.0597
vn 0.3543 -0.1695 0.9196
vn 0.2050 -0.6252 0.7531
vn -0.0579 -0.6597 0.7493
vn 0.0550 -0.2546 0.9655
vn 0.0662 -0.8035 0.5916
vn -0.1202 -0.8113 0.5721
vn -0.0270 -0.9685 0.2476
vn 0.0184 -0.8375 0.5461
vn -0.5441 -0.1695 0.8217
vn -0.2616 -0.2546 0.9310
vn -0.1599 -0.5559 0.8157
vn -0.4325 -0.5642 0.7033
vn -0.0460 -0.1565 0.9866
vn -0.2237 -0.1355 0.9652
vn -0.2852 -0.2643 0.9213
vn -0.0300 -0.4920 0.8701
vn -0.4750 -0.0793 0.8764
vn -0.4675 -0.3049 0.8297
vn -0.6395 -0.0688 0.7657
vn -0.6148 -0.3184 0.7216
vn -0.5534 -0.4881 0.6749
vn -0.4301 -0.4552 0.7797
vn -0.2024 -0.8476 0.4905
vn -0.0862 -0.6504 0.7547
vn -0.9872 -0.1458 0.0651
vn -0.8547 -0.5137 0.0747
vn -0.8839 -0.3910 0.2566
vn -0.9605 -0.0876 0.2641
vn -0.6998 -0.7109 0.0694
vn -0.7861 -0.5722 0.2337
vn -0.4257 -0.8748 0.2313
vn -0.6855 -0.4742 0.5524
vn -0.7615 -0.0744 0.6439
vn -0.8706 -0.0671 0.4874
vn -0.8523 -0.2201 0.4745
vn -0.7156 -0.2635 0.6469
vn -0.8217 -0.1695 0.5441
vn -0.6913 -0.6251 0.3624
vn -0.7442 -0.6597 0.1047
vn -0.9310 -0.2546 0.2617
vn -0.5635 -0.8035 0.1921
vn -0.5846 -0.8113 0.0057
vn -0.2476 -0.9685 0.0270
vn -0.5293 -0.8376 0.1356
vn -0.9196 -0.1695 -0.3543
vn -0.9655 -0.2546 -0.0550
vn -0.8310 -0.5559 0.0195
vn -0.7800 -0.5642 -0.2708
vn 0.1042 -0.1695 0.9800
vn 0.0030 -0.6252 0.7805
vn -0.2499 -0.6597 0.7088
vn -0.1968 -0.2546 0.9468
vn -0.0893 -0.8035 0.5885
vn -0.2643 -0.8113 0.5215
vn -0.0901 -0.9685 0.2322
vn -0.1235 -0.8375 0.5322
vn -0.7382 -0.1695 0.6529
vn -0.4937 -0.2546 0.8315
vn -0.3656 -0.5559 0.7466
vn -0.5998 -0.5641 0.5674
vn -0.8204 -0.1516 0.5513
vn -0.7010 -0.5107 0.4977
vn -0.6335 -0.3770 0.6757
vn -0.6977 -0.0826 0.7116
vn -0.5722 -0.7011 0.4255
vn -0.5642 -0.5552 0.6111
vn -0.2673 -0.8467 0.4600
vn -0.3261 -0.4234 0.8452
vn -0.3363 -0.0701 0.9391
vn -0.5082 -0.0600 0.8591
vn -0.4948 -0.2042 0.8447
vn -0.2923 -0.2331 0.9275
vn -0.9713 -0.1291 -0.1998
vn -0.8577 -0.4843 -0.1726
vn -0.9101 -0.4140 -0.0173
vn -0.9945 -0.1046 -0.0067
vn -0.7122 -0.6844 -0.1562
vn -0.7958 -0.6049 -0.0282
vn -0.3523 -0.9352 0.0365
vn -0.6337 -0.7158 0.2934
vn -0.8800 -0.1550 0.4491
vn -0.9568 -0.1119 0.2682
vn -0.9414 -0.2756 0.1944
vn -0.7807 -0.4955 0.3808
vn -0.9346 -0.1695 0.3128
vn -0.7615 -0.6252 0.1712
vn -0.7459 -0.6598 -0.0915
vn -0.9670 -0.2547 0.0117
vn -0.5940 -0.8035 0.0397
vn -0.5661 -0.8114 -0.1459
vn -0.2461 -0.9685 -0.0380
vn -0.5464 -0.8375 -0.0061
vn -0.7966 -0.1696 -0.5802
vn -0.9184 -0.2547 -0.3029
vn -0.8077 -0.5560 -0.1963
vn -0.6833 -0.5642 -0.4634
vn -0.1530 -0.1695 0.9736
vn -0.1990 -0.6252 0.7547
vn -0.4248 -0.6597 0.6199
vn -0.4351 -0.2546 0.8636
vn -0.2385 -0.8035 0.5455
vn -0.3902 -0.8113 0.4353
vn -0.1472 -0.9685 0.2009
vn -0.2570 -0.8375 0.4822
vn -0.8821 -0.1695 0.4396
vn -0.6921 -0.2546 0.6754
vn -0.5463 -0.5560 0.6264
vn -0.7262 -0.5642 0.3928
vn -0.9416 -0.1769 0.2866
vn -0.8068 -0.5356 0.2493
vn -0.7685 -0.4923 0.4088
vn -0.8712 -0.1674 0.4614
vn -0.6833 -0.6941 0.2268
vn -0.6730 -0.6373 0.3753
vn -0.3375 -0.9048 0.2598
vn -0.4230 -0.6842 0.5941
vn -0.5194 -0.1643 0.8386
vn -0.6691 -0.1674 0.7241
vn -0.6587 -0.3887 0.6442
vn -0.4554 -0.4860 0.7459
vn -0.8691 -0.1644 -0.4665
vn -0.7513 -0.5261 -0.3985
vn -0.8317 -0.4923 -0.2567
vn -0.9415 -0.1674 -0.2925
vn -0.6431 -0.6939 -0.3240
vn -0.7407 -0.6373 -0.2127
vn -0.4223 -0.9047 -0.0562
vn -0.7196 -0.6841 0.1190
vn -0.9587 -0.1769 0.2226
vn -0.9852 -0.1674 0.0360
vn -0.9213 -0.3887 -0.0129
vn -0.8432 -0.4981 0.2024
vn -0.9837 -0.1695 0.0604
vn -0.7799 -0.6251 -0.0317
vn -0.6969 -0.6597 -0.2814
vn -0.9371 -0.2546 -0.2389
vn -0.5841 -0.8035 -0.1153
vn -0.5091 -0.8113 -0.2873
vn -0.2279 -0.9685 -0.1004
vn -0.5262 -0.8375 -0.1474
vn -0.6193 -0.1695 -0.7666
vn -0.8086 -0.2546 -0.5304
vn -0.7294 -0.5559 -0.3986
vn -0.5401 -0.5642 -0.6245
vn -0.3998 -0.1695 0.9008
vn -0.3876 -0.6252 0.6774
vn -0.5707 -0.6598 0.4888
vn -0.6438 -0.2546 0.7216
vn -0.3716 -0.8035 0.4651
vn -0.4895 -0.8114 0.3194
vn -0.1941 -0.9685 0.1559
vn -0.3732 -0.8374 0.3993
vn -0.9658 -0.1695 0.1963
vn -0.8433 -0.2546 0.4733
vn -0.6898 -0.5560 0.4637
vn -0.8032 -0.5641 0.1915
vn -0.9837 -0.1769 0.0331
vn -0.8439 -0.5355 0.0320
vn -0.8481 -0.4923 0.1959
vn -0.9610 -0.1674 0.2202
vn -0.7187 -0.6940 0.0422
vn -0.7473 -0.6372 0.1883
vn -0.3933 -0.9047 0.1636
vn -0.5624 -0.6841 0.4644
vn -0.7187 -0.1643 0.6756
vn -0.8337 -0.1674 0.5262
vn -0.8030 -0.3887 0.4518
vn -0.6329 -0.4860 0.6027
vn -0.7187 -0.1644 -0.6756
vn -0.6226 -0.5261 -0.5793
vn -0.7369 -0.4923 -0.4632
vn -0.8337 -0.1674 -0.5262
vn -0.5373 -0.6938 -0.4794
vn -0.6604 -0.6372 -0.3972
vn -0.3933 -0.9047 -0.1636
vn -0.7259 -0.6841 -0.0713
vn -0.9837 -0.1769 -0.0332
vn -0.9610 -0.1674 -0.2203
vn -0.8865 -0.3888 -0.2510
vn -0.8668 -0.4981 -0.0227
vn -0.9658 -0.1695 -0.1963
vn -0.7451 -0.6251 -0.2325
vn -0.6003 -0.6597 -0.4522
vn -0.8433 -0.2546 -0.4733
vn -0.5343 -0.8035 -0.2626
vn -0.4174 -0.8113 -0.4094
vn -0.1941 -0.9685 -0.1560
vn -0.4702 -0.8376 -0.2783
vn -0.3997 -0.1695 -0.9008
vn -0.6438 -0.2546 -0.7216
vn -0.6014 -0.5559 -0.5738
vn -0.3601 -0.5642 -0.7430
vn -0.6193 -0.1695 0.7666
vn -0.5497 -0.6252 0.5540
vn -0.6778 -0.6597 0.3245
vn -0.8086 -0.2546 0.5304
vn -0.4793 -0.8035 0.3532
vn -0.5556 -0.8113 0.1820
vn -0.2279 -0.9685 0.1004
vn -0.4637 -0.8375 0.2890
vn -0.9837 -0.1695 -0.0604
vn -0.9371 -0.2546 0.2389
vn -0.7864 -0.5559 0.2694
vn -0.8254 -0.5641 -0.0230
vn -0.9587 -0.1769 -0.2226
vn -0.8234 -0.5356 -0.1874
vn -0.8699 -0.4923 -0.0302
vn -0.9852 -0.1674 -0.0360
vn -0.7051 -0.6941 -0.1453
vn -0.7706 -0.6373 -0.0115
vn -0.4223 -0.9047 0.0562
vn -0.6634 -0.6842 0.3030
vn -0.8691 -0.1644 0.4665
vn -0.9415 -0.1674 0.2925
vn -0.8926 -0.3887 0.2285
vn -0.7673 -0.4860 0.4183
vn -0.5194 -0.1644 -0.8386
vn -0.4514 -0.5261 -0.7207
vn -0.5919 -0.4923 -0.6382
vn -0.6691 -0.1674 -0.7240
vn -0.3949 -0.6939 -0.6022
vn -0.5351 -0.6373 -0.5545
vn -0.3376 -0.9047 -0.2598
vn -0.6826 -0.6842 -0.2569
vn -0.9416 -0.1769 -0.2866
vn -0.8712 -0.1674 -0.4615
vn -0.7913 -0.3888 -0.4719
vn -0.8314 -0.4981 -0.2463
vn -0.8821 -0.1695 -0.4396
vn -0.7561 -0.4232 -0.4993
vn -0.5920 -0.4838 -0.6446
vn -0.6921 -0.2546 -0.6754
vn -0.2570 -0.8376 -0.4821
vn -0.1471 -0.9685 -0.2009
vn -0.3821 -0.8375 -0.3906
vn -0.1530 -0.1695 -0.9736
vn -0.4351 -0.2546 -0.8637
vn -0.4359 -0.4837 -0.7590
vn -0.2478 -0.4231 -0.8715
vn -0.4077 -0.7238 -0.5567
vn -0.7966 -0.1696 0.5802
vn -0.7915 -0.4233 0.4408
vn -0.8448 -0.4839 0.2284
vn -0.9184 -0.2547 0.3029
vn -0.5463 -0.8376 0.0060
vn -0.2461 -0.9685 0.0380
vn -0.5227 -0.8376 0.1591
vn -0.9346 -0.1695 -0.3128
vn -0.9670 -0.2547 -0.0117
vn -0.8743 -0.4839 0.0372
vn -0.8876 -0.4233 -0.1816
vn -0.6819 -0.7238 0.1056
vn -0.8592 -0.2148 -0.4643
vn -0.7876 -0.4267 -0.4446
vn -0.8742 -0.4109 -0.2586
vn -0.9305 -0.2106 -0.2997
vn -0.5799 -0.7576 -0.2995
vn -0.3850 -0.9215 -0.0501
vn -0.7076 -0.6956 0.1240
vn -0.9624 -0.1685 0.2132
vn -0.9828 -0.1837 0.0200
vn -0.9288 -0.3687 0.0359
vn -0.9182 -0.3313 0.2171
vn -0.7719 -0.6277 -0.1005
vn -0.3363 -0.0701 -0.9391
vn -0.3148 -0.1398 -0.9388
vn -0.4792 -0.1242 -0.8689
vn -0.5082 -0.0599 -0.8591
vn -0.3261 -0.4232 -0.8453
vn -0.2673 -0.8467 -0.4600
vn -0.5770 -0.6665 -0.4721
vn -0.8175 -0.1740 -0.5490
vn -0.6977 -0.0826 -0.7116
vn -0.6445 -0.1347 -0.7527
vn -0.7690 -0.2537 -0.5867
vn -0.5158 -0.3691 -0.7731
vn -0.7382 -0.1695 -0.6529
vn -0.6011 -0.4231 -0.6779
vn -0.4050 -0.4838 -0.7758
vn -0.4937 -0.2546 -0.8316
vn -0.1236 -0.8375 -0.5322
vn -0.0901 -0.9685 -0.2321
vn -0.2679 -0.8376 -0.4761
vn 0.1042 -0.1695 -0.9800
vn -0.1968 -0.2546 -0.9468
vn -0.2246 -0.4838 -0.8459
vn -0.0139 -0.4232 -0.9059
vn -0.2497 -0.7236 -0.6435
vn -0.9205 -0.1617 0.3558
vn -0.8812 -0.4204 0.2161
vn -0.8766 -0.4812 -0.0043
vn -0.9659 -0.2533 0.0534
vn -0.5261 -0.8364 -0.1539
vn -0.2526 -0.9667 -0.0418
vn -0.5600 -0.8285 -0.0021
vn -0.8221 -0.1689 -0.5437
vn -0.9315 -0.2507 -0.2636
vn -0.8562 -0.4777 -0.1970
vn -0.8116 -0.4152 -0.4109
vn -0.6910 -0.7174 -0.0883
vn -0.7411 -0.1413 -0.6564
vn -0.7434 -0.2616 -0.6156
vn -0.8636 -0.1840 -0.4695
vn -0.8603 -0.0961 -0.5007
vn -0.5834 -0.6553 -0.4799
vn -0.3463 -0.9267 -0.1462
vn -0.7373 -0.6719 -0.0703
vn -0.9896 -0.1330 -0.0545
vn -0.9634 -0.0982 -0.2494
vn -0.9413 -0.1852 -0.2822
vn -0.9638 -0.2502 -0.0922
vn -0.8059 -0.4872 -0.3364
vn -0.6623 -0.1613 -0.7317
vn -0.5222 -0.1344 -0.8422
vn -0.4472 -0.2590 -0.8561
vn -0.6310 -0.3186 -0.7073
vn -0.2828 -0.0761 -0.9562
vn -0.2890 -0.2270 -0.9300
vn -0.0882 -0.0627 -0.9941
vn -0.0746 -0.1248 -0.9894
vn -0.1658 -0.4650 -0.8697
vn -0.2042 -0.8445 -0.4951
vn -0.4714 -0.6488 -0.5974
vn -0.3461 -0.4202 -0.8388
vn 0.3500 -0.1922 -0.9168
vn 0.0588 -0.2612 -0.9635
vn 0.0017 -0.5733 -0.8193
vn 0.2335 -0.4368 -0.8687
vn -0.2559 -0.2679 -0.9289
vn -0.1379 -0.5754 -0.8062
vn -0.5452 -0.1714 -0.8206
vn -0.3881 -0.4483 -0.8053
vn 0.0749 -0.8630 -0.4997
vn 0.0062 -0.9733 -0.2296
vn -0.0950 -0.8450 -0.5263
vn -0.0405 -0.7449 -0.6660
vn -0.9812 -0.1617 0.1054
vn -0.9071 -0.4205 -0.0194
vn -0.8456 -0.4812 -0.2311
vn -0.9468 -0.2534 -0.1984
vn -0.4683 -0.8364 -0.2849
vn -0.2331 -0.9667 -0.1059
vn -0.5404 -0.8285 -0.1469
vn -0.6534 -0.1688 -0.7380
vn -0.8315 -0.2506 -0.4958
vn -0.7761 -0.4775 -0.4120
vn -0.6777 -0.4151 -0.6070
vn -0.6446 -0.7174 -0.2642
vn -0.5459 -0.1413 -0.8258
vn -0.5587 -0.2616 -0.7870
vn -0.7126 -0.1840 -0.6770
vn -0.7014 -0.0961 -0.7063
vn -0.4392 -0.6554 -0.6145
vn -0.2966 -0.9267 -0.2309
vn -0.6940 -0.6719 -0.2587
vn -0.9418 -0.1330 -0.3088
vn -0.8661 -0.0982 -0.4902
vn -0.8362 -0.1851 -0.5162
vn -0.9071 -0.2501 -0.3385
vn -0.6915 -0.4873 -0.5333
vn -0.4505 -0.1613 -0.8781
vn -0.2865 -0.1344 -0.9486
vn -0.2104 -0.2590 -0.9427
vn -0.4265 -0.3186 -0.8465
vn -0.0256 -0.0760 -0.9968
vn -0.0384 -0.2269 -0.9732
vn 0.1721 -0.0626 -0.9831
vn 0.1840 -0.1247 -0.9750
vn 0.0649 -0.4649 -0.8830
vn -0.0691 -0.8446 -0.5309
vn -0.3007 -0.6489 -0.6990
vn -0.1171 -0.4203 -0.8998
vn 0.5753 -0.1922 -0.7950
vn 0.3061 -0.2612 -0.9155
vn 0.2137 -0.5734 -0.7909
vn 0.4503 -0.4367 -0.7788
vn -0.0067 -0.2678 -0.9634
vn 0.0754 -0.5754 -0.8144
vn -0.3142 -0.1714 -0.9337
vn -0.1663 -0.4482 -0.8783
vn 0.2018 -0.8630 -0.4632
vn 0.0654 -0.9733 -0.2201
vn 0.0445 -0.8450 -0.5328
vn 0.1332 -0.7450 -0.6536
vn -0.9736 -0.1695 -0.1530
vn -0.8715 -0.4232 -0.2478
vn -0.7589 -0.4838 -0.4359
vn -0.8636 -0.2546 -0.4351
vn -0.3907 -0.8375 -0.3820
vn -0.2009 -0.9685 -0.1471
vn -0.4821 -0.8376 -0.2570
vn -0.4396 -0.1696 -0.8821
vn -0.6754 -0.2547 -0.6921
vn -0.6445 -0.4839 -0.5920
vn -0.4992 -0.4233 -0.7560
vn -0.5568 -0.7237 -0.4078
vn -0.3371 -0.0824 -0.9379
vn -0.3205 -0.1660 -0.9326
vn -0.4866 -0.1374 -0.8628
vn -0.5104 -0.0671 -0.8573
vn -0.3175 -0.4742 -0.8211
vn -0.2531 -0.8748 -0.4132
vn -0.5764 -0.6806 -0.4523
vn -0.8223 -0.1458 -0.5500
vn -0.6998 -0.0876 -0.7090
vn -0.6508 -0.1474 -0.7448
vn -0.7762 -0.2410 -0.5826
vn -0.5193 -0.4007 -0.7549
vn -0.1818 -0.0775 -0.9803
vn 0.0116 -0.0532 -0.9985
vn 0.0294 -0.1765 -0.9839
vn -0.1739 -0.1514 -0.9730
vn 0.2613 -0.0660 -0.9630
vn 0.1816 -0.1548 -0.9711
vn 0.4477 -0.1211 -0.8860
vn 0.3860 -0.1959 -0.9015
vn 0.2924 -0.6078 -0.7383
vn 0.0261 -0.8600 -0.5097
vn -0.1278 -0.4617 -0.8778
vn 0.0874 -0.3530 -0.9315
vn 0.7667 -0.1695 -0.6193
vn 0.5304 -0.2546 -0.8086
vn 0.3986 -0.5559 -0.7294
vn 0.6308 -0.4232 -0.6503
vn 0.2389 -0.2546 -0.9371
vn 0.2693 -0.5559 -0.7864
vn -0.0604 -0.1695 -0.9837
vn 0.0543 -0.4231 -0.9045
vn 0.2889 -0.8375 -0.4637
vn 0.1004 -0.9685 -0.2279
vn 0.1473 -0.8376 -0.5261
vn 0.2782 -0.7238 -0.6315
vn -0.9008 -0.1695 -0.3998
vn -0.7776 -0.4232 -0.4650
vn -0.6203 -0.4838 -0.6174
vn -0.7216 -0.2546 -0.6438
vn -0.2785 -0.8376 -0.4701
vn -0.1560 -0.9685 -0.1942
vn -0.3991 -0.8375 -0.3732
vn -0.1963 -0.1695 -0.9658
vn -0.4733 -0.2546 -0.8433
vn -0.4694 -0.4838 -0.7386
vn -0.2865 -0.4232 -0.8595
vn -0.4323 -0.7238 -0.5378
vn -0.6651 -0.1565 -0.7302
vn -0.5244 -0.1355 -0.8406
vn -0.4498 -0.2642 -0.8531
vn -0.6348 -0.3140 -0.7060
vn -0.2838 -0.0792 -0.9556
vn -0.2902 -0.2331 -0.9282
vn -0.0892 -0.0688 -0.9936
vn -0.0761 -0.1381 -0.9875
vn -0.1647 -0.4744 -0.8648
vn -0.2037 -0.8477 -0.4898
vn -0.4727 -0.6505 -0.5945
vn -0.3473 -0.4268 -0.8350
vn 0.0832 -0.0742 -0.9938
vn 0.2711 -0.0670 -0.9602
vn 0.2673 -0.2201 -0.9381
vn 0.0690 -0.1476 -0.9866
vn 0.4924 -0.0876 -0.8659
vn 0.4173 -0.1893 -0.8888
vn 0.6520 -0.1458 -0.7441
vn 0.5989 -0.2411 -0.7637
vn 0.4398 -0.6805 -0.5861
vn 0.1376 -0.8748 -0.4645
vn 0.0942 -0.4744 -0.8753
vn 0.3061 -0.4011 -0.8634
vn 0.9008 -0.1695 -0.3998
vn 0.7216 -0.2546 -0.6438
vn 0.5738 -0.5559 -0.6014
vn 0.7776 -0.4232 -0.4650
vn 0.4733 -0.2546 -0.8433
vn 0.4637 -0.5559 -0.6899
vn 0.1963 -0.1695 -0.9658
vn 0.2866 -0.4232 -0.8595
vn 0.3991 -0.8376 -0.3731
vn 0.1560 -0.9685 -0.1941
vn 0.2785 -0.8375 -0.4702
vn 0.4322 -0.7237 -0.5380
vn -0.7667 -0.1695 -0.6193
vn -0.6308 -0.4233 -0.6504
vn -0.4393 -0.4838 -0.7569
vn -0.5304 -0.2546 -0.8086
vn -0.1473 -0.8375 -0.5262
vn -0.1004 -0.9685 -0.2279
vn -0.2890 -0.8376 -0.4636
vn 0.0603 -0.1695 -0.9837
vn -0.2389 -0.2546 -0.9371
vn -0.2622 -0.4838 -0.8350
vn -0.0543 -0.4231 -0.9045
vn -0.2782 -0.7238 -0.6314
vn -0.4535 -0.1565 -0.8774
vn -0.2889 -0.1355 -0.9477
vn -0.2137 -0.2642 -0.9405
vn -0.4304 -0.3139 -0.8463
vn -0.0268 -0.0792 -0.9965
vn -0.0401 -0.2331 -0.9716
vn 0.1710 -0.0688 -0.9829
vn 0.1820 -0.1381 -0.9735
vn 0.0647 -0.4744 -0.8779
vn -0.0700 -0.8476 -0.5261
vn -0.3027 -0.6506 -0.6965
vn -0.1194 -0.4266 -0.8965
vn 0.3375 -0.0743 -0.9384
vn 0.5104 -0.0671 -0.8573
vn 0.5010 -0.2202 -0.8370
vn 0.3220 -0.1477 -0.9351
vn 0.6998 -0.0876 -0.7090
vn 0.6331 -0.1894 -0.7505
vn 0.8223 -0.1458 -0.5500
vn 0.7762 -0.2411 -0.5826
vn 0.5765 -0.6805 -0.4523
vn 0.2532 -0.8748 -0.4131
vn 0.3175 -0.4742 -0.8211
vn 0.5192 -0.4007 -0.7549
vn 0.9736 -0.1695 -0.1530
vn 0.8636 -0.2546 -0.4351
vn 0.7100 -0.5558 -0.4324
vn 0.8715 -0.4232 -0.2478
vn 0.6754 -0.2546 -0.6921
vn 0.6265 -0.5559 -0.5464
vn 0.4396 -0.1695 -0.8821
vn 0.4992 -0.4232 -0.7561
vn 0.4821 -0.8376 -0.2570
vn 0.2009 -0.9685 -0.1471
vn 0.3906 -0.8375 -0.3821
vn 0.5569 -0.7236 -0.4078
vn -0.5753 -0.1922 -0.7950
vn -0.4503 -0.4367 -0.7788
vn -0.2428 -0.4956 -0.8340
vn -0.3061 -0.2612 -0.9155
vn -0.0444 -0.8450 -0.5329
vn -0.0654 -0.9733 -0.2201
vn -0.2018 -0.8629 -0.4633
vn 0.3142 -0.1714 -0.9337
vn 0.0067 -0.2678 -0.9634
vn -0.0530 -0.5044 -0.8619
vn 0.1664 -0.4482 -0.8783
vn -0.1333 -0.7448 -0.6538
vn -0.1840 -0.0724 -0.9803
vn 0.0092 -0.0516 -0.9986
vn 0.0254 -0.1735 -0.9845
vn -0.1776 -0.1427 -0.9737
vn 0.2584 -0.0649 -0.9639
vn 0.1777 -0.1511 -0.9724
vn 0.4445 -0.1382 -0.8851
vn 0.3816 -0.2082 -0.9006
vn 0.2890 -0.6055 -0.7416
vn 0.0230 -0.8555 -0.5174
vn -0.1307 -0.4525 -0.8821
vn 0.0831 -0.3474 -0.9340
vn 0.5325 -0.1697 -0.8293
vn 0.6817 -0.1716 -0.7112
vn 0.6535 -0.4039 -0.6402
vn 0.5007 -0.3367 -0.7975
vn 0.8679 -0.1796 -0.4631
vn 0.7867 -0.4092 -0.4622
vn 0.9399 -0.1778 -0.2914
vn 0.8957 -0.3554 -0.2672
vn 0.6658 -0.7073 -0.2375
vn 0.3291 -0.9101 -0.2518
vn 0.4215 -0.6877 -0.5911
vn 0.6414 -0.5899 -0.4906
vn 0.9812 -0.1617 0.1053
vn 0.9468 -0.2534 -0.1984
vn 0.7982 -0.5514 -0.2425
vn 0.9071 -0.4205 -0.0195
vn 0.8315 -0.2506 -0.4957
vn 0.7465 -0.5502 -0.3741
vn 0.6534 -0.1688 -0.7380
vn 0.6776 -0.4151 -0.6070
vn 0.5403 -0.8285 -0.1470
vn 0.2331 -0.9667 -0.1059
vn 0.4682 -0.8364 -0.2849
vn 0.6446 -0.7175 -0.2640
vn -0.3500 -0.1922 -0.9168
vn -0.2335 -0.4368 -0.8687
vn -0.0187 -0.4956 -0.8684
vn -0.0588 -0.2612 -0.9635
vn 0.0951 -0.8450 -0.5262
vn -0.0062 -0.9733 -0.2295
vn -0.0751 -0.8630 -0.4997
vn 0.5452 -0.1714 -0.8206
vn 0.2559 -0.2678 -0.9289
vn 0.1719 -0.5043 -0.8462
vn 0.3881 -0.4482 -0.8053
vn 0.0406 -0.7447 -0.6661
vn 0.0760 -0.0725 -0.9945
vn 0.2674 -0.0517 -0.9622
vn 0.2794 -0.1734 -0.9444
vn 0.0805 -0.1429 -0.9865
vn 0.4990 -0.0649 -0.8642
vn 0.4233 -0.1509 -0.8933
vn 0.6583 -0.1383 -0.7399
vn 0.6016 -0.2083 -0.7712
vn 0.4710 -0.6053 -0.6417
vn 0.1560 -0.8555 -0.4937
vn 0.1020 -0.4523 -0.8860
vn 0.3220 -0.3469 -0.8809
vn 0.7290 -0.1697 -0.6632
vn 0.8425 -0.1716 -0.5106
vn 0.7968 -0.4039 -0.4493
vn 0.6900 -0.3367 -0.6407
vn 0.9582 -0.1797 -0.2228
vn 0.8795 -0.4093 -0.2429
vn 0.9833 -0.1779 -0.0382
vn 0.9343 -0.3555 -0.0263
vn 0.7046 -0.7073 -0.0571
vn 0.3830 -0.9101 -0.1580
vn 0.5601 -0.6878 -0.4618
vn 0.7464 -0.5899 -0.3079
vn 0.9205 -0.1617 0.3558
vn 0.9659 -0.2533 0.0534
vn 0.8338 -0.5513 -0.0275
vn 0.8812 -0.4204 0.2161
vn 0.9315 -0.2506 -0.2636
vn 0.8179 -0.5503 -0.1681
vn 0.8221 -0.1689 -0.5437
vn 0.8116 -0.4152 -0.4109
vn 0.5600 -0.8285 -0.0021
vn 0.2526 -0.9667 -0.0418
vn 0.5261 -0.8364 -0.1538
vn 0.6909 -0.7176 -0.0881
vn 0.7382 -0.1695 -0.6529
vn 0.4937 -0.2546 -0.8315
vn 0.3656 -0.5559 -0.7466
vn 0.6011 -0.4232 -0.6779
vn 0.1968 -0.2546 -0.9468
vn 0.2339 -0.5558 -0.7977
vn -0.1042 -0.1695 -0.9800
vn 0.0138 -0.4231 -0.9060
vn 0.2680 -0.8375 -0.4762
vn 0.0901 -0.9685 -0.2322
vn 0.1235 -0.8375 -0.5322
vn 0.2498 -0.7236 -0.6435
vn 0.3363 -0.0701 -0.9392
vn 0.5082 -0.0600 -0.8591
vn 0.4948 -0.2042 -0.8447
vn 0.3148 -0.1398 -0.9388
vn 0.6977 -0.0826 -0.7116
vn 0.6278 -0.1713 -0.7593
vn 0.8204 -0.1516 -0.5513
vn 0.7724 -0.2368 -0.5894
vn 0.5770 -0.6665 -0.4722
vn 0.2673 -0.8467 -0.4600
vn 0.3261 -0.4234 -0.8452
vn 0.5159 -0.3695 -0.7729
vn 0.8800 -0.1550 -0.4491
vn 0.9568 -0.1119 -0.2682
vn 0.9414 -0.2757 -0.1944
vn 0.8736 -0.2859 -0.3937
vn 0.9945 -0.1046 0.0067
vn 0.9575 -0.2862 -0.0350
vn 0.9713 -0.1291 0.1998
vn 0.9520 -0.2530 0.1721
vn 0.7371 -0.6630 0.1309
vn 0.3523 -0.9352 -0.0365
vn 0.6337 -0.7158 -0.2934
vn 0.8493 -0.5183 -0.0998
vn 0.7966 -0.1696 0.5802
vn 0.9184 -0.2547 0.3029
vn 0.8077 -0.5560 0.1963
vn 0.7915 -0.4233 0.4408
vn 0.9670 -0.2547 -0.0117
vn 0.8292 -0.5560 0.0568
vn 0.9346 -0.1695 -0.3128
vn 0.8876 -0.4233 -0.1816
vn 0.5227 -0.8376 0.1591
vn 0.2461 -0.9685 0.0380
vn 0.5464 -0.8375 0.0061
vn 0.6819 -0.7238 0.1056
vn 0.8821 -0.1695 -0.4396
vn 0.6921 -0.2546 -0.6754
vn 0.5463 -0.5559 -0.6265
vn 0.7560 -0.4233 -0.4992
vn 0.4351 -0.2546 -0.8636
vn 0.4324 -0.5559 -0.7099
vn 0.1530 -0.1695 -0.9736
vn 0.2478 -0.4232 -0.8715
vn 0.3820 -0.8375 -0.3907
vn 0.1472 -0.9685 -0.2009
vn 0.2570 -0.8376 -0.4821
vn 0.4077 -0.7238 -0.5567
vn 0.5194 -0.1644 -0.8386
vn 0.6691 -0.1674 -0.7241
vn 0.6587 -0.3888 -0.6442
vn 0.5014 -0.3284 -0.8004
vn 0.8712 -0.1674 -0.4615
vn 0.7913 -0.3888 -0.4718
vn 0.9416 -0.1769 -0.2866
vn 0.8950 -0.3494 -0.2772
vn 0.6826 -0.6842 -0.2569
vn 0.3376 -0.9047 -0.2598
vn 0.4230 -0.6842 -0.5941
vn 0.6495 -0.5730 -0.4997
vn 0.9587 -0.1769 -0.2226
vn 0.9852 -0.1674 -0.0360
vn 0.9213 -0.3887 0.0129
vn 0.9137 -0.3494 -0.2074
vn 0.9415 -0.1674 0.2925
vn 0.8926 -0.3887 0.2285
vn 0.8691 -0.1644 0.4665
vn 0.8345 -0.3284 0.4425
vn 0.6634 -0.6842 0.3030
vn 0.4223 -0.9047 0.0562
vn 0.7196 -0.6841 -0.1190
vn 0.8125 -0.5729 0.1081
vn 0.6193 -0.1695 0.7666
vn 0.8086 -0.2546 0.5304
vn 0.7294 -0.5559 0.3986
vn 0.6504 -0.4233 0.6308
vn 0.9371 -0.2546 0.2389
vn 0.7864 -0.5559 0.2694
vn 0.9837 -0.1695 -0.0604
vn 0.9044 -0.4231 0.0542
vn 0.4637 -0.8375 0.2889
vn 0.2279 -0.9685 0.1004
vn 0.5262 -0.8375 0.1474
vn 0.6315 -0.7237 0.2782
vn 0.9658 -0.1695 -0.1963
vn 0.8433 -0.2546 -0.4733
vn 0.6898 -0.5560 -0.4637
vn 0.8595 -0.4232 -0.2866
vn 0.6438 -0.2546 -0.7216
vn 0.6014 -0.5559 -0.5738
vn 0.3998 -0.1695 -0.9008
vn 0.4650 -0.4232 -0.7776
vn 0.4701 -0.8376 -0.2784
vn 0.1941 -0.9685 -0.1559
vn 0.3732 -0.8374 -0.3993
vn 0.5378 -0.7238 -0.4323
vn 0.7188 -0.1644 -0.6756
vn 0.8337 -0.1674 -0.5262
vn 0.8030 -0.3888 -0.4517
vn 0.6915 -0.3285 -0.6434
vn 0.9610 -0.1674 -0.2203
vn 0.8865 -0.3888 -0.2510
vn 0.9837 -0.1769 -0.0331
vn 0.9363 -0.3494 -0.0362
vn 0.7259 -0.6841 -0.0714
vn 0.3933 -0.9047 -0.1636
vn 0.5624 -0.6842 -0.4644
vn 0.7568 -0.5728 -0.3148
vn 0.9837 -0.1769 0.0331
vn 0.9610 -0.1674 0.2202
vn 0.8865 -0.3888 0.2510
vn 0.9363 -0.3494 0.0362
vn 0.8337 -0.1674 0.5262
vn 0.8030 -0.3888 0.4517
vn 0.7187 -0.1644 0.6756
vn 0.6915 -0.3285 0.6434
vn 0.5624 -0.6842 0.4644
vn 0.3933 -0.9047 0.1636
vn 0.7259 -0.6841 0.0713
vn 0.7568 -0.5728 0.3148
vn 0.3997 -0.1695 0.9008
vn 0.6438 -0.2546 0.7216
vn 0.6014 -0.5559 0.5738
vn 0.4650 -0.4232 0.7776
vn 0.8433 -0.2546 0.4733
vn 0.6899 -0.5559 0.4637
vn 0.9658 -0.1695 0.1963
vn 0.8595 -0.4232 0.2866
vn 0.3731 -0.8375 0.3992
vn 0.1941 -0.9685 0.1560
vn 0.4702 -0.8376 0.2783
vn 0.5379 -0.7238 0.4322
vn -0.1939 0.9618 -0.1933
vn -0.5943 0.7165 -0.3654
vn -0.7379 0.4998 -0.4535
vn -0.8438 0.1389 -0.5184
vn -0.0005 0.8894 -0.4572
vn 0.1639 0.9728 -0.1636
vn 0.5874 0.7419 -0.3234
vn 0.7208 0.5311 -0.4454
vn 0.8384 0.1521 -0.5234
vn -0.2597 0.9619 -0.0857
vn 0.2597 0.9619 -0.0857
vn -0.1105 0.9049 -0.4109
vn 0.1365 0.9622 -0.2356
vn 0.4790 0.7163 -0.5073
vn 0.5924 0.5075 -0.6257
vn 0.6803 0.1472 -0.7180
vn -0.1372 0.9618 -0.2369
vn -0.4794 0.7165 -0.5068
vn -0.5954 0.4998 -0.6291
vn -0.6809 0.1390 -0.7191
vn 0.1179 0.8893 -0.4419
vn -0.2006 0.9728 -0.1156
vn -0.6511 0.7419 -0.1603
vn -0.8115 0.5311 -0.2437
vn -0.9453 0.1521 -0.2885
vn 0.2006 0.9728 -0.1156
vn 0.6511 0.7419 -0.1603
vn 0.8115 0.5311 -0.2436
vn 0.9453 0.1521 -0.2885
vn 0.2287 0.9619 -0.1500
vn -0.2287 0.9619 -0.1500
vn -0.2730 0.9619 -0.0156
vn 0.2730 0.9619 -0.0156
vn -0.0277 0.9619 -0.2721
vn -0.0923 0.7071 -0.7011
vn -0.1127 0.5045 -0.8560
vn -0.1293 0.1377 -0.9820
vn 0.0277 0.9619 -0.2721
vn 0.0923 0.7071 -0.7011
vn 0.1127 0.5045 -0.8560
vn 0.1293 0.1377 -0.9820
vn -0.0437 0.9619 -0.2700
vn 0.0437 0.9619 -0.2700
vn -0.1438 0.9577 -0.2492
vn 0.1176 0.8921 -0.4363
vn 0.2879 0.5771 -0.7642
vn 0.4227 0.4804 -0.7685
vn 0.4927 0.1318 -0.8602
vn -0.1094 0.9085 -0.4034
vn -0.2894 0.5759 -0.7646
vn -0.4256 0.4696 -0.7736
vn -0.4931 0.1246 -0.8610
vn 0.1440 0.9576 -0.2494
vn 0.1538 0.9729 -0.1724
vn -0.1538 0.9729 -0.1724
vn -0.2511 0.9656 -0.0669
vn -0.7022 0.7119 0.0033
vn -0.8604 0.5090 -0.0259
vn -0.9882 0.1497 -0.0313
vn 0.2512 0.9656 -0.0669
vn 0.7024 0.7118 0.0040
vn 0.8659 0.4995 -0.0262
vn 0.9898 0.1388 -0.0318
vn -0.2851 0.9567 0.0592
vn 0.2851 0.9567 0.0592
vn -0.0972 0.9619 -0.2557
vn -0.2706 0.7071 -0.6533
vn -0.3304 0.5045 -0.7977
vn -0.3790 0.1377 -0.9151
vn 0.0972 0.9619 -0.2557
vn 0.2706 0.7070 -0.6534
vn 0.3304 0.5045 -0.7977
vn 0.3790 0.1377 -0.9151
vn -0.1121 0.9619 -0.2494
vn 0.1121 0.9619 -0.2494
vn -0.1600 0.9619 -0.2218
vn -0.4305 0.7071 -0.5610
vn -0.5256 0.5045 -0.6850
vn -0.6030 0.1377 -0.7858
vn 0.1600 0.9619 -0.2218
vn 0.4305 0.7070 -0.5610
vn 0.5256 0.5045 -0.6850
vn 0.6030 0.1377 -0.7858
vn -0.2034 0.9577 -0.2034
vn 0.0007 0.8920 -0.4519
vn 0.0802 0.5770 -0.8128
vn 0.2094 0.4804 -0.8517
vn 0.2532 0.1319 -0.9584
vn -0.0012 0.9084 -0.4180
vn -0.0817 0.5758 -0.8135
vn -0.2108 0.4696 -0.8573
vn -0.2534 0.1247 -0.9593
vn 0.2037 0.9576 -0.2036
vn 0.1040 0.9729 -0.2064
vn -0.1040 0.9729 -0.2064
vn -0.2599 0.9656 0.0004
vn -0.6774 0.7120 0.1849
vn -0.8377 0.5090 0.1977
vn -0.9627 0.1497 0.2256
vn 0.2600 0.9656 0.0004
vn 0.6774 0.7118 0.1856
vn 0.8431 0.4996 0.1988
vn 0.9643 0.1389 0.2255
vn -0.1728 0.9619 -0.2119
vn 0.1728 0.9619 -0.2119
vn -0.2600 0.9567 0.1310
vn 0.2600 0.9567 0.1310
vn -0.2120 0.9619 -0.1729
vn -0.5611 0.7070 -0.4305
vn -0.6850 0.5046 -0.5256
vn -0.7858 0.1377 -0.6030
vn 0.2120 0.9619 -0.1729
vn 0.5610 0.7071 -0.4305
vn 0.6850 0.5045 -0.5256
vn 0.7858 0.1377 -0.6030
vn -0.2218 0.9619 -0.1600
vn 0.2218 0.9619 -0.1600
vn -0.1279 0.8660 -0.4834
vn -0.1235 0.5311 -0.8383
vn -0.0136 0.4281 -0.9036
vn -0.0082 0.1109 -0.9938
vn 0.0556 0.9619 -0.2677
vn -0.0556 0.9619 -0.2677
vn 0.1235 0.5311 -0.8383
vn 0.0136 0.4281 -0.9036
vn 0.0082 0.1109 -0.9938
vn 0.1279 0.8660 -0.4834
vn -0.2119 0.9696 -0.1225
vn 0.2152 0.9687 -0.1241
vn -0.2646 0.9617 0.0713
vn -0.6135 0.7165 0.3319
vn -0.7616 0.5000 0.4122
vn -0.8708 0.1391 0.4715
vn 0.2629 0.9622 0.0709
vn 0.6138 0.7165 0.3313
vn 0.7576 0.5077 0.4102
vn 0.8696 0.1473 0.4713
vn -0.2041 0.9619 0.1821
vn 0.2041 0.9619 0.1821
vn -0.2495 0.9619 -0.1121
vn -0.6533 0.7071 -0.2706
vn -0.7977 0.5046 -0.3304
vn -0.9151 0.1377 -0.3790
vn 0.2495 0.9619 -0.1121
vn 0.6533 0.7071 -0.2706
vn 0.7977 0.5046 -0.3304
vn 0.9151 0.1377 -0.3790
vn -0.2557 0.9619 -0.0971
vn 0.2557 0.9619 -0.0971
vn -0.0156 0.9619 -0.2730
vn -0.1998 0.7165 -0.6684
vn -0.2457 0.5077 -0.8258
vn -0.2817 0.1473 -0.9481
vn 0.0156 0.9619 -0.2730
vn 0.1998 0.7165 -0.6684
vn 0.2457 0.5077 -0.8258
vn 0.2817 0.1473 -0.9481
vn -0.1358 0.9622 -0.2360
vn 0.1358 0.9622 -0.2360
vn -0.2771 0.9580 -0.0743
vn 0.2771 0.9580 -0.0743
vn -0.2356 0.9622 0.1365
vn -0.5072 0.7165 0.4789
vn -0.6256 0.5077 0.5923
vn -0.7180 0.1473 0.6803
vn 0.2356 0.9622 0.1365
vn 0.5072 0.7165 0.4790
vn 0.6256 0.5077 0.5923
vn 0.7180 0.1473 0.6803
vn -0.0832 0.9659 0.2451
vn -0.2273 0.7071 0.6696
vn -0.3105 0.2588 0.9147
vn -0.4272 0.2588 0.8663
vn -0.3127 0.7071 0.6342
vn -0.1145 0.9659 0.2321
vn -0.1500 0.9619 0.2287
vn 0.1438 0.9659 0.2152
vn 0.3929 0.7071 0.5879
vn 0.5366 0.2588 0.8031
vn 0.4272 0.2588 0.8663
vn 0.3128 0.7071 0.6342
vn 0.1145 0.9659 0.2321
vn 0.0832 0.9659 0.2451
vn 0.2273 0.7071 0.6696
vn 0.3105 0.2588 0.9147
vn 0.1884 0.2588 0.9474
vn 0.1379 0.7071 0.6935
vn 0.0505 0.9659 0.2538
vn 0.0632 0.2588 0.9639
vn 0.0462 0.7071 0.7056
vn 0.0169 0.9659 0.2582
vn -0.0169 0.9659 0.2582
vn -0.0462 0.7071 0.7056
vn -0.0632 0.2588 0.9639
vn -0.1884 0.2588 0.9474
vn -0.1379 0.7071 0.6935
vn -0.0505 0.9659 0.2538
vn 0.3929 0.7071 0.5880
vn 0.6369 0.2588 0.7262
vn 0.4662 0.7071 0.5316
vn 0.1706 0.9659 0.1946
vn -0.5366 0.2588 0.8031
vn -0.3929 0.7071 0.5879
vn -0.1438 0.9659 0.2152
vn -0.6369 0.2588 0.7262
vn -0.4662 0.7071 0.5316
vn -0.1706 0.9659 0.1946
vn 0.1500 0.9619 0.2287
vn -0.3128 0.7071 0.6342
vn -0.7262 0.2588 0.6369
vn -0.5316 0.7071 0.4662
vn -0.1946 0.9659 0.1706
vn -0.2700 0.9619 -0.0437
vn -0.7011 0.7070 -0.0923
vn -0.8560 0.5045 -0.1127
vn -0.9820 0.1377 -0.1293
vn 0.7262 0.2588 0.6369
vn 0.5316 0.7071 0.4662
vn 0.1946 0.9659 0.1706
vn 0.2152 0.9659 0.1438
vn 0.5879 0.7071 0.3928
vn 0.8031 0.2588 0.5366
vn 0.2700 0.9619 -0.0437
vn 0.7011 0.7071 -0.0923
vn 0.8560 0.5045 -0.1127
vn 0.9820 0.1377 -0.1293
vn -0.2152 0.9659 0.1438
vn -0.5879 0.7071 0.3928
vn -0.8031 0.2588 0.5366
vn -0.5879 0.7071 0.3929
vn -0.8663 0.2588 0.4272
vn -0.6342 0.7071 0.3128
vn -0.2321 0.9659 0.1145
vn -0.2721 0.9619 -0.0277
vn 0.9147 0.2588 0.3104
vn 0.6696 0.7071 0.2273
vn 0.2451 0.9659 0.0832
vn 0.8663 0.2588 0.4272
vn 0.6342 0.7071 0.3127
vn 0.2321 0.9659 0.1145
vn 0.5879 0.7071 0.3929
vn 0.9147 0.2588 0.3105
vn 0.2721 0.9619 -0.0277
vn -0.6342 0.7071 0.3127
vn -0.2451 0.9659 0.0832
vn -0.6696 0.7071 0.2273
vn -0.9147 0.2588 0.3105
vn -0.9474 0.2588 0.1884
vn -0.6935 0.7071 0.1379
vn -0.2538 0.9659 0.0505
vn -0.0857 0.9619 -0.2597
vn -0.3660 0.7165 -0.5939
vn -0.4510 0.5077 -0.7341
vn -0.5175 0.1473 -0.8429
vn 0.9474 0.2588 0.1884
vn 0.6935 0.7071 0.1379
vn 0.2538 0.9659 0.0505
vn 0.6935 0.7071 0.1380
vn 0.0857 0.9619 -0.2597
vn 0.3660 0.7165 -0.5939
vn 0.4510 0.5077 -0.7341
vn 0.5175 0.1473 -0.8429
vn -0.6935 0.7071 0.1380
vn -0.9639 0.2588 0.0632
vn -0.7056 0.7071 0.0463
vn -0.2582 0.9659 0.0169
vn -0.1922 0.9622 -0.1928
vn 0.9639 0.2588 0.0632
vn 0.7056 0.7071 0.0462
vn 0.2583 0.9659 0.0169
vn 0.7056 0.7071 0.0463
vn 0.1922 0.9622 -0.1928
vn -0.7056 0.7071 0.0462
vn -0.2583 0.9659 0.0169
vn -0.2869 0.9580 -0.0000
vn 0.9639 0.2588 -0.0632
vn 0.7056 0.7071 -0.0462
vn 0.2582 0.9659 -0.0169
vn 0.9638 0.2588 0.0632
vn 0.2583 0.9659 -0.0169
vn 0.2869 0.9580 -0.0000
vn -0.9638 0.2588 -0.0632
vn -0.7056 0.7071 -0.0462
vn -0.2583 0.9659 -0.0169
vn -0.1922 0.9622 0.1928
vn -0.3660 0.7165 0.5939
vn -0.4510 0.5077 0.7341
vn -0.5175 0.1473 0.8429
vn -0.9639 0.2588 -0.0632
vn -0.7056 0.7071 -0.0463
vn 0.7056 0.7071 -0.0463
vn 0.9474 0.2588 -0.1884
vn 0.6935 0.7071 -0.1379
vn 0.2538 0.9659 -0.0505
vn 0.1922 0.9622 0.1928
vn 0.3660 0.7165 0.5939
vn 0.4510 0.5076 0.7341
vn 0.5175 0.1473 0.8429
vn -0.9474 0.2588 -0.1884
vn -0.6935 0.7071 -0.1379
vn -0.2538 0.9659 -0.0505
vn -0.0857 0.9619 0.2597
vn 0.6935 0.7071 -0.1380
vn -0.6935 0.7071 -0.1380
vn 0.9147 0.2588 -0.3105
vn 0.6696 0.7071 -0.2273
vn 0.2451 0.9659 -0.0832
vn -0.2451 0.9659 -0.0832
vn -0.6696 0.7071 -0.2273
vn -0.9147 0.2588 -0.3105
vn 0.0857 0.9619 0.2597
vn -0.2721 0.9619 0.0277
vn -0.7011 0.7071 0.0923
vn -0.8560 0.5045 0.1127
vn -0.9820 0.1377 0.1293
vn 0.2321 0.9659 -0.1145
vn 0.6342 0.7071 -0.3127
vn 0.8663 0.2588 -0.4272
vn 0.6342 0.7071 -0.3128
vn 0.2152 0.9659 -0.1438
vn 0.5879 0.7071 -0.3929
vn 0.8031 0.2588 -0.5366
vn 0.2721 0.9619 0.0277
vn 0.7011 0.7070 0.0923
vn 0.8560 0.5045 0.1127
vn 0.9820 0.1377 0.1293
vn -0.9147 0.2588 -0.3104
vn -0.2321 0.9659 -0.1145
vn -0.6342 0.7071 -0.3127
vn -0.8663 0.2588 -0.4272
vn -0.2152 0.9659 -0.1438
vn -0.5879 0.7071 -0.3929
vn -0.8031 0.2588 -0.5366
vn -0.2700 0.9619 0.0437
vn 0.1946 0.9659 -0.1706
vn 0.5316 0.7071 -0.4662
vn 0.7262 0.2588 -0.6369
vn 0.5879 0.7071 -0.3928
vn -0.5879 0.7071 -0.3928
vn -0.7262 0.2588 -0.6369
vn -0.5316 0.7071 -0.4662
vn -0.1946 0.9659 -0.1706
vn 0.6369 0.2588 -0.7262
vn 0.4662 0.7071 -0.5316
vn 0.1706 0.9659 -0.1946
vn -0.1706 0.9659 -0.1946
vn -0.4662 0.7071 -0.5316
vn -0.6369 0.2588 -0.7262
vn 0.2700 0.9619 0.0437
vn -0.1500 0.9619 -0.2287
vn -0.5072 0.7165 -0.4790
vn -0.6256 0.5077 -0.5923
vn -0.7180 0.1473 -0.6803
vn 0.1145 0.9659 -0.2321
vn 0.3128 0.7071 -0.6342
vn 0.4272 0.2588 -0.8663
vn 0.5366 0.2588 -0.8031
vn 0.3929 0.7071 -0.5879
vn 0.1438 0.9659 -0.2152
vn -0.1438 0.9659 -0.2152
vn -0.3929 0.7071 -0.5880
vn -0.5366 0.2588 -0.8031
vn 0.3127 0.7071 -0.6342
vn 0.1500 0.9619 -0.2287
vn 0.5072 0.7165 -0.4789
vn 0.6256 0.5077 -0.5923
vn 0.7180 0.1473 -0.6803
vn -0.3929 0.7071 -0.5879
vn -0.4272 0.2588 -0.8663
vn -0.3128 0.7071 -0.6342
vn -0.1145 0.9659 -0.2321
vn -0.0832 0.9659 -0.2451
vn -0.2273 0.7071 -0.6696
vn -0.3105 0.2588 -0.9147
vn -0.1884 0.2588 -0.9474
vn -0.1379 0.7071 -0.6935
vn -0.0505 0.9659 -0.2538
vn -0.0169 0.9659 -0.2582
vn -0.0462 0.7071 -0.7056
vn -0.0632 0.2588 -0.9639
vn 0.0632 0.2588 -0.9639
vn 0.0462 0.7071 -0.7056
vn 0.0169 0.9659 -0.2582
vn 0.0505 0.9659 -0.2538
vn 0.1379 0.7071 -0.6935
vn 0.1884 0.2588 -0.9474
vn 0.3105 0.2588 -0.9147
vn 0.2273 0.7071 -0.6696
vn 0.0832 0.9659 -0.2451
vn -0.2356 0.9622 -0.1365
vn 0.2356 0.9622 -0.1365
vn -0.2771 0.9580 0.0743
vn 0.2771 0.9580 0.0742
vn -0.1358 0.9622 0.2360
vn -0.1998 0.7165 0.6684
vn -0.2457 0.5077 0.8258
vn -0.2817 0.1473 0.9481
vn 0.1358 0.9622 0.2360
vn 0.1998 0.7165 0.6684
vn 0.2457 0.5077 0.8258
vn 0.2817 0.1473 0.9481
vn -0.0156 0.9619 0.2730
vn 0.0156 0.9619 0.2730
vn -0.2557 0.9619 0.0971
vn -0.6533 0.7071 0.2706
vn -0.7977 0.5046 0.3304
vn -0.9151 0.1377 0.3790
vn 0.2557 0.9619 0.0971
vn 0.6533 0.7071 0.2706
vn 0.7977 0.5046 0.3304
vn 0.9151 0.1377 0.3790
vn -0.2495 0.9619 0.1121
vn 0.2495 0.9619 0.1121
vn -0.2041 0.9619 -0.1821
vn -0.6138 0.7165 -0.3313
vn -0.7576 0.5077 -0.4102
vn -0.8696 0.1473 -0.4713
vn 0.2041 0.9619 -0.1821
vn 0.6135 0.7165 -0.3319
vn 0.7616 0.5000 -0.4122
vn 0.8708 0.1391 -0.4715
vn -0.2629 0.9622 -0.0709
vn 0.2646 0.9617 -0.0713
vn -0.2152 0.9687 0.1241
vn 0.2119 0.9696 0.1225
vn -0.1279 0.8660 0.4834
vn -0.1235 0.5311 0.8383
vn -0.0136 0.4281 0.9036
vn -0.0082 0.1109 0.9938
vn 0.0556 0.9619 0.2677
vn -0.2218 0.9619 0.1600
vn -0.5610 0.7071 0.4305
vn -0.6850 0.5045 0.5256
vn -0.7858 0.1377 0.6030
vn 0.2218 0.9619 0.1600
vn 0.5610 0.7070 0.4305
vn 0.6850 0.5045 0.5256
vn 0.7858 0.1377 0.6030
vn -0.0556 0.9619 0.2677
vn 0.1235 0.5311 0.8383
vn 0.0136 0.4281 0.9036
vn 0.0082 0.1109 0.9938
vn 0.1279 0.8660 0.4834
vn -0.2120 0.9619 0.1728
vn 0.2120 0.9619 0.1728
vn -0.2442 0.9619 -0.1230
vn -0.6440 0.7419 -0.1867
vn -0.8246 0.5311 -0.1947
vn -0.9629 0.1521 -0.2228
vn 0.2442 0.9619 -0.1230
vn 0.6440 0.7419 -0.1867
vn 0.8246 0.5311 -0.1947
vn 0.9629 0.1521 -0.2228
vn 0.1230 0.9619 0.2442
vn 0.1618 0.7165 0.6786
vn 0.2011 0.4998 0.8425
vn 0.2301 0.1389 0.9632
vn -0.1729 0.9619 0.2120
vn -0.4305 0.7071 0.5610
vn -0.5256 0.5045 0.6850
vn -0.6030 0.1377 0.7858
vn 0.1729 0.9619 0.2120
vn 0.4305 0.7071 0.5610
vn 0.5256 0.5045 0.6850
vn 0.6030 0.1377 0.7858
vn -0.1230 0.9619 0.2442
vn -0.1612 0.7163 0.6789
vn -0.2001 0.5075 0.8381
vn -0.2301 0.1472 0.9620
vn -0.2315 0.9728 -0.0002
vn 0.2315 0.9728 -0.0002
vn -0.1600 0.9619 0.2218
vn 0.1600 0.9619 0.2218
vn -0.3231 0.8893 0.3237
vn 0.0004 0.9618 0.2737
vn -0.0004 0.9622 0.2723
vn 0.3012 0.9050 0.3006
vn -0.2678 0.9619 -0.0556
vn -0.6704 0.7419 -0.0137
vn -0.8469 0.5311 0.0253
vn -0.9878 0.1521 0.0340
vn 0.2678 0.9619 -0.0556
vn 0.6704 0.7419 -0.0137
vn 0.8469 0.5311 0.0253
vn 0.9878 0.1521 0.0340
vn 0.1821 0.9619 0.2041
vn 0.3319 0.7165 0.6136
vn 0.4123 0.4998 0.7617
vn 0.4715 0.1390 0.8708
vn -0.1121 0.9619 0.2495
vn -0.2706 0.7070 0.6533
vn -0.3304 0.5046 0.7976
vn -0.3790 0.1377 0.9151
vn 0.1121 0.9619 0.2495
vn 0.2706 0.7071 0.6533
vn 0.3304 0.5046 0.7976
vn 0.3790 0.1377 0.9151
vn -0.1821 0.9619 0.2041
vn -0.3314 0.7163 0.6140
vn -0.4102 0.5076 0.7577
vn -0.4713 0.1472 0.8696
vn -0.0972 0.9619 0.2557
vn 0.0972 0.9619 0.2557
vn -0.2730 0.9619 0.0156
vn -0.6511 0.7419 0.1603
vn -0.8115 0.5311 0.2436
vn -0.9453 0.1521 0.2885
vn 0.2730 0.9619 0.0156
vn 0.6511 0.7419 0.1603
vn 0.8115 0.5311 0.2437
vn 0.9453 0.1521 0.2885
vn -0.2237 0.9728 0.0597
vn 0.2237 0.9728 0.0597
vn -0.2282 0.8894 0.3962
vn 0.0712 0.9618 0.2643
vn -0.0709 0.9622 0.2629
vn 0.2131 0.9050 0.3683
vn 0.2287 0.9619 0.1500
vn 0.4794 0.7165 0.5068
vn 0.5954 0.4998 0.6291
vn 0.6809 0.1390 0.7191
vn -0.0437 0.9619 0.2700
vn -0.0923 0.7071 0.7011
vn -0.1127 0.5045 0.8560
vn -0.1293 0.1377 0.9820
vn 0.0437 0.9619 0.2700
vn 0.0923 0.7071 0.7011
vn 0.1127 0.5045 0.8560
vn 0.1293 0.1377 0.9820
vn -0.2287 0.9619 0.1500
vn -0.4790 0.7163 0.5073
vn -0.5924 0.5075 0.6257
vn -0.6803 0.1472 0.7180
vn -0.0277 0.9619 0.2721
vn 0.0277 0.9619 0.2721
vn -0.2597 0.9619 0.0857
vn -0.5874 0.7419 0.3234
vn -0.7208 0.5311 0.4454
vn -0.8384 0.1521 0.5234
vn 0.2597 0.9619 0.0857
vn 0.5943 0.7165 0.3654
vn 0.7379 0.4998 0.4535
vn 0.8438 0.1389 0.5184
vn -0.2006 0.9728 0.1156
vn 0.2006 0.9728 0.1156
vn -0.1179 0.8893 0.4419
vn 0.1372 0.9618 0.2369
vn -0.1365 0.9622 0.2356
vn 0.1105 0.9049 0.4109
vn -0.1639 0.9728 0.1636
vn 0.0005 0.8894 0.4572
vn 0.1939 0.9618 0.1933
vn -0.8429 -0.1472 -0.5175
vn -0.8140 -0.2967 -0.4994
vn -0.5006 -0.7064 -0.5004
vn -0.1929 -0.9622 -0.1923
vn 0.0022 -0.4998 -0.8661
vn 0.0004 -0.9049 -0.4256
vn 0.8384 -0.1521 -0.5233
vn 0.8203 -0.3034 -0.4848
vn 0.4542 -0.7672 -0.4530
vn 0.1639 -0.9728 -0.1636
vn -0.6716 -0.7070 -0.2217
vn -0.2597 -0.9619 -0.0857
vn 0.6716 -0.7070 -0.2217
vn 0.2597 -0.9619 -0.0857
vn -0.2234 -0.5026 -0.8352
vn -0.1179 -0.8893 -0.4419
vn 0.6809 -0.1389 -0.7191
vn 0.6599 -0.2803 -0.6971
vn 0.3547 -0.7068 -0.6120
vn 0.1372 -0.9618 -0.2369
vn -0.6803 -0.1472 -0.7180
vn -0.6570 -0.2967 -0.6931
vn -0.3540 -0.7064 -0.6129
vn -0.1365 -0.9622 -0.2356
vn 0.2263 -0.4996 -0.8362
vn 0.1105 -0.9049 -0.4109
vn -0.9453 -0.1521 -0.2885
vn -0.9179 -0.3033 -0.2560
vn -0.5559 -0.7672 -0.3200
vn -0.2006 -0.9728 -0.1156
vn 0.9453 -0.1520 -0.2885
vn 0.9179 -0.3033 -0.2560
vn 0.5559 -0.7672 -0.3200
vn 0.2006 -0.9728 -0.1156
vn 0.5913 -0.7070 -0.3880
vn 0.2287 -0.9619 -0.1500
vn -0.5913 -0.7070 -0.3880
vn -0.2287 -0.9619 -0.1500
vn -0.7061 -0.7070 -0.0403
vn -0.2730 -0.9619 -0.0156
vn 0.7061 -0.7070 -0.0403
vn 0.2730 -0.9619 -0.0156
vn -0.1293 -0.1377 -0.9820
vn -0.1256 -0.2733 -0.9537
vn -0.0716 -0.7070 -0.7036
vn -0.0277 -0.9619 -0.2721
vn 0.1293 -0.1377 -0.9820
vn 0.1256 -0.2733 -0.9537
vn 0.0716 -0.7070 -0.7036
vn 0.0277 -0.9619 -0.2721
vn -0.1130 -0.7069 -0.6983
vn -0.0437 -0.9619 -0.2700
vn 0.1130 -0.7069 -0.6983
vn 0.0437 -0.9619 -0.2700
vn -0.3523 -0.7068 -0.6134
vn -0.1440 -0.9576 -0.2494
vn 0.4931 -0.1247 -0.8610
vn 0.4177 -0.2060 -0.8849
vn 0.2296 -0.4861 -0.8432
vn 0.1094 -0.9085 -0.4034
vn -0.4927 -0.1318 -0.8602
vn -0.4155 -0.2285 -0.8804
vn -0.2275 -0.4879 -0.8427
vn -0.1176 -0.8921 -0.4363
vn 0.3548 -0.7074 -0.6114
vn 0.1438 -0.9577 -0.2492
vn 0.4265 -0.7678 -0.4781
vn 0.1538 -0.9729 -0.1724
vn -0.4265 -0.7678 -0.4781
vn -0.1538 -0.9729 -0.1724
vn -0.9898 -0.1388 -0.0318
vn -0.9603 -0.2786 -0.0154
vn -0.6638 -0.7267 -0.1767
vn -0.2512 -0.9656 -0.0669
vn 0.9882 -0.1497 -0.0313
vn 0.9544 -0.2983 -0.0144
vn 0.6634 -0.7268 -0.1780
vn 0.2511 -0.9656 -0.0669
vn -0.7159 -0.6822 0.1487
vn -0.2851 -0.9567 0.0592
vn 0.7159 -0.6822 0.1487
vn 0.2851 -0.9567 0.0592
vn -0.3790 -0.1377 -0.9151
vn -0.3681 -0.2734 -0.8887
vn -0.2513 -0.7069 -0.6612
vn -0.0972 -0.9619 -0.2557
vn 0.3790 -0.1377 -0.9151
vn 0.3681 -0.2734 -0.8887
vn 0.2513 -0.7069 -0.6611
vn 0.0972 -0.9619 -0.2557
vn -0.2898 -0.7069 -0.6452
vn -0.1121 -0.9619 -0.2494
vn 0.2898 -0.7069 -0.6452
vn 0.1121 -0.9619 -0.2494
vn -0.6030 -0.1377 -0.7858
vn -0.5856 -0.2734 -0.7631
vn -0.4138 -0.7069 -0.5736
vn -0.1600 -0.9619 -0.2218
vn 0.6030 -0.1377 -0.7858
vn 0.5856 -0.2734 -0.7631
vn 0.4138 -0.7070 -0.5736
vn 0.1600 -0.9619 -0.2218
vn -0.4991 -0.7068 -0.5013
vn -0.2037 -0.9576 -0.2036
vn 0.2534 -0.1247 -0.9593
vn 0.1744 -0.2061 -0.9629
vn 0.0035 -0.4861 -0.8739
vn 0.0012 -0.9084 -0.4180
vn -0.2532 -0.1319 -0.9584
vn -0.1735 -0.2286 -0.9579
vn -0.0016 -0.4878 -0.8730
vn -0.0007 -0.8920 -0.4519
vn 0.5009 -0.7074 -0.4987
vn 0.2034 -0.9577 -0.2034
vn 0.2882 -0.7678 -0.5722
vn 0.1040 -0.9729 -0.2064
vn -0.2882 -0.7678 -0.5722
vn -0.1040 -0.9729 -0.2064
vn -0.9643 -0.1389 0.2255
vn -0.9315 -0.2787 0.2337
vn -0.6869 -0.7267 0.0011
vn -0.2600 -0.9656 0.0004
vn 0.9627 -0.1497 0.2256
vn 0.9256 -0.2983 0.2331
vn 0.6868 -0.7268 -0.0003
vn 0.2599 -0.9656 0.0004
vn -0.4470 -0.7069 -0.5482
vn -0.1728 -0.9619 -0.2119
vn 0.4470 -0.7069 -0.5482
vn 0.1728 -0.9619 -0.2119
vn -0.6530 -0.6823 0.3289
vn -0.2600 -0.9567 0.1310
vn 0.6530 -0.6823 0.3289
vn 0.2600 -0.9567 0.1310
vn -0.7858 -0.1377 -0.6030
vn -0.7631 -0.2734 -0.5856
vn -0.5482 -0.7069 -0.4469
vn -0.2120 -0.9619 -0.1729
vn 0.7858 -0.1377 -0.6030
vn 0.7631 -0.2735 -0.5856
vn 0.5482 -0.7069 -0.4469
vn 0.2120 -0.9619 -0.1729
vn -0.5736 -0.7069 -0.4138
vn -0.2218 -0.9619 -0.1600
vn 0.5736 -0.7069 -0.4139
vn 0.2218 -0.9619 -0.1600
vn -0.0082 -0.1109 -0.9938
vn -0.0692 -0.1994 -0.9775
vn -0.2303 -0.4385 -0.8687
vn -0.1279 -0.8660 -0.4834
vn 0.1438 -0.7070 -0.6924
vn 0.0556 -0.9619 -0.2677
vn 0.0082 -0.1109 -0.9938
vn 0.0692 -0.1994 -0.9775
vn -0.1438 -0.7071 -0.6924
vn -0.0556 -0.9619 -0.2677
vn 0.2303 -0.4386 -0.8687
vn 0.1279 -0.8660 -0.4834
vn -0.5556 -0.7684 -0.3176
vn -0.2152 -0.9687 -0.1241
vn 0.5555 -0.7671 -0.3209
vn 0.2119 -0.9696 -0.1225
vn -0.8696 -0.1473 0.4713
vn -0.8394 -0.2969 0.4552
vn -0.6833 -0.7068 0.1832
vn -0.2629 -0.9622 0.0709
vn 0.8708 -0.1391 0.4715
vn 0.8440 -0.2806 0.4570
vn 0.6828 -0.7070 0.1842
vn 0.2646 -0.9617 0.0713
vn -0.5278 -0.7070 0.4708
vn -0.2041 -0.9619 0.1821
vn 0.5278 -0.7070 0.4708
vn 0.2041 -0.9619 0.1821
vn -0.9151 -0.1377 -0.3790
vn -0.8887 -0.2734 -0.3681
vn -0.6452 -0.7069 -0.2898
vn -0.2495 -0.9619 -0.1121
vn 0.9151 -0.1377 -0.3790
vn 0.8887 -0.2734 -0.3681
vn 0.6452 -0.7069 -0.2898
vn 0.2495 -0.9619 -0.1121
vn -0.6611 -0.7069 -0.2513
vn -0.2557 -0.9619 -0.0971
vn 0.6612 -0.7069 -0.2513
vn 0.2557 -0.9619 -0.0971
vn -0.2817 -0.1473 -0.9481
vn -0.3056 -0.4347 -0.8472
vn -0.0403 -0.7070 -0.7061
vn -0.0156 -0.9619 -0.2730
vn 0.2817 -0.1473 -0.9481
vn 0.2717 -0.2968 -0.9155
vn 0.0403 -0.7070 -0.7061
vn 0.0156 -0.9619 -0.2730
vn -0.3537 -0.7067 -0.6128
vn -0.1358 -0.9622 -0.2360
vn 0.3537 -0.7067 -0.6128
vn 0.1358 -0.9622 -0.2360
vn -0.6830 -0.7071 -0.1830
vn -0.2771 -0.9580 -0.0743
vn 0.6830 -0.7071 -0.1830
vn 0.2771 -0.9580 -0.0743
vn -0.7180 -0.1473 0.6803
vn -0.6256 -0.5077 0.5923
vn -0.6127 -0.7067 0.3538
vn -0.5072 -0.7165 0.4790
vn -0.2356 -0.9622 0.1365
vn 0.7180 -0.1473 0.6803
vn 0.6930 -0.2968 0.6570
vn 0.6127 -0.7067 0.3538
vn 0.2356 -0.9622 0.1365
vn 0.5366 -0.2588 0.8031
vn 0.3929 -0.7071 0.5880
vn 0.1438 -0.9659 0.2152
vn -0.1500 -0.9619 0.2287
vn -0.4272 -0.2588 0.8663
vn -0.3127 -0.7071 0.6342
vn -0.1145 -0.9659 0.2321
vn -0.3105 -0.2588 0.9147
vn -0.2273 -0.7071 0.6696
vn -0.0832 -0.9659 0.2451
vn -0.0505 -0.9659 0.2538
vn -0.1379 -0.7071 0.6935
vn -0.1884 -0.2588 0.9474
vn -0.0632 -0.2588 0.9639
vn -0.0462 -0.7071 0.7056
vn -0.0169 -0.9659 0.2582
vn 0.0169 -0.9659 0.2582
vn 0.0462 -0.7071 0.7056
vn 0.0632 -0.2588 0.9639
vn 0.0505 -0.9659 0.2538
vn 0.1379 -0.7071 0.6935
vn 0.1884 -0.2588 0.9474
vn 0.3105 -0.2588 0.9147
vn 0.2273 -0.7071 0.6696
vn 0.0832 -0.9659 0.2451
vn 0.1145 -0.9659 0.2321
vn 0.3128 -0.7071 0.6342
vn 0.4272 -0.2588 0.8663
vn 0.1706 -0.9659 0.1946
vn 0.4662 -0.7071 0.5316
vn 0.6369 -0.2588 0.7262
vn -0.5366 -0.2588 0.8031
vn -0.3929 -0.7071 0.5879
vn -0.1438 -0.9659 0.2152
vn -0.3128 -0.7071 0.6342
vn 0.3879 -0.7070 0.5913
vn 0.1500 -0.9619 0.2287
vn -0.6369 -0.2588 0.7262
vn -0.4662 -0.7071 0.5316
vn -0.1706 -0.9659 0.1946
vn -0.9820 -0.1377 -0.1293
vn -0.8560 -0.5045 -0.1127
vn -0.6983 -0.7069 -0.1130
vn -0.7011 -0.7070 -0.0923
vn -0.2700 -0.9619 -0.0437
vn 0.1946 -0.9659 0.1706
vn 0.5316 -0.7071 0.4662
vn 0.7262 -0.2588 0.6369
vn -0.7262 -0.2588 0.6369
vn -0.5316 -0.7071 0.4662
vn -0.1946 -0.9659 0.1706
vn 0.2152 -0.9659 0.1438
vn 0.5879 -0.7071 0.3928
vn 0.8031 -0.2588 0.5366
vn -0.8031 -0.2588 0.5366
vn -0.5879 -0.7071 0.3928
vn -0.2152 -0.9659 0.1438
vn 0.9820 -0.1377 -0.1293
vn 0.9537 -0.2734 -0.1256
vn 0.6982 -0.7069 -0.1130
vn 0.2700 -0.9619 -0.0437
vn -0.2721 -0.9619 -0.0277
vn 0.5879 -0.7071 0.3929
vn 0.2321 -0.9659 0.1145
vn 0.6342 -0.7071 0.3127
vn 0.8663 -0.2588 0.4272
vn 0.2451 -0.9659 0.0832
vn 0.6696 -0.7071 0.2273
vn 0.9147 -0.2588 0.3104
vn -0.8663 -0.2588 0.4272
vn -0.6342 -0.7071 0.3128
vn -0.2321 -0.9659 0.1145
vn -0.5879 -0.7071 0.3929
vn 0.9147 -0.2588 0.3105
vn -0.9147 -0.2588 0.3105
vn -0.6696 -0.7071 0.2273
vn -0.2451 -0.9659 0.0832
vn -0.6342 -0.7071 0.3127
vn 0.7037 -0.7069 -0.0716
vn 0.2721 -0.9619 -0.0277
vn -0.5175 -0.1473 -0.8429
vn -0.4510 -0.5077 -0.7341
vn -0.2217 -0.7070 -0.6716
vn -0.3660 -0.7165 -0.5939
vn -0.0857 -0.9619 -0.2597
vn 0.9474 -0.2588 0.1884
vn 0.6935 -0.7071 0.1379
vn 0.2538 -0.9659 0.0505
vn -0.9474 -0.2588 0.1884
vn -0.6935 -0.7071 0.1379
vn -0.2538 -0.9659 0.0505
vn 0.6935 -0.7071 0.1380
vn -0.6935 -0.7071 0.1380
vn 0.5175 -0.1473 -0.8429
vn 0.4994 -0.2968 -0.8140
vn 0.2217 -0.7070 -0.6716
vn 0.0857 -0.9619 -0.2597
vn -0.1922 -0.9622 -0.1928
vn 0.9639 -0.2588 0.0632
vn 0.7056 -0.7071 0.0462
vn 0.2583 -0.9659 0.0169
vn -0.9639 -0.2588 0.0632
vn -0.7056 -0.7071 0.0463
vn -0.2582 -0.9659 0.0169
vn 0.7056 -0.7071 0.0463
vn -0.7056 -0.7071 0.0462
vn 0.5002 -0.7067 -0.5004
vn 0.1922 -0.9622 -0.1928
vn 0.2582 -0.9659 -0.0169
vn 0.7056 -0.7071 -0.0462
vn 0.9639 -0.2588 -0.0632
vn -0.7071 -0.7071 -0.0000
vn -0.2869 -0.9580 -0.0000
vn 0.9638 -0.2588 0.0632
vn -0.2583 -0.9659 0.0169
vn 0.2583 -0.9659 -0.0169
vn -0.2583 -0.9659 -0.0169
vn -0.7056 -0.7071 -0.0462
vn -0.9638 -0.2588 -0.0632
vn 0.7071 -0.7071 -0.0000
vn 0.2869 -0.9580 -0.0000
vn -0.7056 -0.7071 -0.0463
vn -0.9639 -0.2588 -0.0632
vn -0.5175 -0.1473 0.8429
vn -0.4510 -0.5076 0.7341
vn -0.5002 -0.7067 0.5004
vn -0.3660 -0.7165 0.5939
vn -0.1922 -0.9622 0.1928
vn 0.9474 -0.2588 -0.1884
vn 0.6935 -0.7071 -0.1379
vn 0.2538 -0.9659 -0.0505
vn 0.7056 -0.7071 -0.0463
vn 0.5175 -0.1473 0.8429
vn 0.4994 -0.2968 0.8140
vn 0.5002 -0.7067 0.5004
vn 0.1922 -0.9622 0.1928
vn -0.2538 -0.9659 -0.0505
vn -0.6935 -0.7071 -0.1379
vn -0.9474 -0.2588 -0.1884
vn 0.6935 -0.7071 -0.1380
vn -0.0857 -0.9619 0.2597
vn -0.6935 -0.7071 -0.1380
vn 0.9147 -0.2588 -0.3105
vn 0.6696 -0.7071 -0.2273
vn 0.2451 -0.9659 -0.0832
vn 0.2217 -0.7070 0.6716
vn 0.0857 -0.9619 0.2597
vn -0.9147 -0.2588 -0.3105
vn -0.6696 -0.7071 -0.2273
vn -0.2451 -0.9659 -0.0832
vn 0.2321 -0.9659 -0.1145
vn 0.6342 -0.7071 -0.3127
vn 0.8663 -0.2588 -0.4272
vn -0.9820 -0.1377 0.1293
vn -0.8560 -0.5045 0.1127
vn -0.7037 -0.7069 0.0716
vn -0.7011 -0.7070 0.0923
vn -0.2721 -0.9619 0.0277
vn 0.2152 -0.9659 -0.1438
vn 0.5879 -0.7071 -0.3929
vn 0.8031 -0.2588 -0.5366
vn 0.6342 -0.7071 -0.3128
vn 0.9820 -0.1377 0.1293
vn 0.9537 -0.2734 0.1256
vn 0.7037 -0.7069 0.0716
vn 0.2721 -0.9619 0.0277
vn -0.8031 -0.2588 -0.5366
vn -0.5879 -0.7071 -0.3929
vn -0.2152 -0.9659 -0.1438
vn -0.8663 -0.2588 -0.4272
vn -0.6342 -0.7071 -0.3127
vn -0.2321 -0.9659 -0.1145
vn -0.9147 -0.2588 -0.3104
vn -0.5879 -0.7071 -0.3928
vn -0.1946 -0.9659 -0.1706
vn -0.5316 -0.7071 -0.4662
vn -0.7262 -0.2588 -0.6369
vn 0.5879 -0.7071 -0.3928
vn 0.7262 -0.2588 -0.6369
vn 0.5316 -0.7071 -0.4662
vn 0.1946 -0.9659 -0.1706
vn -0.2700 -0.9619 0.0437
vn 0.1706 -0.9659 -0.1946
vn 0.4662 -0.7071 -0.5316
vn 0.6369 -0.2588 -0.7262
vn 0.2700 -0.9619 0.0437
vn 0.6982 -0.7069 0.1130
vn -0.6369 -0.2588 -0.7262
vn -0.4662 -0.7071 -0.5316
vn -0.1706 -0.9659 -0.1946
vn -0.1438 -0.9659 -0.2152
vn -0.3929 -0.7071 -0.5880
vn -0.5366 -0.2588 -0.8031
vn 0.1145 -0.9659 -0.2321
vn 0.3128 -0.7071 -0.6342
vn 0.4272 -0.2588 -0.8663
vn -0.7180 -0.1473 -0.6803
vn -0.6256 -0.5077 -0.5923
vn -0.3879 -0.7070 -0.5913
vn -0.5072 -0.7165 -0.4789
vn -0.1500 -0.9619 -0.2287
vn 0.5366 -0.2588 -0.8031
vn 0.3929 -0.7071 -0.5879
vn 0.1438 -0.9659 -0.2152
vn 0.7180 -0.1473 -0.6803
vn 0.6256 -0.5077 -0.5923
vn 0.5072 -0.7165 -0.4790
vn 0.1500 -0.9619 -0.2287
vn 0.3127 -0.7071 -0.6342
vn 0.3105 -0.2588 -0.9147
vn 0.2273 -0.7071 -0.6696
vn 0.0832 -0.9659 -0.2451
vn 0.0505 -0.9659 -0.2538
vn 0.1379 -0.7071 -0.6935
vn 0.1884 -0.2588 -0.9474
vn 0.0632 -0.2588 -0.9639
vn 0.0462 -0.7071 -0.7056
vn 0.0169 -0.9659 -0.2582
vn -0.0632 -0.2588 -0.9639
vn -0.0462 -0.7071 -0.7056
vn -0.0169 -0.9659 -0.2582
vn -0.0505 -0.9659 -0.2538
vn -0.1379 -0.7071 -0.6935
vn -0.1884 -0.2588 -0.9474
vn -0.3105 -0.2588 -0.9147
vn -0.2273 -0.7071 -0.6696
vn -0.0832 -0.9659 -0.2451
vn -0.4272 -0.2588 -0.8663
vn -0.3128 -0.7071 -0.6342
vn -0.1145 -0.9659 -0.2321
vn -0.3929 -0.7071 -0.5879
vn -0.2356 -0.9622 -0.1365
vn 0.6127 -0.7067 -0.3538
vn 0.2356 -0.9622 -0.1365
vn -0.6830 -0.7071 0.1830
vn -0.2771 -0.9580 0.0742
vn 0.6830 -0.7071 0.1830
vn 0.2771 -0.9580 0.0743
vn -0.2817 -0.1473 0.9481
vn -0.2457 -0.5076 0.8258
vn -0.3537 -0.7067 0.6128
vn -0.1998 -0.7165 0.6684
vn -0.1358 -0.9622 0.2360
vn 0.2817 -0.1473 0.9481
vn 0.2457 -0.5077 0.8258
vn 0.1998 -0.7165 0.6684
vn 0.1358 -0.9622 0.2360
vn -0.0156 -0.9619 0.2730
vn 0.0403 -0.7070 0.7061
vn 0.0156 -0.9619 0.2730
vn -0.9151 -0.1377 0.3790
vn -0.7977 -0.5046 0.3304
vn -0.6612 -0.7069 0.2513
vn -0.6533 -0.7071 0.2706
vn -0.2557 -0.9619 0.0971
vn 0.9151 -0.1377 0.3790
vn 0.7977 -0.5046 0.3304
vn 0.6533 -0.7071 0.2706
vn 0.2557 -0.9619 0.0971
vn -0.2495 -0.9619 0.1121
vn 0.6452 -0.7069 0.2898
vn 0.2495 -0.9619 0.1121
vn -0.8708 -0.1391 -0.4715
vn -0.7616 -0.5000 -0.4122
vn -0.5278 -0.7070 -0.4708
vn -0.6135 -0.7165 -0.3319
vn -0.2041 -0.9619 -0.1821
vn 0.8696 -0.1473 -0.4713
vn 0.7576 -0.5077 -0.4102
vn 0.6138 -0.7165 -0.3313
vn 0.2041 -0.9619 -0.1821
vn -0.2646 -0.9617 -0.0713
vn 0.6833 -0.7068 -0.1832
vn 0.2629 -0.9622 -0.0709
vn -0.5555 -0.7671 0.3209
vn -0.2119 -0.9696 0.1225
vn 0.5556 -0.7684 0.3176
vn 0.2152 -0.9687 0.1241
vn -0.0082 -0.1109 0.9938
vn -0.0136 -0.4281 0.9036
vn -0.2303 -0.4386 0.8687
vn -0.1235 -0.5311 0.8383
vn -0.1279 -0.8660 0.4834
vn 0.0556 -0.9619 0.2677
vn -0.7858 -0.1377 0.6030
vn -0.6850 -0.5045 0.5256
vn -0.5736 -0.7069 0.4139
vn -0.5610 -0.7071 0.4305
vn -0.2218 -0.9619 0.1600
vn 0.7858 -0.1377 0.6030
vn 0.6850 -0.5045 0.5256
vn 0.5610 -0.7071 0.4305
vn 0.2218 -0.9619 0.1600
vn 0.0082 -0.1109 0.9938
vn 0.0136 -0.4281 0.9036
vn 0.1235 -0.5311 0.8383
vn 0.1279 -0.8660 0.4834
vn -0.1438 -0.7070 0.6924
vn -0.0556 -0.9619 0.2677
vn -0.2119 -0.9619 0.1728
vn 0.5482 -0.7069 0.4469
vn 0.2120 -0.9619 0.1728
vn -0.9629 -0.1521 -0.2228
vn -0.8246 -0.5311 -0.1947
vn -0.6316 -0.7070 -0.3181
vn -0.6440 -0.7419 -0.1867
vn -0.2442 -0.9619 -0.1230
vn 0.9629 -0.1521 -0.2228
vn 0.8246 -0.5311 -0.1947
vn 0.6440 -0.7419 -0.1867
vn 0.2442 -0.9619 -0.1230
vn 0.2301 -0.1472 0.9620
vn 0.2001 -0.5075 0.8381
vn 0.1612 -0.7163 0.6789
vn 0.1230 -0.9619 0.2442
vn -0.6030 -0.1377 0.7858
vn -0.5256 -0.5045 0.6850
vn -0.4469 -0.7070 0.5482
vn -0.4305 -0.7071 0.5610
vn -0.1729 -0.9619 0.2120
vn 0.6030 -0.1377 0.7858
vn 0.5256 -0.5045 0.6850
vn 0.4305 -0.7071 0.5610
vn 0.1729 -0.9619 0.2120
vn -0.2301 -0.1389 0.9632
vn -0.2011 -0.4998 0.8425
vn -0.3181 -0.7070 0.6316
vn -0.1618 -0.7165 0.6786
vn -0.1230 -0.9619 0.2442
vn -0.2315 -0.9728 -0.0002
vn 0.6414 -0.7672 -0.0008
vn 0.2315 -0.9728 -0.0002
vn -0.1600 -0.9619 0.2218
vn 0.4139 -0.7069 0.5736
vn 0.1600 -0.9619 0.2218
vn 0.0001 -0.7064 0.7078
vn 0.0004 -0.9622 0.2723
vn -0.6140 -0.4997 0.6109
vn -0.3012 -0.9050 0.3006
vn -0.0004 -0.9618 0.2737
vn 0.6111 -0.5024 0.6117
vn 0.3231 -0.8893 0.3237
vn -0.9878 -0.1521 0.0340
vn -0.8469 -0.5311 0.0253
vn -0.6924 -0.7070 -0.1438
vn -0.6704 -0.7419 -0.0137
vn -0.2678 -0.9619 -0.0556
vn 0.9878 -0.1521 0.0340
vn 0.8469 -0.5311 0.0253
vn 0.6704 -0.7419 -0.0137
vn 0.2678 -0.9619 -0.0556
vn 0.4713 -0.1472 0.8696
vn 0.4102 -0.5076 0.7577
vn 0.3314 -0.7163 0.6140
vn 0.1821 -0.9619 0.2041
vn -0.3790 -0.1377 0.9151
vn -0.3304 -0.5046 0.7976
vn -0.2898 -0.7069 0.6452
vn -0.2706 -0.7071 0.6533
vn -0.1121 -0.9619 0.2495
vn 0.3790 -0.1377 0.9151
vn 0.3304 -0.5046 0.7976
vn 0.2706 -0.7070 0.6533
vn 0.1121 -0.9619 0.2495
vn -0.4715 -0.1390 0.8708
vn -0.4123 -0.4998 0.7617
vn -0.4708 -0.7070 0.5278
vn -0.3319 -0.7165 0.6136
vn -0.1821 -0.9619 0.2041
vn -0.0972 -0.9619 0.2557
vn 0.2513 -0.7069 0.6612
vn 0.0972 -0.9619 0.2557
vn -0.9453 -0.1520 0.2885
vn -0.8115 -0.5311 0.2437
vn -0.7061 -0.7070 0.0403
vn -0.6511 -0.7419 0.1603
vn -0.2730 -0.9619 0.0156
vn 0.9453 -0.1521 0.2885
vn 0.8115 -0.5311 0.2436
vn 0.6511 -0.7419 0.1603
vn 0.2730 -0.9619 0.0156
vn -0.2237 -0.9728 0.0597
vn 0.6198 -0.7672 0.1652
vn 0.2237 -0.9728 0.0597
vn 0.1833 -0.7064 0.6837
vn 0.0709 -0.9622 0.2629
vn -0.4350 -0.4998 0.7490
vn -0.2131 -0.9050 0.3683
vn -0.0712 -0.9618 0.2643
vn 0.4320 -0.5025 0.7489
vn 0.2282 -0.8894 0.3962
vn 0.6803 -0.1472 0.7180
vn 0.5924 -0.5075 0.6257
vn 0.4790 -0.7163 0.5073
vn 0.2287 -0.9619 0.1500
vn -0.1293 -0.1377 0.9820
vn -0.1127 -0.5045 0.8560
vn -0.1130 -0.7069 0.6983
vn -0.0923 -0.7071 0.7011
vn -0.0437 -0.9619 0.2700
vn 0.1293 -0.1377 0.9820
vn 0.1127 -0.5045 0.8560
vn 0.0923 -0.7071 0.7011
vn 0.0437 -0.9619 0.2700
vn -0.6809 -0.1389 0.7191
vn -0.5954 -0.4998 0.6291
vn -0.5913 -0.7070 0.3880
vn -0.4794 -0.7165 0.5068
vn -0.2287 -0.9619 0.1500
vn -0.0277 -0.9619 0.2721
vn 0.0716 -0.7070 0.7036
vn 0.0277 -0.9619 0.2721
vn -0.8384 -0.1521 0.5233
vn -0.7208 -0.5311 0.4454
vn -0.6716 -0.7070 0.2217
vn -0.5874 -0.7419 0.3234
vn -0.2597 -0.9619 0.0857
vn 0.8429 -0.1472 0.5175
vn 0.7341 -0.5076 0.4511
vn 0.5940 -0.7164 0.3661
vn 0.2597 -0.9619 0.0857
vn -0.2006 -0.9728 0.1156
vn 0.5559 -0.7672 0.3200
vn 0.2006 -0.9728 0.1156
vn -0.2263 -0.4996 0.8362
vn -0.1105 -0.9049 0.4109
vn 0.3540 -0.7064 0.6129
vn 0.1365 -0.9622 0.2356
vn 0.2234 -0.5026 0.8352
vn 0.1179 -0.8893 0.4419
vn -0.1372 -0.9618 0.2369
vn -0.1639 -0.9728 0.1636
vn -0.0022 -0.4998 0.8661
vn -0.0004 -0.9049 0.4256
vn 0.5006 -0.7064 0.5004
vn 0.1929 -0.9622 0.1923
vn -0.0000 1.0000 -0.0000
vn -0.0000 -1.0000 -0.0000
vn 0.5556 -0.0000 0.8315
vn 0.4423 -0.0000 0.8969
vn 0.3214 -0.0000 0.9469
vn 0.1951 -0.0000 0.9808
vn 0.0654 -0.0000 0.9979
vn -0.0654 -0.0000 0.9979
vn -0.1951 -0.0000 0.9808
vn -0.3214 -0.0000 0.9469
vn -0.4423 -0.0000 0.8969
vn 0.6593 -0.0000 0.7518
vn -0.5556 -0.0000 0.8315
vn -0.6593 -0.0000 0.7518
vn 0.7518 -0.0000 0.6593
vn -0.7518 -0.0000 0.6593
vn 0.8315 -0.0000 0.5556
vn -0.8315 -0.0000 0.5556
vn 0.9469 -0.0000 0.3214
vn 0.8969 -0.0000 0.4423
vn -0.8969 -0.0000 0.4423
vn -0.9469 -0.0000 0.3214
vn 0.9808 -0.0000 0.1951
vn -0.9808 -0.0000 0.1951
vn 0.9979 -0.0000 0.0654
vn -0.9979 -0.0000 0.0654
vn 0.9979 -0.0000 -0.0654
vn -0.9979 -0.0000 -0.0654
vn 0.9808 -0.0000 -0.1951
vn -0.9808 -0.0000 -0.1951
vn 0.9469 -0.0000 -0.3214
vn -0.9469 -0.0000 -0.3214
vn 0.8969 -0.0000 -0.4423
vn 0.8315 -0.0000 -0.5556
vn -0.8315 -0.0000 -0.5556
vn -0.8969 -0.0000 -0.4423
vn 0.7518 -0.0000 -0.6593
vn -0.7518 -0.0000 -0.6593
vn 0.6593 -0.0000 -0.7518
vn -0.6593 -0.0000 -0.7518
vn 0.4423 -0.0000 -0.8969
vn 0.5556 -0.0000 -0.8315
vn -0.5556 -0.0000 -0.8315
vn 0.1951 -0.0000 -0.9808
vn 0.3214 -0.0000 -0.9469
vn -0.0654 -0.0000 -0.9979
vn 0.0654 -0.0000 -0.9979
vn -0.3214 -0.0000 -0.9469
vn -0.1951 -0.0000 -0.9808
vn -0.4423 -0.0000 -0.8969
vt 0.999832 0.991440
vt 0.999920 0.995625
vt 0.999970 0.995497
vt 0.999924 0.991440
vt 1.000000 1.000000
vt -0.004099 0.000000
vt 0.000000 0.000000
vt 0.000000 1.000000
vt 0.000038 0.995625
vt 0.000000 0.995497
vt 0.000079 0.991440
vt 0.000000 0.991440
vt 1.000000 0.991440
vt 1.000000 0.995497
vt 0.011610 0.991440
vt 0.011626 0.995714
vt 0.011801 0.995533
vt 0.011791 0.991440
vt 0.011690 1.000000
vt 0.011846 1.000000
vt 0.012350 0.000000
vt 0.012274 0.000000
vt 0.011948 0.000000
vt 0.011817 0.000000
vt 0.012201 1.000000
vt 0.012288 0.995714
vt 0.012018 0.995533
vt 0.012310 0.991440
vt 0.012061 0.991440
vt 0.017452 0.991440
vt 0.017474 0.995714
vt 0.017714 0.995533
vt 0.017701 0.991440
vt 0.017561 1.000000
vt 0.017789 1.000000
vt 0.018137 0.000000
vt 0.018180 0.000000
vt 0.017936 0.000000
vt 0.017764 0.000000
vt 0.018072 1.000000
vt 0.018135 0.995714
vt 0.017944 0.995533
vt 0.018152 0.991440
vt 0.017970 0.991440
vt 0.029683 0.991440
vt 0.029724 0.995625
vt 0.029748 0.995497
vt 0.029726 0.991440
vt 0.029762 1.000000
vt 0.029762 1.000000
vt 0.031576 0.000000
vt 0.029940 0.000000
vt 0.029842 0.995625
vt 0.029786 0.995497
vt 0.029929 0.991440
vt 0.029837 0.991440
vt 0.041499 0.991440
vt 0.041587 0.995625
vt 0.041636 0.995497
vt 0.041591 0.991440
vt 0.041667 1.000000
vt 0.042305 0.000000
vt 0.041916 0.000000
vt 0.041704 0.995625
vt 0.041681 0.995497
vt 0.041746 0.991440
vt 0.041702 0.991440
vt 0.053277 0.991440
vt 0.053305 0.995640
vt 0.053460 0.995510
vt 0.053451 0.991440
vt 0.053338 1.000000
vt 0.053491 1.000000
vt 0.054096 0.000000
vt 0.054094 0.000000
vt 0.053805 0.000000
vt 0.053649 0.000000
vt 0.053772 1.000000
vt 0.053886 0.995608
vt 0.053666 0.995483
vt 0.053977 0.991440
vt 0.053737 0.991440
vt 0.059118 0.991440
vt 0.059295 0.995600
vt 0.059455 0.995476
vt 0.059358 0.991440
vt 0.059521 1.000000
vt 0.059524 1.000000
vt 0.060049 0.000000
vt 0.060232 0.000000
vt 0.059880 0.000000
vt 0.059877 0.000000
vt 0.059873 1.000000
vt 0.059848 0.995711
vt 0.059657 0.995571
vt 0.059819 0.991440
vt 0.059644 0.991440
vt 0.071596 0.991440
vt 0.071504 0.991440
vt 0.071459 0.995497
vt 0.071508 0.995625
vt 0.071393 0.991440
vt 0.071414 0.995497
vt 0.071349 0.991440
vt 0.071391 0.995625
vt 0.071429 1.000000
vt 0.071429 1.000000
vt 0.072427 0.000000
vt 0.071856 0.000000
vt 0.083166 0.991440
vt 0.083254 0.995625
vt 0.083303 0.995497
vt 0.083258 0.991440
vt 0.083333 1.000000
vt 0.084123 0.000000
vt 0.083832 0.000000
vt 0.083371 0.995625
vt 0.083347 0.995497
vt 0.083412 0.991440
vt 0.083369 0.991440
vt 0.094943 0.991440
vt 0.095061 0.995601
vt 0.095182 0.995477
vt 0.095118 0.991440
vt 0.095211 1.000000
vt 0.095238 1.000000
vt 0.096280 0.000000
vt 0.096260 0.000000
vt 0.095808 0.000000
vt 0.095782 0.000000
vt 0.095687 1.000000
vt 0.095667 0.995701
vt 0.095397 0.995562
vt 0.095644 0.991440
vt 0.095404 0.991440
vt 0.101485 0.991440
vt 0.101336 0.991440
vt 0.101271 0.995533
vt 0.101414 0.995714
vt 0.101066 0.991440
vt 0.101054 0.995533
vt 0.100785 0.991440
vt 0.100754 0.995714
vt 0.100779 1.000000
vt 0.101190 1.000000
vt 0.101464 0.000000
vt 0.101893 0.000000
vt 0.101796 0.000000
vt 0.101382 0.000000
vt 0.101286 1.000000
vt 0.113263 0.991440
vt 0.113171 0.991440
vt 0.113126 0.995497
vt 0.113175 0.995625
vt 0.113060 0.991440
vt 0.113081 0.995497
vt 0.113016 0.991440
vt 0.113058 0.995625
vt 0.113095 1.000000
vt 0.113095 1.000000
vt 0.113671 0.000000
vt 0.113772 0.000000
vt 0.124832 0.991440
vt 0.124920 0.995625
vt 0.124970 0.995497
vt 0.124924 0.991440
vt 0.125000 1.000000
vt 0.126051 0.000000
vt 0.125749 0.000000
vt 0.125038 0.995625
vt 0.125014 0.995497
vt 0.125079 0.991440
vt 0.125036 0.991440
vt 0.136610 0.991440
vt 0.136728 0.995601
vt 0.136848 0.995477
vt 0.136784 0.991440
vt 0.136878 1.000000
vt 0.136905 1.000000
vt 0.138196 0.000000
vt 0.138176 0.000000
vt 0.137725 0.000000
vt 0.137698 0.000000
vt 0.137354 1.000000
vt 0.137333 0.995702
vt 0.137063 0.995562
vt 0.137310 0.991440
vt 0.137070 0.991440
vt 0.143152 0.991440
vt 0.143002 0.991439
vt 0.142938 0.995533
vt 0.143080 0.995714
vt 0.142732 0.991440
vt 0.142721 0.995533
vt 0.142452 0.991440
vt 0.142421 0.995714
vt 0.142446 1.000000
vt 0.142857 1.000000
vt 0.143380 0.000000
vt 0.143809 0.000000
vt 0.143713 0.000000
vt 0.143299 0.000000
vt 0.142953 1.000000
vt 0.154929 0.991440
vt 0.154838 0.991440
vt 0.154792 0.995497
vt 0.154842 0.995625
vt 0.154726 0.991440
vt 0.154748 0.995497
vt 0.154683 0.991440
vt 0.154724 0.995625
vt 0.154762 1.000000
vt 0.155565 0.000000
vt 0.155689 0.000000
vt 0.166499 0.991440
vt 0.166587 0.995625
vt 0.166636 0.995497
vt 0.166591 0.991440
vt 0.166667 1.000000
vt 0.167964 0.000000
vt 0.167665 0.000000
vt 0.166704 0.995625
vt 0.166681 0.995497
vt 0.166746 0.991440
vt 0.166702 0.991440
vt 0.178277 0.991440
vt 0.178394 0.995601
vt 0.178515 0.995477
vt 0.178451 0.991440
vt 0.178544 1.000000
vt 0.178571 1.000000
vt 0.180112 0.000000
vt 0.180092 0.000000
vt 0.179641 0.000000
vt 0.179614 0.000000
vt 0.179020 1.000000
vt 0.179000 0.995702
vt 0.178730 0.995562
vt 0.178977 0.991440
vt 0.178737 0.991440
vt 0.184819 0.991440
vt 0.184669 0.991440
vt 0.184605 0.995533
vt 0.184747 0.995714
vt 0.184399 0.991440
vt 0.184388 0.995533
vt 0.184118 0.991440
vt 0.184087 0.995714
vt 0.184112 1.000000
vt 0.184524 1.000000
vt 0.185296 0.000000
vt 0.185725 0.000000
vt 0.185629 0.000000
vt 0.185215 0.000000
vt 0.184620 1.000000
vt 0.196596 0.991440
vt 0.196504 0.991440
vt 0.196459 0.995497
vt 0.196508 0.995625
vt 0.196393 0.991440
vt 0.196414 0.995497
vt 0.196349 0.991440
vt 0.196391 0.995625
vt 0.196429 1.000000
vt 0.196429 1.000000
vt 0.197530 0.000000
vt 0.197605 0.000000
vt 0.208166 0.991440
vt 0.208254 0.995625
vt 0.208303 0.995497
vt 0.208258 0.991440
vt 0.208333 1.000000
vt 0.208333 1.000000
vt 0.210370 0.000000
vt 0.209581 0.000000
vt 0.208371 0.995625
vt 0.208347 0.995497
vt 0.208412 0.991439
vt 0.208369 0.991440
vt 0.220644 0.991440
vt 0.220404 0.991440
vt 0.220401 0.995561
vt 0.220616 0.995699
vt 0.220118 0.991440
vt 0.220190 0.995501
vt 0.219943 0.991440
vt 0.220054 0.995630
vt 0.220180 1.000000
vt 0.220354 1.000000
vt 0.221889 0.000000
vt 0.221912 0.000000
vt 0.221696 0.000000
vt 0.221498 0.000000
vt 0.220591 1.000000
vt 0.226485 0.991440
vt 0.226311 0.991440
vt 0.226247 0.995477
vt 0.226368 0.995601
vt 0.226025 0.991440
vt 0.226032 0.995562
vt 0.225785 0.991440
vt 0.225762 0.995702
vt 0.225742 1.000000
vt 0.226190 1.000000
vt 0.227074 0.000000
vt 0.227572 0.000000
vt 0.227545 0.000000
vt 0.227089 0.000000
vt 0.226217 1.000000
vt 0.238263 0.991440
vt 0.238171 0.991440
vt 0.238126 0.995497
vt 0.238175 0.995625
vt 0.238060 0.991440
vt 0.238081 0.995497
vt 0.238016 0.991440
vt 0.238058 0.995625
vt 0.238095 1.000000
vt 0.238095 1.000000
vt 0.239125 0.000000
vt 0.239521 0.000000
vt 0.250079 0.991440
vt 0.250036 0.991440
vt 0.250014 0.995497
vt 0.250038 0.995625
vt 0.249924 0.991440
vt 0.249976 0.995497
vt 0.249832 0.991440
vt 0.249920 0.995625
vt 0.250000 1.000000
vt 0.251589 0.000000
vt 0.251497 0.000000
vt 0.262310 0.991440
vt 0.262070 0.991440
vt 0.262068 0.995561
vt 0.262282 0.995699
vt 0.261784 0.991440
vt 0.261856 0.995501
vt 0.261610 0.991440
vt 0.261720 0.995630
vt 0.261846 1.000000
vt 0.262021 1.000000
vt 0.263806 0.000000
vt 0.263828 0.000000
vt 0.263612 0.000000
vt 0.263414 0.000000
vt 0.262258 1.000000
vt 0.268152 0.991440
vt 0.267978 0.991439
vt 0.267914 0.995477
vt 0.268034 0.995601
vt 0.267692 0.991440
vt 0.267699 0.995562
vt 0.267452 0.991440
vt 0.267428 0.995702
vt 0.267408 1.000000
vt 0.267857 1.000000
vt 0.268990 0.000000
vt 0.269488 0.000000
vt 0.269461 0.000000
vt 0.269005 0.000000
vt 0.267884 1.000000
vt 0.279929 0.991440
vt 0.279837 0.991440
vt 0.279792 0.995497
vt 0.279842 0.995625
vt 0.279726 0.991440
vt 0.279748 0.995497
vt 0.279683 0.991440
vt 0.279724 0.995625
vt 0.279762 1.000000
vt 0.281155 0.000000
vt 0.281437 0.000000
vt 0.291746 0.991440
vt 0.291702 0.991440
vt 0.291681 0.995497
vt 0.291704 0.995625
vt 0.291591 0.991440
vt 0.291642 0.995497
vt 0.291499 0.991440
vt 0.291587 0.995625
vt 0.291667 1.000000
vt 0.291667 1.000000
vt 0.293546 0.000000
vt 0.293413 0.000000
vt 0.303977 0.991440
vt 0.303737 0.991440
vt 0.303735 0.995560
vt 0.303949 0.995699
vt 0.303451 0.991440
vt 0.303523 0.995501
vt 0.303277 0.991440
vt 0.303387 0.995630
vt 0.303513 1.000000
vt 0.303687 1.000000
vt 0.305722 0.000000
vt 0.305745 0.000000
vt 0.305528 0.000000
vt 0.305330 0.000000
vt 0.303925 1.000000
vt 0.309819 0.991440
vt 0.309644 0.991440
vt 0.309580 0.995477
vt 0.309701 0.995601
vt 0.309358 0.991440
vt 0.309365 0.995562
vt 0.309118 0.991440
vt 0.309095 0.995702
vt 0.309075 1.000000
vt 0.309524 1.000000
vt 0.310906 0.000000
vt 0.311404 0.000000
vt 0.311377 0.000000
vt 0.310921 0.000000
vt 0.309551 1.000000
vt 0.321596 0.991440
vt 0.321504 0.991440
vt 0.321459 0.995497
vt 0.321508 0.995625
vt 0.321393 0.991440
vt 0.321414 0.995497
vt 0.321349 0.991440
vt 0.321391 0.995625
vt 0.321429 1.000000
vt 0.321429 1.000000
vt 0.323051 0.000000
vt 0.323353 0.000000
vt 0.333412 0.991440
vt 0.333369 0.991440
vt 0.333348 0.995497
vt 0.333371 0.995625
vt 0.333258 0.991440
vt 0.333309 0.995497
vt 0.333166 0.991440
vt 0.333254 0.995625
vt 0.333333 1.000000
vt 0.335221 0.000000
vt 0.335329 0.000000
vt 0.345644 0.991440
vt 0.345404 0.991440
vt 0.345401 0.995561
vt 0.345616 0.995700
vt 0.345118 0.991440
vt 0.345190 0.995501
vt 0.344943 0.991440
vt 0.345054 0.995630
vt 0.345180 1.000000
vt 0.345354 1.000000
vt 0.347638 0.000000
vt 0.347661 0.000000
vt 0.347445 0.000000
vt 0.347246 0.000000
vt 0.345591 1.000000
vt 0.351485 0.991440
vt 0.351311 0.991440
vt 0.351247 0.995477
vt 0.351368 0.995601
vt 0.351025 0.991440
vt 0.351032 0.995562
vt 0.350785 0.991440
vt 0.350762 0.995702
vt 0.350742 1.000000
vt 0.351191 1.000000
vt 0.352822 0.000000
vt 0.353321 0.000000
vt 0.353293 0.000000
vt 0.352837 0.000000
vt 0.351217 1.000000
vt 0.363263 0.991440
vt 0.363171 0.991440
vt 0.363120 0.995497
vt 0.363175 0.995625
vt 0.363060 0.991440
vt 0.363081 0.995497
vt 0.363016 0.991440
vt 0.363058 0.995625
vt 0.363095 1.000000
vt 0.364923 0.000000
vt 0.365269 0.000000
vt 0.375079 0.991440
vt 0.375036 0.991440
vt 0.375014 0.995497
vt 0.375038 0.995625
vt 0.374924 0.991440
vt 0.374976 0.995497
vt 0.374832 0.991440
vt 0.374920 0.995625
vt 0.375000 1.000000
vt 0.377498 0.000000
vt 0.377246 0.000000
vt 0.387310 0.991440
vt 0.387070 0.991440
vt 0.386973 0.995476
vt 0.387134 0.995600
vt 0.386784 0.991440
vt 0.386772 0.995571
vt 0.386610 0.991440
vt 0.386580 0.995711
vt 0.386555 1.000000
vt 0.386905 1.000000
vt 0.389053 0.000000
vt 0.389225 0.000000
vt 0.389222 0.000000
vt 0.388892 0.000000
vt 0.386908 1.000000
vt 0.393152 0.991440
vt 0.392955 0.991440
vt 0.392972 0.995533
vt 0.393162 0.995714
vt 0.392687 0.991440
vt 0.392754 0.995533
vt 0.392452 0.991440
vt 0.392500 0.995714
vt 0.392616 1.000000
vt 0.392948 1.000000
vt 0.394781 0.000000
vt 0.395483 0.000000
vt 0.395302 0.000000
vt 0.394945 0.000000
vt 0.393129 1.000000
vt 0.404929 0.991440
vt 0.404838 0.991440
vt 0.404786 0.995497
vt 0.404842 0.995625
vt 0.404726 0.991440
vt 0.404748 0.995497
vt 0.404683 0.991440
vt 0.404724 0.995625
vt 0.404762 1.000000
vt 0.406771 0.000000
vt 0.407186 0.000000
vt 0.416746 0.991440
vt 0.416702 0.991440
vt 0.416681 0.995497
vt 0.416704 0.995625
vt 0.416591 0.991440
vt 0.416642 0.995497
vt 0.416499 0.991440
vt 0.416587 0.995625
vt 0.416667 1.000000
vt 0.416667 1.000000
vt 0.417778 0.000000
vt 0.419162 0.000000
vt 0.428977 0.991440
vt 0.428727 0.991440
vt 0.428714 0.995533
vt 0.428954 0.995714
vt 0.428458 0.991440
vt 0.428485 0.995533
vt 0.428277 0.991440
vt 0.428293 0.995714
vt 0.428356 1.000000
vt 0.428640 1.000000
vt 0.430960 0.000000
vt 0.431435 0.000000
vt 0.431220 0.000000
vt 0.430869 0.000000
vt 0.428867 1.000000
vt 0.434819 0.991440
vt 0.434637 0.991440
vt 0.434611 0.995533
vt 0.434802 0.995714
vt 0.434368 0.991440
vt 0.434381 0.995533
vt 0.434118 0.991440
vt 0.434141 0.995714
vt 0.434228 1.000000
vt 0.434456 1.000000
vt 0.436741 0.000000
vt 0.437342 0.000000
vt 0.437005 0.000000
vt 0.436758 0.000000
vt 0.434739 1.000000
vt 0.446596 0.991440
vt 0.446504 0.991440
vt 0.446453 0.995497
vt 0.446508 0.995625
vt 0.446393 0.991440
vt 0.446414 0.995497
vt 0.446349 0.991440
vt 0.446391 0.995625
vt 0.446429 1.000000
vt 0.446429 1.000000
vt 0.446682 0.000000
vt 0.449102 0.000000
vt 0.458412 0.991439
vt 0.458369 0.991440
vt 0.458348 0.995497
vt 0.458371 0.995625
vt 0.458258 0.991440
vt 0.458309 0.995497
vt 0.458166 0.991440
vt 0.458254 0.995625
vt 0.458333 1.000000
vt 0.461837 0.000000
vt 0.461078 0.000000
vt 0.470644 0.991440
vt 0.470394 0.991440
vt 0.470381 0.995533
vt 0.470621 0.995714
vt 0.470125 0.991440
vt 0.470151 0.995533
vt 0.469943 0.991440
vt 0.469960 0.995714
vt 0.470023 1.000000
vt 0.470306 1.000000
vt 0.473578 0.000000
vt 0.473352 0.000000
vt 0.473136 0.000000
vt 0.472932 0.000000
vt 0.470534 1.000000
vt 0.476485 0.991440
vt 0.476304 0.991440
vt 0.476277 0.995533
vt 0.476469 0.995714
vt 0.476035 0.991440
vt 0.476048 0.995533
vt 0.475785 0.991440
vt 0.475808 0.995714
vt 0.475895 1.000000
vt 0.476122 1.000000
vt 0.479330 0.000000
vt 0.479258 0.000000
vt 0.479029 0.000000
vt 0.478869 0.000000
vt 0.476406 1.000000
vt 0.488263 0.991440
vt 0.488171 0.991440
vt 0.488120 0.995497
vt 0.488175 0.995625
vt 0.488060 0.991440
vt 0.488081 0.995497
vt 0.488016 0.991440
vt 0.488058 0.995625
vt 0.488095 1.000000
vt 0.491565 0.000000
vt 0.491018 0.000000
vt 0.500079 0.991440
vt 0.500036 0.991440
vt 0.500014 0.995497
vt 0.500038 0.995625
vt 0.499924 0.991440
vt 0.499976 0.995497
vt 0.499832 0.991440
vt 0.499920 0.995625
vt 0.500000 1.000000
vt 0.503490 0.000000
vt 0.502994 0.000000
vt 0.512310 0.991440
vt 0.512061 0.991440
vt 0.512048 0.995533
vt 0.512288 0.995714
vt 0.511791 0.991440
vt 0.511818 0.995533
vt 0.511610 0.991440
vt 0.511626 0.995714
vt 0.511690 1.000000
vt 0.511973 1.000000
vt 0.515344 0.000000
vt 0.515268 0.000000
vt 0.515052 0.000000
vt 0.514811 0.000000
vt 0.512201 1.000000
vt 0.518152 0.991440
vt 0.517970 0.991439
vt 0.517944 0.995533
vt 0.518135 0.995714
vt 0.517701 0.991439
vt 0.517714 0.995533
vt 0.517452 0.991440
vt 0.517474 0.995714
vt 0.517561 1.000000
vt 0.517789 1.000000
vt 0.521131 0.000000
vt 0.521174 0.000000
vt 0.520930 0.000000
vt 0.520758 0.000000
vt 0.518072 1.000000
vt 0.529930 0.991440
vt 0.529837 0.991440
vt 0.529786 0.995497
vt 0.529842 0.995625
vt 0.529726 0.991440
vt 0.529748 0.995497
vt 0.529683 0.991440
vt 0.529724 0.995625
vt 0.529762 1.000000
vt 0.534570 0.000000
vt 0.532934 0.000000
vt 0.541746 0.991440
vt 0.541702 0.991440
vt 0.541681 0.995497
vt 0.541704 0.995625
vt 0.541591 0.991440
vt 0.541642 0.995497
vt 0.541499 0.991440
vt 0.541587 0.995625
vt 0.541667 1.000000
vt 0.545299 0.000000
vt 0.544910 0.000000
vt 0.553977 0.991440
vt 0.553737 0.991440
vt 0.553666 0.995483
vt 0.553886 0.995608
vt 0.553451 0.991440
vt 0.553460 0.995510
vt 0.553277 0.991440
vt 0.553305 0.995640
vt 0.553338 1.000000
vt 0.553491 1.000000
vt 0.557090 0.000000
vt 0.557088 0.000000
vt 0.556799 0.000000
vt 0.556643 0.000000
vt 0.553772 1.000000
vt 0.559819 0.991440
vt 0.559644 0.991440
vt 0.559657 0.995571
vt 0.559848 0.995711
vt 0.559358 0.991440
vt 0.559455 0.995476
vt 0.559118 0.991440
vt 0.559295 0.995600
vt 0.559521 1.000000
vt 0.559524 1.000000
vt 0.563043 0.000000
vt 0.563226 0.000000
vt 0.562874 0.000000
vt 0.562871 0.000000
vt 0.559873 1.000000
vt 0.571596 0.991440
vt 0.571504 0.991440
vt 0.571453 0.995497
vt 0.571508 0.995625
vt 0.571393 0.991440
vt 0.571414 0.995497
vt 0.571349 0.991440
vt 0.571391 0.995625
vt 0.571429 1.000000
vt 0.571429 1.000000
vt 0.575421 0.000000
vt 0.574850 0.000000
vt 0.583412 0.991440
vt 0.583369 0.991440
vt 0.583347 0.995504
vt 0.583369 0.995634
vt 0.583258 0.991440
vt 0.583307 0.995497
vt 0.583166 0.991440
vt 0.583250 0.995626
vt 0.583333 1.000000
vt 0.583333 1.000000
vt 0.587125 0.000000
vt 0.586826 0.000000
vt 0.595644 0.991440
vt 0.595388 0.991440
vt 0.595356 0.995533
vt 0.595631 0.995714
vt 0.595122 0.991440
vt 0.595137 0.995533
vt 0.594943 0.991440
vt 0.594965 0.995714
vt 0.595035 1.000000
vt 0.595186 1.000000
vt 0.598992 0.000000
vt 0.599123 0.000000
vt 0.598753 0.000000
vt 0.598604 0.000000
vt 0.595557 1.000000
vt 0.600785 0.991440
vt 0.600940 0.995629
vt 0.601104 0.995501
vt 0.601025 0.991440
vt 0.601116 1.000000
vt 0.601190 1.000000
vt 0.604884 0.000000
vt 0.605052 0.000000
vt 0.604790 0.000000
vt 0.604716 0.000000
vt 0.601451 1.000000
vt 0.601467 0.995701
vt 0.601298 0.995562
vt 0.601485 0.991440
vt 0.601311 0.991440
vt 0.613016 0.991440
vt 0.613051 0.995600
vt 0.613078 0.995476
vt 0.613060 0.991440
vt 0.613095 1.000000
vt 0.616569 0.000000
vt 0.616766 0.000000
vt 0.613163 0.995624
vt 0.613114 0.995495
vt 0.613263 0.991440
vt 0.613171 0.991440
vt 0.625079 0.991440
vt 0.625036 0.991440
vt 0.625013 0.995504
vt 0.625035 0.995634
vt 0.624924 0.991440
vt 0.624967 0.995497
vt 0.624832 0.991440
vt 0.624916 0.995626
vt 0.625000 1.000000
vt 0.629027 0.000000
vt 0.628743 0.000000
vt 0.637310 0.991440
vt 0.637055 0.991440
vt 0.637022 0.995533
vt 0.637298 0.995714
vt 0.636788 0.991440
vt 0.636803 0.995533
vt 0.636610 0.991440
vt 0.636632 0.995714
vt 0.636701 1.000000
vt 0.636853 1.000000
vt 0.640908 0.000000
vt 0.641039 0.000000
vt 0.640669 0.000000
vt 0.640520 0.000000
vt 0.637223 1.000000
vt 0.642452 0.991440
vt 0.642606 0.995629
vt 0.642770 0.995501
vt 0.642692 0.991440
vt 0.642783 1.000000
vt 0.642857 1.000000
vt 0.646800 0.000000
vt 0.646968 0.000000
vt 0.646707 0.000000
vt 0.646632 0.000000
vt 0.643117 1.000000
vt 0.643134 0.995701
vt 0.642965 0.995562
vt 0.643152 0.991440
vt 0.642977 0.991440
vt 0.654683 0.991440
vt 0.654718 0.995600
vt 0.654745 0.995476
vt 0.654726 0.991440
vt 0.654762 1.000000
vt 0.658465 0.000000
vt 0.658683 0.000000
vt 0.654830 0.995623
vt 0.654781 0.995495
vt 0.654930 0.991440
vt 0.654837 0.991440
vt 0.666746 0.991440
vt 0.666702 0.991440
vt 0.666681 0.995497
vt 0.666704 0.995625
vt 0.666591 0.991440
vt 0.666636 0.995497
vt 0.666499 0.991440
vt 0.666587 0.995625
vt 0.666667 1.000000
vt 0.670958 0.000000
vt 0.670659 0.000000
vt 0.678977 0.991440
vt 0.678737 0.991440
vt 0.678730 0.995562
vt 0.679000 0.995702
vt 0.678451 0.991440
vt 0.678515 0.995477
vt 0.678277 0.991440
vt 0.678394 0.995601
vt 0.678544 1.000000
vt 0.678571 1.000000
vt 0.683106 0.000000
vt 0.683086 0.000000
vt 0.682635 0.000000
vt 0.682608 0.000000
vt 0.679020 1.000000
vt 0.684118 0.991440
vt 0.684087 0.995714
vt 0.684359 0.995533
vt 0.684399 0.991440
vt 0.684112 1.000000
vt 0.684400 1.000000
vt 0.688290 0.000000
vt 0.688719 0.000000
vt 0.688474 0.000000
vt 0.688209 0.000000
vt 0.684620 1.000000
vt 0.684747 0.995714
vt 0.684588 0.995533
vt 0.684819 0.991440
vt 0.684669 0.991440
vt 0.696349 0.991440
vt 0.696391 0.995625
vt 0.696414 0.995497
vt 0.696393 0.991440
vt 0.696429 1.000000
vt 0.696429 1.000000
vt 0.700524 0.000000
vt 0.700599 0.000000
vt 0.696508 0.995625
vt 0.696453 0.995497
vt 0.696596 0.991440
vt 0.696504 0.991440
vt 0.708412 0.991439
vt 0.708369 0.991440
vt 0.708347 0.995497
vt 0.708371 0.995625
vt 0.708258 0.991440
vt 0.708303 0.995497
vt 0.708166 0.991440
vt 0.708254 0.995625
vt 0.708333 1.000000
vt 0.708333 1.000000
vt 0.713364 0.000000
vt 0.712575 0.000000
vt 0.719943 0.991440
vt 0.720054 0.995630
vt 0.720174 0.995501
vt 0.720118 0.991440
vt 0.720180 1.000000
vt 0.720238 1.000000
vt 0.724883 0.000000
vt 0.724906 0.000000
vt 0.724551 0.000000
vt 0.724492 0.000000
vt 0.720591 1.000000
vt 0.720616 0.995699
vt 0.720373 0.995561
vt 0.720644 0.991440
vt 0.720404 0.991440
vt 0.725785 0.991440
vt 0.725762 0.995702
vt 0.726001 0.995562
vt 0.726025 0.991440
vt 0.725742 1.000000
vt 0.726037 1.000000
vt 0.730068 0.000000
vt 0.730566 0.000000
vt 0.730351 0.000000
vt 0.730083 0.000000
vt 0.726217 1.000000
vt 0.726368 0.995601
vt 0.726229 0.995477
vt 0.726485 0.991440
vt 0.726311 0.991440
vt 0.738016 0.991440
vt 0.738057 0.995625
vt 0.738081 0.995497
vt 0.738060 0.991440
vt 0.738095 1.000000
vt 0.742119 0.000000
vt 0.742515 0.000000
vt 0.738175 0.995625
vt 0.738120 0.995497
vt 0.738263 0.991440
vt 0.738171 0.991440
vt 0.750079 0.991440
vt 0.750036 0.991440
vt 0.750014 0.995497
vt 0.750038 0.995625
vt 0.749924 0.991440
vt 0.749970 0.995497
vt 0.749832 0.991440
vt 0.749920 0.995625
vt 0.750000 1.000000
vt 0.754583 0.000000
vt 0.754491 0.000000
vt 0.761610 0.991440
vt 0.761720 0.995630
vt 0.761840 0.995501
vt 0.761784 0.991440
vt 0.761846 1.000000
vt 0.761905 1.000000
vt 0.766800 0.000000
vt 0.766822 0.000000
vt 0.766467 0.000000
vt 0.766408 0.000000
vt 0.762258 1.000000
vt 0.762282 0.995699
vt 0.762040 0.995561
vt 0.762310 0.991440
vt 0.762070 0.991440
vt 0.767452 0.991440
vt 0.767428 0.995702
vt 0.767667 0.995562
vt 0.767691 0.991440
vt 0.767408 1.000000
vt 0.767704 1.000000
vt 0.771984 0.000000
vt 0.772482 0.000000
vt 0.772267 0.000000
vt 0.771999 0.000000
vt 0.767884 1.000000
vt 0.768034 0.995601
vt 0.767896 0.995477
vt 0.768152 0.991440
vt 0.767977 0.991439
vt 0.779683 0.991440
vt 0.779724 0.995625
vt 0.779748 0.995497
vt 0.779726 0.991440
vt 0.779762 1.000000
vt 0.779762 1.000000
vt 0.784149 0.000000
vt 0.784431 0.000000
vt 0.779842 0.995625
vt 0.779786 0.995497
vt 0.779929 0.991440
vt 0.779837 0.991440
vt 0.791746 0.991440
vt 0.791702 0.991440
vt 0.791685 0.995476
vt 0.791711 0.995600
vt 0.791591 0.991440
vt 0.791643 0.995495
vt 0.791499 0.991440
vt 0.791598 0.995623
vt 0.791667 1.000000
vt 0.796639 0.000000
vt 0.796407 0.000000
vt 0.803277 0.991440
vt 0.803253 0.995714
vt 0.803451 0.995533
vt 0.803481 0.991440
vt 0.803269 1.000000
vt 0.803463 1.000000
vt 0.808289 0.000000
vt 0.808509 0.000000
vt 0.808273 0.000000
vt 0.808079 0.000000
vt 0.803697 1.000000
vt 0.803875 0.995714
vt 0.803656 0.995533
vt 0.803977 0.991440
vt 0.803773 0.991440
vt 0.809118 0.991440
vt 0.809183 0.995638
vt 0.809385 0.995508
vt 0.809358 0.991440
vt 0.809257 1.000000
vt 0.809454 1.000000
vt 0.814191 0.000000
vt 0.814540 0.000000
vt 0.814290 0.000000
vt 0.814108 0.000000
vt 0.809692 1.000000
vt 0.809760 0.995628
vt 0.809601 0.995500
vt 0.809819 0.991440
vt 0.809644 0.991440
vt 0.821349 0.991440
vt 0.821393 0.995634
vt 0.821415 0.995504
vt 0.821393 0.991440
vt 0.821429 1.000000
vt 0.821429 1.000000
vt 0.826064 0.000000
vt 0.826347 0.000000
vt 0.821512 0.995626
vt 0.821455 0.995497
vt 0.821596 0.991440
vt 0.821504 0.991440
vt 0.833412 0.991440
vt 0.833369 0.991440
vt 0.833351 0.995476
vt 0.833377 0.995600
vt 0.833258 0.991440
vt 0.833310 0.995496
vt 0.833166 0.991440
vt 0.833265 0.995624
vt 0.833333 1.000000
vt 0.833333 1.000000
vt 0.838543 0.000000
vt 0.838323 0.000000
vt 0.844943 0.991440
vt 0.844919 0.995714
vt 0.845118 0.995533
vt 0.845148 0.991440
vt 0.844936 1.000000
vt 0.845130 1.000000
vt 0.850206 0.000000
vt 0.850426 0.000000
vt 0.850190 0.000000
vt 0.849995 0.000000
vt 0.845363 1.000000
vt 0.845542 0.995714
vt 0.845323 0.995533
vt 0.845644 0.991440
vt 0.845440 0.991440
vt 0.850785 0.991440
vt 0.850850 0.995638
vt 0.851052 0.995508
vt 0.851025 0.991440
vt 0.850924 1.000000
vt 0.851120 1.000000
vt 0.856107 0.000000
vt 0.856456 0.000000
vt 0.856206 0.000000
vt 0.856025 0.000000
vt 0.851358 1.000000
vt 0.851427 0.995629
vt 0.851268 0.995500
vt 0.851485 0.991440
vt 0.851311 0.991440
vt 0.863016 0.991440
vt 0.863060 0.995634
vt 0.863082 0.995504
vt 0.863060 0.991440
vt 0.863095 1.000000
vt 0.867952 0.000000
vt 0.868263 0.000000
vt 0.863179 0.995626
vt 0.863121 0.995497
vt 0.863263 0.991440
vt 0.863171 0.991440
vt 0.874833 0.991440
vt 0.874920 0.995625
vt 0.874970 0.995497
vt 0.874924 0.991440
vt 0.875000 1.000000
vt 0.880492 0.000000
vt 0.880240 0.000000
vt 0.875038 0.995625
vt 0.875014 0.995497
vt 0.875079 0.991440
vt 0.875036 0.991440
vt 0.886610 0.991440
vt 0.886580 0.995711
vt 0.886760 0.995571
vt 0.886784 0.991440
vt 0.886556 1.000000
vt 0.886761 1.000000
vt 0.892047 0.000000
vt 0.892219 0.000000
vt 0.892088 0.000000
vt 0.891886 0.000000
vt 0.886908 1.000000
vt 0.887134 0.995600
vt 0.886952 0.995476
vt 0.887310 0.991440
vt 0.887070 0.991440
vt 0.892452 0.991440
vt 0.892500 0.995714
vt 0.892725 0.995533
vt 0.892687 0.991440
vt 0.892616 1.000000
vt 0.892815 1.000000
vt 0.897776 0.000000
vt 0.898477 0.000000
vt 0.898144 0.000000
vt 0.897939 0.000000
vt 0.893129 1.000000
vt 0.893162 0.995714
vt 0.892955 0.995533
vt 0.893152 0.991440
vt 0.892955 0.991440
vt 0.904683 0.991440
vt 0.904724 0.995625
vt 0.904748 0.995497
vt 0.904726 0.991440
vt 0.904762 1.000000
vt 0.904762 1.000000
vt 0.909765 0.000000
vt 0.910180 0.000000
vt 0.904842 0.995625
vt 0.904786 0.995497
vt 0.904930 0.991440
vt 0.904837 0.991440
vt 0.916499 0.991440
vt 0.916587 0.995625
vt 0.916636 0.995497
vt 0.916591 0.991440
vt 0.916667 1.000000
vt 0.920772 0.000000
vt 0.922156 0.000000
vt 0.916704 0.995625
vt 0.916681 0.995497
vt 0.916746 0.991440
vt 0.916702 0.991440
vt 0.928277 0.991440
vt 0.928293 0.995714
vt 0.928468 0.995533
vt 0.928458 0.991440
vt 0.928356 1.000000
vt 0.928513 1.000000
vt 0.933954 0.000000
vt 0.934429 0.000000
vt 0.934043 0.000000
vt 0.933863 0.000000
vt 0.928867 1.000000
vt 0.928954 0.995714
vt 0.928685 0.995533
vt 0.928977 0.991440
vt 0.928727 0.991440
vt 0.934118 0.991440
vt 0.934141 0.995714
vt 0.934381 0.995533
vt 0.934368 0.991440
vt 0.934228 1.000000
vt 0.934456 1.000000
vt 0.939734 0.000000
vt 0.940336 0.000000
vt 0.939999 0.000000
vt 0.939752 0.000000
vt 0.934739 1.000000
vt 0.934802 0.995714
vt 0.934611 0.995533
vt 0.934819 0.991440
vt 0.934637 0.991440
vt 0.946349 0.991440
vt 0.946391 0.995625
vt 0.946414 0.995497
vt 0.946393 0.991440
vt 0.946429 1.000000
vt 0.946429 1.000000
vt 0.951557 0.000000
vt 0.952096 0.000000
vt 0.946508 0.995625
vt 0.946453 0.995497
vt 0.946596 0.991440
vt 0.946504 0.991440
vt 0.958166 0.991440
vt 0.958254 0.995625
vt 0.958303 0.995497
vt 0.958258 0.991440
vt 0.958333 1.000000
vt 0.958333 1.000000
vt 0.963571 0.000000
vt 0.964072 0.000000
vt 0.958371 0.995625
vt 0.958347 0.995497
vt 0.958412 0.991439
vt 0.958369 0.991440
vt 0.969943 0.991440
vt 0.969960 0.995714
vt 0.970134 0.995533
vt 0.970125 0.991440
vt 0.970023 1.000000
vt 0.970179 1.000000
vt 0.975755 0.000000
vt 0.976346 0.000000
vt 0.975938 0.000000
vt 0.975741 0.000000
vt 0.970534 1.000000
vt 0.970621 0.995714
vt 0.970352 0.995533
vt 0.970644 0.991440
vt 0.970394 0.991440
vt 0.975785 0.991440
vt 0.975808 0.995714
vt 0.976048 0.995533
vt 0.976035 0.991440
vt 0.975895 1.000000
vt 0.976122 1.000000
vt 0.981496 0.000000
vt 0.982252 0.000000
vt 0.981875 0.000000
vt 0.981594 0.000000
vt 0.976406 1.000000
vt 0.976469 0.995714
vt 0.976277 0.995533
vt 0.976485 0.991440
vt 0.976304 0.991440
vt 0.988016 0.991440
vt 0.988057 0.995625
vt 0.988081 0.995497
vt 0.988059 0.991440
vt 0.988095 1.000000
vt 0.993161 0.000000
vt 0.994012 0.000000
vt 0.988175 0.995625
vt 0.988120 0.995497
vt 0.988263 0.991440
vt 0.988171 0.991440
vt 0.999832 0.008560
vt 0.999924 0.008560
vt 0.999970 0.004503
vt 0.999920 0.000000
vt 1.000000 0.008560
vt 1.000000 0.004503
vt 0.000079 0.008560
vt 0.000038 0.004375
vt 0.000000 0.004503
vt 0.000000 0.008560
vt -0.004885 0.000000
vt -0.002102 0.000000
vt -0.006431 0.000000
vt -0.000975 0.000000
vt 0.013399 0.000000
vt 0.005131 0.000000
vt 1.000017 0.002209
vt 0.011610 0.008560
vt 0.011791 0.008560
vt 0.011801 0.004467
vt 0.011626 0.004286
vt 0.012061 0.008560
vt 0.012048 0.004467
vt 0.012310 0.008560
vt 0.012288 0.004286
vt 0.012443 0.000000
vt 0.012175 0.000000
vt 0.012355 0.000000
vt 0.012056 0.000000
vt 0.017452 0.008560
vt 0.017701 0.008560
vt 0.017714 0.004467
vt 0.017474 0.004286
vt 0.017970 0.008560
vt 0.017961 0.004467
vt 0.018152 0.008560
vt 0.018135 0.004286
vt 0.018218 0.000000
vt 0.017982 0.000000
vt 0.018107 0.000000
vt 0.017781 0.000000
vt 0.029683 0.008560
vt 0.029726 0.008560
vt 0.029748 0.004503
vt 0.029724 0.004375
vt 0.029837 0.008560
vt 0.029792 0.004503
vt 0.029929 0.008560
vt 0.029842 0.004375
vt 0.030735 0.000000
vt 0.030649 0.000000
vt 0.032294 0.000000
vt 0.032220 0.000000
vt 0.041499 0.008560
vt 0.041591 0.008560
vt 0.041636 0.004503
vt 0.041587 0.004375
vt 0.041702 0.008560
vt 0.041681 0.004503
vt 0.041746 0.008560
vt 0.041704 0.004375
vt 0.042110 0.000000
vt 0.041978 0.000000
vt 0.042302 0.000000
vt 0.042083 0.000000
vt 0.053277 0.008560
vt 0.053473 0.008560
vt 0.053457 0.004467
vt 0.053267 0.004286
vt 0.053742 0.008560
vt 0.053704 0.004467
vt 0.053977 0.008560
vt 0.053929 0.004286
vt 0.054157 0.000000
vt 0.053979 0.000000
vt 0.054114 0.000000
vt 0.053824 0.000000
vt 0.059118 0.008560
vt 0.059358 0.008560
vt 0.059455 0.004524
vt 0.059295 0.004400
vt 0.059644 0.008560
vt 0.059669 0.004429
vt 0.059819 0.008560
vt 0.059848 0.004289
vt 0.060119 0.000000
vt 0.059927 0.000000
vt 0.059852 0.000000
vt 0.071596 0.008560
vt 0.071508 0.004375
vt 0.071459 0.004503
vt 0.071504 0.008560
vt 0.071845 0.000000
vt 0.071785 0.000000
vt 0.072353 0.000000
vt 0.071608 0.000000
vt 0.071391 0.004375
vt 0.071414 0.004503
vt 0.071349 0.008560
vt 0.071393 0.008560
vt 0.083166 0.008560
vt 0.083258 0.008560
vt 0.083303 0.004503
vt 0.083254 0.004375
vt 0.083369 0.008560
vt 0.083348 0.004503
vt 0.083412 0.008560
vt 0.083371 0.004375
vt 0.083985 0.000000
vt 0.083889 0.000000
vt 0.084134 0.000000
vt 0.083982 0.000000
vt 0.094943 0.008560
vt 0.095118 0.008560
vt 0.095182 0.004523
vt 0.095061 0.004399
vt 0.095404 0.008560
vt 0.095428 0.004438
vt 0.095644 0.008560
vt 0.095667 0.004298
vt 0.096266 0.000000
vt 0.095995 0.000000
vt 0.095960 0.000000
vt 0.101485 0.008560
vt 0.101375 0.004370
vt 0.101255 0.004499
vt 0.101311 0.008560
vt 0.101712 0.000000
vt 0.101661 0.000000
vt 0.101445 0.000000
vt 0.100813 0.004301
vt 0.101027 0.004439
vt 0.100785 0.008560
vt 0.101025 0.008560
vt 0.113263 0.008560
vt 0.113175 0.004375
vt 0.113126 0.004503
vt 0.113171 0.008560
vt 0.113772 0.000000
vt 0.113716 0.000000
vt 0.113610 0.000000
vt 0.113572 0.000000
vt 0.113058 0.004375
vt 0.113081 0.004503
vt 0.113016 0.008560
vt 0.113060 0.008560
vt 0.124832 0.008560
vt 0.124924 0.008560
vt 0.124970 0.004503
vt 0.124920 0.004375
vt 0.125036 0.008560
vt 0.125014 0.004503
vt 0.125079 0.008560
vt 0.125038 0.004375
vt 0.125902 0.000000
vt 0.125806 0.000000
vt 0.126064 0.000000
vt 0.125899 0.000000
vt 0.136610 0.008560
vt 0.136784 0.008560
vt 0.136848 0.004523
vt 0.136728 0.004399
vt 0.137070 0.008560
vt 0.137094 0.004438
vt 0.137310 0.008560
vt 0.137333 0.004298
vt 0.138182 0.000000
vt 0.137912 0.000000
vt 0.137876 0.000000
vt 0.143152 0.008560
vt 0.143042 0.004370
vt 0.142921 0.004499
vt 0.142978 0.008560
vt 0.143628 0.000000
vt 0.143577 0.000000
vt 0.143361 0.000000
vt 0.142479 0.004301
vt 0.142694 0.004440
vt 0.142452 0.008560
vt 0.142692 0.008560
vt 0.154929 0.008560
vt 0.154842 0.004375
vt 0.154792 0.004503
vt 0.154838 0.008560
vt 0.155699 0.000000
vt 0.155632 0.000000
vt 0.155500 0.000000
vt 0.155488 0.000000
vt 0.154724 0.004375
vt 0.154748 0.004503
vt 0.154683 0.008560
vt 0.154726 0.008560
vt 0.166499 0.008560
vt 0.166591 0.008560
vt 0.166636 0.004503
vt 0.166587 0.004375
vt 0.166702 0.008560
vt 0.166681 0.004503
vt 0.166746 0.008560
vt 0.166704 0.004375
vt 0.167833 0.000000
vt 0.167736 0.000000
vt 0.167990 0.000000
vt 0.167862 0.000000
vt 0.178277 0.008560
vt 0.178451 0.008560
vt 0.178515 0.004523
vt 0.178394 0.004399
vt 0.178737 0.008560
vt 0.178761 0.004438
vt 0.178977 0.008560
vt 0.179000 0.004298
vt 0.180098 0.000000
vt 0.179828 0.000000
vt 0.179792 0.000000
vt 0.184118 0.008560
vt 0.184358 0.008560
vt 0.184361 0.004439
vt 0.184146 0.004301
vt 0.184644 0.008560
vt 0.184588 0.004499
vt 0.184819 0.008560
vt 0.184708 0.004370
vt 0.185544 0.000000
vt 0.185493 0.000000
vt 0.185277 0.000000
vt 0.196596 0.008560
vt 0.196508 0.004375
vt 0.196459 0.004503
vt 0.196504 0.008560
vt 0.197695 0.000000
vt 0.197548 0.000000
vt 0.197425 0.000000
vt 0.197404 0.000000
vt 0.196391 0.004375
vt 0.196414 0.004503
vt 0.196349 0.008560
vt 0.196393 0.008560
vt 0.208166 0.008560
vt 0.208258 0.008560
vt 0.208303 0.004503
vt 0.208254 0.004375
vt 0.208369 0.008560
vt 0.208348 0.004503
vt 0.208412 0.008560
vt 0.208371 0.004375
vt 0.209975 0.000000
vt 0.209851 0.000000
vt 0.210596 0.000000
vt 0.210422 0.000000
vt 0.220644 0.008560
vt 0.220674 0.004286
vt 0.220403 0.004467
vt 0.220363 0.008560
vt 0.221968 0.000000
vt 0.221701 0.000000
vt 0.221889 0.000000
vt 0.221616 0.000000
vt 0.220015 0.004286
vt 0.220157 0.004467
vt 0.219943 0.008560
vt 0.220093 0.008560
vt 0.226485 0.008560
vt 0.226368 0.004399
vt 0.226247 0.004523
vt 0.226311 0.008560
vt 0.227391 0.000000
vt 0.227357 0.000000
vt 0.227090 0.000000
vt 0.225762 0.004298
vt 0.226001 0.004438
vt 0.225785 0.008560
vt 0.226025 0.008560
vt 0.238263 0.008560
vt 0.238175 0.004375
vt 0.238126 0.004503
vt 0.238171 0.008560
vt 0.239243 0.000000
vt 0.239478 0.000000
vt 0.239250 0.000000
vt 0.239366 0.000000
vt 0.238058 0.004375
vt 0.238081 0.004503
vt 0.238016 0.008560
vt 0.238060 0.008560
vt 0.250079 0.008560
vt 0.250038 0.004375
vt 0.250014 0.004503
vt 0.250036 0.008560
vt 0.251565 0.000000
vt 0.251448 0.000000
vt 0.251505 0.000000
vt 0.251303 0.000000
vt 0.249920 0.004375
vt 0.249970 0.004503
vt 0.249832 0.008560
vt 0.249924 0.008560
vt 0.262310 0.008560
vt 0.262341 0.004286
vt 0.262070 0.004467
vt 0.262030 0.008560
vt 0.263884 0.000000
vt 0.263617 0.000000
vt 0.263806 0.000000
vt 0.263532 0.000000
vt 0.261682 0.004286
vt 0.261824 0.004467
vt 0.261610 0.008560
vt 0.261760 0.008560
vt 0.268152 0.008560
vt 0.268034 0.004399
vt 0.267914 0.004523
vt 0.267978 0.008560
vt 0.269307 0.000000
vt 0.269273 0.000000
vt 0.269006 0.000000
vt 0.267428 0.004298
vt 0.267667 0.004438
vt 0.267452 0.008560
vt 0.267691 0.008560
vt 0.279929 0.008560
vt 0.279842 0.004375
vt 0.279792 0.004503
vt 0.279837 0.008560
vt 0.281313 0.000000
vt 0.281394 0.000000
vt 0.281175 0.000000
vt 0.281282 0.000000
vt 0.279724 0.004375
vt 0.279748 0.004503
vt 0.279683 0.008560
vt 0.279726 0.008560
vt 0.291746 0.008560
vt 0.291704 0.004375
vt 0.291681 0.004503
vt 0.291702 0.008560
vt 0.293508 0.000000
vt 0.293391 0.000000
vt 0.293483 0.000000
vt 0.293306 0.000000
vt 0.291587 0.004375
vt 0.291636 0.004503
vt 0.291499 0.008560
vt 0.291591 0.008560
vt 0.303277 0.008560
vt 0.303426 0.008560
vt 0.303491 0.004467
vt 0.303348 0.004286
vt 0.303696 0.008560
vt 0.303736 0.004467
vt 0.303977 0.008560
vt 0.304008 0.004286
vt 0.305800 0.000000
vt 0.305534 0.000000
vt 0.305448 0.000000
vt 0.309819 0.008560
vt 0.309701 0.004399
vt 0.309580 0.004523
vt 0.309644 0.008560
vt 0.311223 0.000000
vt 0.311189 0.000000
vt 0.310922 0.000000
vt 0.309095 0.004298
vt 0.309334 0.004438
vt 0.309118 0.008560
vt 0.309358 0.008560
vt 0.321596 0.008560
vt 0.321508 0.004375
vt 0.321459 0.004503
vt 0.321504 0.008560
vt 0.323245 0.000000
vt 0.323311 0.000000
vt 0.323063 0.000000
vt 0.323198 0.000000
vt 0.321391 0.004375
vt 0.321414 0.004503
vt 0.321349 0.008560
vt 0.321393 0.008560
vt 0.333412 0.008560
vt 0.333371 0.004375
vt 0.333348 0.004503
vt 0.333369 0.008560
vt 0.335428 0.000000
vt 0.335311 0.000000
vt 0.335153 0.000000
vt 0.335234 0.000000
vt 0.333254 0.004375
vt 0.333303 0.004503
vt 0.333166 0.008560
vt 0.333258 0.008560
vt 0.344943 0.008560
vt 0.345093 0.008560
vt 0.345157 0.004467
vt 0.345015 0.004286
vt 0.345363 0.008560
vt 0.345403 0.004467
vt 0.345644 0.008560
vt 0.345674 0.004286
vt 0.347716 0.000000
vt 0.347450 0.000000
vt 0.347364 0.000000
vt 0.351485 0.008560
vt 0.351368 0.004399
vt 0.351247 0.004523
vt 0.351311 0.008560
vt 0.353139 0.000000
vt 0.353105 0.000000
vt 0.352838 0.000000
vt 0.350762 0.004298
vt 0.351001 0.004438
vt 0.350785 0.008560
vt 0.351025 0.008560
vt 0.363263 0.008560
vt 0.363175 0.004375
vt 0.363126 0.004503
vt 0.363171 0.008560
vt 0.365151 0.000000
vt 0.365218 0.000000
vt 0.364928 0.000000
vt 0.365086 0.000000
vt 0.363058 0.004375
vt 0.363081 0.004503
vt 0.363016 0.008560
vt 0.363060 0.008560
vt 0.375079 0.008560
vt 0.375038 0.004375
vt 0.375014 0.004503
vt 0.375036 0.008560
vt 0.377365 0.000000
vt 0.377224 0.000000
vt 0.377424 0.000000
vt 0.377140 0.000000
vt 0.374920 0.004375
vt 0.374970 0.004503
vt 0.374832 0.008560
vt 0.374924 0.008560
vt 0.387310 0.008560
vt 0.387134 0.004400
vt 0.386973 0.004524
vt 0.387070 0.008560
vt 0.389263 0.000000
vt 0.389181 0.000000
vt 0.388973 0.000000
vt 0.386580 0.004289
vt 0.386760 0.004429
vt 0.386610 0.008560
vt 0.386784 0.008560
vt 0.393152 0.008560
vt 0.393123 0.004360
vt 0.392969 0.004490
vt 0.392978 0.008560
vt 0.395289 0.000000
vt 0.395186 0.000000
vt 0.394801 0.000000
vt 0.395033 0.000000
vt 0.392542 0.004392
vt 0.392736 0.004517
vt 0.392452 0.008560
vt 0.392692 0.008560
vt 0.404929 0.008560
vt 0.404842 0.004375
vt 0.404792 0.004503
vt 0.404837 0.008560
vt 0.407036 0.000000
vt 0.407113 0.000000
vt 0.406760 0.000000
vt 0.406934 0.000000
vt 0.404724 0.004375
vt 0.404748 0.004503
vt 0.404683 0.008560
vt 0.404726 0.008560
vt 0.416746 0.008560
vt 0.416704 0.004375
vt 0.416681 0.004503
vt 0.416702 0.008560
vt 0.418139 0.000000
vt 0.419133 0.000000
vt 0.418411 0.000000
vt 0.419033 0.000000
vt 0.416587 0.004375
vt 0.416636 0.004503
vt 0.416499 0.008560
vt 0.416591 0.008560
vt 0.428977 0.008560
vt 0.428954 0.004286
vt 0.428714 0.004467
vt 0.428727 0.008560
vt 0.431201 0.000000
vt 0.431031 0.000000
vt 0.430931 0.000000
vt 0.430867 0.000000
vt 0.428293 0.004286
vt 0.428468 0.004467
vt 0.428277 0.008560
vt 0.428458 0.008560
vt 0.434819 0.008560
vt 0.434802 0.004286
vt 0.434628 0.004467
vt 0.434637 0.008560
vt 0.437009 0.000000
vt 0.436940 0.000000
vt 0.436748 0.000000
vt 0.436709 0.000000
vt 0.434141 0.004286
vt 0.434381 0.004467
vt 0.434118 0.008560
vt 0.434368 0.008560
vt 0.446596 0.008560
vt 0.446508 0.004375
vt 0.446459 0.004503
vt 0.446504 0.008560
vt 0.449102 0.000000
vt 0.448984 0.000000
vt 0.446497 0.000000
vt 0.448705 0.000000
vt 0.446391 0.004375
vt 0.446414 0.004503
vt 0.446349 0.008560
vt 0.446393 0.008560
vt 0.458412 0.008560
vt 0.458371 0.004375
vt 0.458348 0.004503
vt 0.458369 0.008560
vt 0.461551 0.000000
vt 0.461167 0.000000
vt 0.461697 0.000000
vt 0.461330 0.000000
vt 0.458254 0.004375
vt 0.458303 0.004503
vt 0.458166 0.008560
vt 0.458258 0.008560
vt 0.470644 0.008560
vt 0.470621 0.004286
vt 0.470381 0.004467
vt 0.470394 0.008560
vt 0.473688 0.000000
vt 0.473387 0.000000
vt 0.473606 0.000000
vt 0.473288 0.000000
vt 0.469960 0.004286
vt 0.470134 0.004467
vt 0.469943 0.008560
vt 0.470125 0.008560
vt 0.476485 0.008560
vt 0.476469 0.004286
vt 0.476294 0.004467
vt 0.476304 0.008560
vt 0.479392 0.000000
vt 0.479131 0.000000
vt 0.479307 0.000000
vt 0.478941 0.000000
vt 0.475808 0.004286
vt 0.476048 0.004467
vt 0.475785 0.008560
vt 0.476035 0.008560
vt 0.488263 0.008560
vt 0.488175 0.004375
vt 0.488126 0.004503
vt 0.488171 0.008560
vt 0.491275 0.000000
vt 0.491181 0.000000
vt 0.491696 0.000000
vt 0.491531 0.000000
vt 0.488058 0.004375
vt 0.488081 0.004503
vt 0.488016 0.008560
vt 0.488060 0.008560
vt 0.500079 0.008560
vt 0.500038 0.004375
vt 0.500014 0.004503
vt 0.500036 0.008560
vt 0.503263 0.000000
vt 0.503066 0.000000
vt 0.503455 0.000000
vt 0.503193 0.000000
vt 0.499920 0.004375
vt 0.499970 0.004503
vt 0.499832 0.008560
vt 0.499924 0.008560
vt 0.512310 0.008560
vt 0.512288 0.004286
vt 0.512048 0.004467
vt 0.512061 0.008560
vt 0.515437 0.000000
vt 0.515169 0.000000
vt 0.515349 0.000000
vt 0.515050 0.000000
vt 0.511626 0.004286
vt 0.511801 0.004467
vt 0.511610 0.008560
vt 0.511791 0.008560
vt 0.518152 0.008560
vt 0.518135 0.004286
vt 0.517961 0.004467
vt 0.517970 0.008560
vt 0.521212 0.000000
vt 0.520976 0.000000
vt 0.521101 0.000000
vt 0.520775 0.000000
vt 0.517474 0.004286
vt 0.517714 0.004467
vt 0.517452 0.008560
vt 0.517701 0.008560
vt 0.529929 0.008560
vt 0.529842 0.000000
vt 0.529792 0.004503
vt 0.529837 0.008560
vt 0.532018 0.000000
vt 0.533729 0.000000
vt 0.533473 0.000000
vt 0.532592 0.000000
vt 0.535289 0.000000
vt 0.535214 0.000000
vt 0.532896 0.000000
vt 0.532911 0.000000
vt 0.529683 0.008560
vt 0.529726 0.008560
vt 0.529748 0.004503
vt 0.529724 0.000000
vt 0.541746 0.008560
vt 0.541704 0.000000
vt 0.541681 0.004503
vt 0.541702 0.008560
vt 0.544884 0.000000
vt 0.545104 0.000000
vt 0.544973 0.000000
vt 0.544902 0.000000
vt 0.545296 0.000000
vt 0.545077 0.000000
vt 0.544830 0.000000
vt 0.544855 0.000000
vt 0.541499 0.008560
vt 0.541591 0.008560
vt 0.541636 0.004503
vt 0.541587 0.000000
vt 0.553977 0.008560
vt 0.553929 0.000000
vt 0.553704 0.004467
vt 0.553742 0.008560
vt 0.557274 0.000000
vt 0.557151 0.000000
vt 0.556958 0.000000
vt 0.557031 0.000000
vt 0.557108 0.000000
vt 0.556818 0.000000
vt 0.556580 0.000000
vt 0.556838 0.000000
vt 0.553277 0.008560
vt 0.553473 0.008560
vt 0.553457 0.004467
vt 0.553267 0.000000
vt 0.559819 0.008560
vt 0.559848 0.000000
vt 0.559669 0.004429
vt 0.559644 0.008560
vt 0.563180 0.000000
vt 0.563113 0.000000
vt 0.562919 0.000000
vt 0.562957 0.000000
vt 0.562846 0.000000
vt 0.562644 0.000000
vt 0.562782 0.000000
vt 0.559118 0.008560
vt 0.559358 0.008560
vt 0.559455 0.004524
vt 0.559295 0.000000
vt 0.571596 0.008560
vt 0.571508 0.000000
vt 0.571459 0.004503
vt 0.571504 0.008560
vt 0.575008 0.000000
vt 0.574839 0.000000
vt 0.574802 0.000000
vt 0.574911 0.000000
vt 0.575347 0.000000
vt 0.574602 0.000000
vt 0.574812 0.000000
vt 0.574815 0.000000
vt 0.571349 0.008560
vt 0.571393 0.008560
vt 0.571414 0.004503
vt 0.571391 0.000000
vt 0.583412 0.008560
vt 0.583369 0.000000
vt 0.583347 0.004496
vt 0.583369 0.008560
vt 0.586808 0.000000
vt 0.586972 0.000000
vt 0.586875 0.000000
vt 0.586819 0.000000
vt 0.587139 0.000000
vt 0.586967 0.000000
vt 0.586742 0.000000
vt 0.586779 0.000000
vt 0.583166 0.008560
vt 0.583258 0.008560
vt 0.583301 0.004503
vt 0.583250 0.000000
vt 0.595644 0.008560
vt 0.595579 0.000000
vt 0.595377 0.004491
vt 0.595404 0.008560
vt 0.599138 0.000000
vt 0.599061 0.000000
vt 0.598876 0.000000
vt 0.598937 0.000000
vt 0.598983 0.000000
vt 0.598771 0.000000
vt 0.598565 0.000000
vt 0.598772 0.000000
vt 0.594943 0.008560
vt 0.595118 0.008560
vt 0.595144 0.004500
vt 0.595002 0.000000
vt 0.600785 0.008560
vt 0.600989 0.008560
vt 0.601081 0.004467
vt 0.600887 0.000000
vt 0.601280 0.008560
vt 0.601294 0.004467
vt 0.601485 0.008560
vt 0.601509 0.000000
vt 0.605111 0.000000
vt 0.605023 0.000000
vt 0.604812 0.000000
vt 0.604865 0.000000
vt 0.604884 0.000000
vt 0.604671 0.000000
vt 0.604485 0.000000
vt 0.604683 0.000000
vt 0.601206 0.002255
vt 0.613016 0.008560
vt 0.613060 0.008560
vt 0.613078 0.004524
vt 0.613051 0.000000
vt 0.613171 0.008560
vt 0.613113 0.004504
vt 0.613263 0.008560
vt 0.613163 0.000000
vt 0.616890 0.000000
vt 0.616717 0.000000
vt 0.616670 0.000000
vt 0.616828 0.000000
vt 0.616505 0.000000
vt 0.616498 0.000000
vt 0.616722 0.000000
vt 0.616736 0.000000
vt 0.613099 0.002218
vt 0.625079 0.008560
vt 0.625035 0.000000
vt 0.625013 0.004496
vt 0.625036 0.008560
vt 0.628724 0.000000
vt 0.628888 0.000000
vt 0.628792 0.000000
vt 0.628735 0.000000
vt 0.629041 0.000000
vt 0.628884 0.000000
vt 0.628658 0.000000
vt 0.628695 0.000000
vt 0.624832 0.008560
vt 0.624924 0.008560
vt 0.624967 0.004503
vt 0.624916 0.000000
vt 0.637310 0.008560
vt 0.637245 0.000000
vt 0.637044 0.004492
vt 0.637070 0.008560
vt 0.641054 0.000000
vt 0.640977 0.000000
vt 0.640792 0.000000
vt 0.640853 0.000000
vt 0.640899 0.000000
vt 0.640687 0.000000
vt 0.640481 0.000000
vt 0.640688 0.000000
vt 0.636610 0.008560
vt 0.636784 0.008560
vt 0.636811 0.004500
vt 0.636668 0.000000
vt 0.642452 0.008560
vt 0.642656 0.008560
vt 0.642747 0.004467
vt 0.642553 0.000000
vt 0.642947 0.008560
vt 0.642960 0.004467
vt 0.643152 0.008560
vt 0.643176 0.000000
vt 0.647027 0.000000
vt 0.646939 0.000000
vt 0.646729 0.000000
vt 0.646781 0.000000
vt 0.646587 0.000000
vt 0.646401 0.000000
vt 0.646599 0.000000
vt 0.642873 0.002255
vt 0.654683 0.008560
vt 0.654726 0.008560
vt 0.654745 0.004524
vt 0.654718 0.000000
vt 0.654837 0.008560
vt 0.654779 0.004505
vt 0.654930 0.008560
vt 0.654830 0.000000
vt 0.658806 0.000000
vt 0.658643 0.000000
vt 0.658587 0.000000
vt 0.658744 0.000000
vt 0.658397 0.000000
vt 0.658414 0.000000
vt 0.658638 0.000000
vt 0.658652 0.000000
vt 0.654766 0.002218
vt 0.666746 0.008560
vt 0.666704 0.000000
vt 0.666681 0.004503
vt 0.666702 0.008560
vt 0.670619 0.000000
vt 0.670827 0.000000
vt 0.670723 0.000000
vt 0.670646 0.000000
vt 0.670984 0.000000
vt 0.670856 0.000000
vt 0.670578 0.000000
vt 0.670615 0.000000
vt 0.666499 0.008560
vt 0.666591 0.008560
vt 0.666636 0.004503
vt 0.666587 0.000000
vt 0.678977 0.008560
vt 0.679000 0.000000
vt 0.678761 0.004438
vt 0.678737 0.008560
vt 0.683070 0.000000
vt 0.683092 0.000000
vt 0.682822 0.000000
vt 0.682828 0.000000
vt 0.682786 0.000000
vt 0.682456 0.000000
vt 0.682651 0.000000
vt 0.678277 0.008560
vt 0.678451 0.008560
vt 0.678515 0.004523
vt 0.678394 0.000000
vt 0.684118 0.008560
vt 0.684358 0.008560
vt 0.684361 0.004439
vt 0.684146 0.000000
vt 0.684644 0.008560
vt 0.684567 0.004499
vt 0.684819 0.008560
vt 0.684708 0.000000
vt 0.688808 0.000000
vt 0.688539 0.000000
vt 0.688487 0.000000
vt 0.688627 0.000000
vt 0.688271 0.000000
vt 0.688243 0.000000
vt 0.688461 0.000000
vt 0.684385 0.002183
vt 0.696350 0.008560
vt 0.696393 0.008560
vt 0.696414 0.004503
vt 0.696391 0.000000
vt 0.696504 0.008560
vt 0.696451 0.004503
vt 0.696596 0.008560
vt 0.696508 0.000000
vt 0.700736 0.000000
vt 0.700689 0.000000
vt 0.700542 0.000000
vt 0.700672 0.000000
vt 0.700419 0.000000
vt 0.700398 0.000000
vt 0.700561 0.000000
vt 0.700582 0.000000
vt 0.696437 0.002209
vt 0.708412 0.008560
vt 0.708371 0.000000
vt 0.708348 0.004503
vt 0.708369 0.008560
vt 0.712261 0.000000
vt 0.712969 0.000000
vt 0.712792 0.000000
vt 0.712459 0.000000
vt 0.713590 0.000000
vt 0.713416 0.000000
vt 0.712495 0.000000
vt 0.712528 0.000000
vt 0.708166 0.008560
vt 0.708258 0.008560
vt 0.708303 0.004503
vt 0.708254 0.000000
vt 0.719943 0.008560
vt 0.720093 0.008560
vt 0.720157 0.004467
vt 0.720015 0.000000
vt 0.720363 0.008560
vt 0.720364 0.004467
vt 0.720644 0.008560
vt 0.720675 0.000000
vt 0.724990 0.000000
vt 0.724962 0.000000
vt 0.724695 0.000000
vt 0.724715 0.000000
vt 0.724883 0.000000
vt 0.724610 0.000000
vt 0.724326 0.000000
vt 0.724533 0.000000
vt 0.720247 0.002255
vt 0.725785 0.008560
vt 0.726025 0.008560
vt 0.726001 0.004438
vt 0.725762 0.000000
vt 0.726311 0.008560
vt 0.726223 0.004523
vt 0.726485 0.008560
vt 0.726368 0.000000
vt 0.730712 0.000000
vt 0.730385 0.000000
vt 0.730351 0.000000
vt 0.730520 0.000000
vt 0.730084 0.000000
vt 0.730108 0.000000
vt 0.730346 0.000000
vt 0.726007 0.002190
vt 0.738016 0.008560
vt 0.738060 0.008560
vt 0.738081 0.004503
vt 0.738058 0.000000
vt 0.738171 0.008560
vt 0.738118 0.004503
vt 0.738263 0.008560
vt 0.738175 0.000000
vt 0.742633 0.000000
vt 0.742237 0.000000
vt 0.742472 0.000000
vt 0.742574 0.000000
vt 0.742244 0.000000
vt 0.742360 0.000000
vt 0.742477 0.000000
vt 0.742498 0.000000
vt 0.738103 0.002209
vt 0.750079 0.008560
vt 0.750038 0.000000
vt 0.750014 0.004503
vt 0.750036 0.008560
vt 0.754617 0.000000
vt 0.754559 0.000000
vt 0.754468 0.000000
vt 0.754540 0.000000
vt 0.754500 0.000000
vt 0.754298 0.000000
vt 0.754411 0.000000
vt 0.754438 0.000000
vt 0.749832 0.008560
vt 0.749924 0.008560
vt 0.749970 0.004503
vt 0.749920 0.000000
vt 0.761610 0.008560
vt 0.761760 0.008560
vt 0.761824 0.004467
vt 0.761682 0.000000
vt 0.762030 0.008560
vt 0.762031 0.004467
vt 0.762310 0.008560
vt 0.762341 0.000000
vt 0.766906 0.000000
vt 0.766878 0.000000
vt 0.766611 0.000000
vt 0.766631 0.000000
vt 0.766526 0.000000
vt 0.766243 0.000000
vt 0.766449 0.000000
vt 0.761914 0.002255
vt 0.767452 0.008560
vt 0.767691 0.008560
vt 0.767667 0.004438
vt 0.767428 0.000000
vt 0.767978 0.008560
vt 0.767890 0.004523
vt 0.768152 0.008560
vt 0.768034 0.000000
vt 0.772628 0.000000
vt 0.772301 0.000000
vt 0.772267 0.000000
vt 0.772437 0.000000
vt 0.772000 0.000000
vt 0.772024 0.000000
vt 0.772262 0.000000
vt 0.767674 0.002190
vt 0.779683 0.008560
vt 0.779726 0.008560
vt 0.779748 0.004503
vt 0.779724 0.000000
vt 0.779837 0.008560
vt 0.779784 0.004503
vt 0.779929 0.008560
vt 0.779842 0.000000
vt 0.784549 0.000000
vt 0.784307 0.000000
vt 0.784388 0.000000
vt 0.784490 0.000000
vt 0.784169 0.000000
vt 0.784276 0.000000
vt 0.784393 0.000000
vt 0.784415 0.000000
vt 0.779770 0.002209
vt 0.791746 0.008560
vt 0.791711 0.000000
vt 0.791684 0.004524
vt 0.791702 0.008560
vt 0.796512 0.000000
vt 0.796555 0.000000
vt 0.796430 0.000000
vt 0.796456 0.000000
vt 0.796574 0.000000
vt 0.796325 0.000000
vt 0.796338 0.000000
vt 0.796364 0.000000
vt 0.791499 0.008560
vt 0.791591 0.008560
vt 0.791643 0.004505
vt 0.791598 0.000000
vt 0.803277 0.008560
vt 0.803451 0.008560
vt 0.803452 0.004438
vt 0.803295 0.000000
vt 0.803737 0.008560
vt 0.803629 0.004499
vt 0.803977 0.008560
vt 0.803822 0.000000
vt 0.808635 0.000000
vt 0.808451 0.000000
vt 0.808359 0.000000
vt 0.808468 0.000000
vt 0.808204 0.000000
vt 0.808105 0.000000
vt 0.808307 0.000000
vt 0.803469 0.002181
vt 0.809118 0.008560
vt 0.809374 0.008560
vt 0.809377 0.004467
vt 0.809130 0.000000
vt 0.809640 0.008560
vt 0.809602 0.004467
vt 0.809819 0.008560
vt 0.809797 0.000000
vt 0.814637 0.000000
vt 0.814405 0.000000
vt 0.814270 0.000000
vt 0.814398 0.000000
vt 0.814182 0.000000
vt 0.814044 0.000000
vt 0.813976 0.000000
vt 0.814220 0.000000
vt 0.809429 0.002255
vt 0.821349 0.008560
vt 0.821393 0.008560
vt 0.821415 0.004496
vt 0.821393 0.000000
vt 0.821504 0.008560
vt 0.821453 0.004503
vt 0.821596 0.008560
vt 0.821512 0.000000
vt 0.826471 0.000000
vt 0.826252 0.000000
vt 0.826313 0.000000
vt 0.826411 0.000000
vt 0.826077 0.000000
vt 0.826206 0.000000
vt 0.826312 0.000000
vt 0.826335 0.000000
vt 0.821438 0.002205
vt 0.833412 0.008560
vt 0.833377 0.000000
vt 0.833350 0.004524
vt 0.833369 0.008560
vt 0.838422 0.000000
vt 0.838474 0.000000
vt 0.838348 0.000000
vt 0.838370 0.000000
vt 0.838480 0.000000
vt 0.838252 0.000000
vt 0.838255 0.000000
vt 0.838281 0.000000
vt 0.833166 0.008560
vt 0.833258 0.008560
vt 0.833310 0.004504
vt 0.833265 0.000000
vt 0.844943 0.008560
vt 0.845118 0.008560
vt 0.845118 0.004438
vt 0.844962 0.000000
vt 0.845404 0.008560
vt 0.845296 0.004499
vt 0.845644 0.008560
vt 0.845489 0.000000
vt 0.850552 0.000000
vt 0.850368 0.000000
vt 0.850275 0.000000
vt 0.850384 0.000000
vt 0.850120 0.000000
vt 0.850021 0.000000
vt 0.850223 0.000000
vt 0.845135 0.002181
vt 0.850785 0.008560
vt 0.851041 0.008560
vt 0.851043 0.004467
vt 0.850797 0.000000
vt 0.851307 0.008560
vt 0.851269 0.004467
vt 0.851485 0.008560
vt 0.851463 0.000000
vt 0.856554 0.000000
vt 0.856321 0.000000
vt 0.856186 0.000000
vt 0.856314 0.000000
vt 0.856098 0.000000
vt 0.855960 0.000000
vt 0.855892 0.000000
vt 0.856137 0.000000
vt 0.851096 0.002255
vt 0.863016 0.008560
vt 0.863060 0.008560
vt 0.863083 0.004496
vt 0.863060 0.000000
vt 0.863171 0.008560
vt 0.863128 0.004503
vt 0.863263 0.008560
vt 0.863179 0.000000
vt 0.868387 0.000000
vt 0.868166 0.000000
vt 0.868230 0.000000
vt 0.868327 0.000000
vt 0.867966 0.000000
vt 0.868122 0.000000
vt 0.868228 0.000000
vt 0.868251 0.000000
vt 0.863083 0.002205
vt 0.874832 0.008560
vt 0.874924 0.008560
vt 0.874970 0.004503
vt 0.874920 0.000000
vt 0.875036 0.008560
vt 0.875014 0.004503
vt 0.875079 0.008560
vt 0.875038 0.000000
vt 0.880329 0.000000
vt 0.880359 0.000000
vt 0.880218 0.000000
vt 0.880293 0.000000
vt 0.880418 0.000000
vt 0.880134 0.000000
vt 0.880159 0.000000
vt 0.880207 0.000000
vt 0.875017 0.002209
vt 0.886610 0.008560
vt 0.886784 0.008560
vt 0.886760 0.004429
vt 0.886580 0.000000
vt 0.887070 0.008560
vt 0.886945 0.004524
vt 0.887310 0.008560
vt 0.887134 0.000000
vt 0.892473 0.000000
vt 0.892257 0.000000
vt 0.892175 0.000000
vt 0.892321 0.000000
vt 0.891967 0.000000
vt 0.891889 0.000000
vt 0.892130 0.000000
vt 0.886759 0.002179
vt 0.892452 0.008560
vt 0.892691 0.008560
vt 0.892736 0.004517
vt 0.892542 0.000000
vt 0.892978 0.008560
vt 0.892947 0.004490
vt 0.893152 0.008560
vt 0.893123 0.000000
vt 0.898480 0.000000
vt 0.898283 0.000000
vt 0.898179 0.000000
vt 0.898268 0.000000
vt 0.897795 0.000000
vt 0.898027 0.000000
vt 0.897887 0.000000
vt 0.898091 0.000000
vt 0.892813 0.002228
vt 0.904683 0.008560
vt 0.904726 0.008560
vt 0.904748 0.004503
vt 0.904724 0.000000
vt 0.904837 0.008560
vt 0.904792 0.004503
vt 0.904930 0.008560
vt 0.904842 0.000000
vt 0.910339 0.000000
vt 0.910030 0.000000
vt 0.910107 0.000000
vt 0.910269 0.000000
vt 0.909754 0.000000
vt 0.909928 0.000000
vt 0.910142 0.000000
vt 0.910162 0.000000
vt 0.904745 0.002209
vt 0.916499 0.008560
vt 0.916591 0.008560
vt 0.916636 0.004503
vt 0.916587 0.000000
vt 0.916702 0.008560
vt 0.916681 0.004503
vt 0.916746 0.008560
vt 0.916704 0.000000
vt 0.922255 0.000000
vt 0.921133 0.000000
vt 0.922127 0.000000
vt 0.922217 0.000000
vt 0.921405 0.000000
vt 0.922027 0.000000
vt 0.922075 0.000000
vt 0.922123 0.000000
vt 0.916684 0.002209
vt 0.928277 0.008560
vt 0.928458 0.008560
vt 0.928468 0.004467
vt 0.928293 0.000000
vt 0.928727 0.008560
vt 0.928675 0.004467
vt 0.928977 0.008560
vt 0.928954 0.000000
vt 0.934390 0.000000
vt 0.934195 0.000000
vt 0.934025 0.000000
vt 0.934118 0.000000
vt 0.933925 0.000000
vt 0.933861 0.000000
vt 0.933852 0.000000
vt 0.934005 0.000000
vt 0.928512 0.002255
vt 0.934118 0.008560
vt 0.934368 0.008560
vt 0.934420 0.004467
vt 0.934141 0.000000
vt 0.934637 0.008560
vt 0.934628 0.004467
vt 0.934819 0.008560
vt 0.934802 0.000000
vt 0.940324 0.000000
vt 0.940003 0.000000
vt 0.939934 0.000000
vt 0.940068 0.000000
vt 0.939742 0.000000
vt 0.939703 0.000000
vt 0.939735 0.000000
vt 0.939928 0.000000
vt 0.934583 0.002255
vt 0.946350 0.008560
vt 0.946393 0.008560
vt 0.946415 0.004503
vt 0.946391 0.000000
vt 0.946504 0.008560
vt 0.946459 0.004503
vt 0.946596 0.008560
vt 0.946508 0.000000
vt 0.952317 0.000000
vt 0.951883 0.000000
vt 0.951978 0.000000
vt 0.952232 0.000000
vt 0.951510 0.000000
vt 0.951698 0.000000
vt 0.952058 0.000000
vt 0.952076 0.000000
vt 0.946411 0.002209
vt 0.958166 0.008560
vt 0.958258 0.008560
vt 0.958303 0.004503
vt 0.958254 0.000000
vt 0.958369 0.008560
vt 0.958347 0.004503
vt 0.958412 0.008560
vt 0.958371 0.000000
vt 0.964187 0.000000
vt 0.963817 0.000000
vt 0.964031 0.000000
vt 0.964145 0.000000
vt 0.963683 0.000000
vt 0.963904 0.000000
vt 0.963992 0.000000
vt 0.964039 0.000000
vt 0.958350 0.002209
vt 0.969943 0.008560
vt 0.970125 0.008560
vt 0.970134 0.004467
vt 0.969960 0.000000
vt 0.970394 0.008560
vt 0.970342 0.004467
vt 0.970644 0.008560
vt 0.970621 0.000000
vt 0.976271 0.000000
vt 0.976021 0.000000
vt 0.975889 0.000000
vt 0.975991 0.000000
vt 0.975732 0.000000
vt 0.975718 0.000000
vt 0.975768 0.000000
vt 0.975897 0.000000
vt 0.970179 0.002255
vt 0.975785 0.008560
vt 0.976035 0.008560
vt 0.976087 0.004467
vt 0.975808 0.000000
vt 0.976304 0.008560
vt 0.976294 0.004467
vt 0.976485 0.008560
vt 0.976469 0.000000
vt 0.982190 0.000000
vt 0.981772 0.000000
vt 0.981778 0.000000
vt 0.981924 0.000000
vt 0.981526 0.000000
vt 0.981537 0.000000
vt 0.981651 0.000000
vt 0.981811 0.000000
vt 0.976250 0.002255
vt 0.988016 0.008560
vt 0.988060 0.008560
vt 0.988081 0.004503
vt 0.988058 0.000000
vt 0.988171 0.008560
vt 0.988126 0.004503
vt 0.988263 0.008560
vt 0.988175 0.000000
vt 0.994412 0.000000
vt 0.993638 0.000000
vt 0.993764 0.000000
vt 0.994282 0.000000
vt 0.992995 0.000000
vt 0.993193 0.000000
vt 0.993974 0.000000
vt 0.993987 0.000000
vt 0.988078 0.002209
vt 0.718934 0.000000
vt 0.718576 0.000000
vt 0.714298 1.000000
vt 0.714289 0.995720
vt 0.714286 0.991440
vt 0.736247 0.000000
vt 0.736540 0.000000
vt 0.732156 1.000000
vt 0.732150 0.995720
vt 0.732143 0.991440
vt 0.694240 0.000000
vt 0.694598 0.000000
vt 0.690463 1.000000
vt 0.690473 0.995720
vt 0.690476 0.991440
vt 0.760850 0.000000
vt 0.760492 0.000000
vt 0.755965 1.000000
vt 0.755956 0.995720
vt 0.755952 0.991440
vt 0.676927 0.000000
vt 0.676633 0.000000
vt 0.672606 1.000000
vt 0.672612 0.995720
vt 0.672619 0.991440
vt 0.778163 0.000000
vt 0.778457 0.000000
vt 0.773823 1.000000
vt 0.773816 0.995720
vt 0.773810 0.991440
vt 0.707296 0.000000
vt 0.706587 0.000000
vt 0.702381 1.000000
vt 0.702381 0.995720
vt 0.702381 0.991440
vt 0.748075 0.000000
vt 0.748503 0.000000
vt 0.744048 1.000000
vt 0.744048 0.995720
vt 0.744048 0.991440
vt 0.652066 0.000000
vt 0.652576 0.000000
vt 0.648691 1.000000
vt 0.648772 0.995720
vt 0.648810 0.991440
vt 0.803024 0.000000
vt 0.802514 0.000000
vt 0.797737 1.000000
vt 0.797657 0.995720
vt 0.797619 0.991440
vt 0.634991 0.000000
vt 0.634720 0.000000
vt 0.630942 1.000000
vt 0.630949 0.995720
vt 0.630952 0.991440
vt 0.820099 0.000000
vt 0.820369 0.000000
vt 0.815486 1.000000
vt 0.815480 0.995720
vt 0.815476 0.991440
vt 0.664897 0.000000
vt 0.664671 0.000000
vt 0.660714 1.000000
vt 0.660714 0.995720
vt 0.660714 0.991440
vt 0.790210 0.000000
vt 0.790419 0.000000
vt 0.785714 1.000000
vt 0.785714 0.995720
vt 0.785714 0.991440
vt 0.622968 0.000000
vt 0.622754 0.000000
vt 0.619048 1.000000
vt 0.619048 0.995720
vt 0.619048 0.991440
vt 0.832125 0.000000
vt 0.832335 0.000000
vt 0.827381 1.000000
vt 0.827381 0.995720
vt 0.827381 0.991440
vt 0.610150 0.000000
vt 0.610660 0.000000
vt 0.607025 1.000000
vt 0.607105 0.995720
vt 0.607143 0.991440
vt 0.844940 0.000000
vt 0.844430 0.000000
vt 0.839404 1.000000
vt 0.839324 0.995720
vt 0.839286 0.991440
vt 0.593074 0.000000
vt 0.592804 0.000000
vt 0.589276 1.000000
vt 0.589282 0.995720
vt 0.589286 0.991440
vt 0.862015 0.000000
vt 0.862286 0.000000
vt 0.857153 1.000000
vt 0.857146 0.995720
vt 0.857143 0.991440
vt 0.581083 0.000000
vt 0.580838 0.000000
vt 0.577381 1.000000
vt 0.577381 0.995720
vt 0.577381 0.991440
vt 0.874006 0.000000
vt 0.874251 0.000000
vt 0.869048 1.000000
vt 0.869048 0.995720
vt 0.869048 0.991440
vt 0.568287 0.000000
vt 0.568770 0.000000
vt 0.565384 1.000000
vt 0.565447 0.995720
vt 0.565476 0.991440
vt 0.886803 0.000000
vt 0.886320 0.000000
vt 0.881045 1.000000
vt 0.880982 0.995720
vt 0.880952 0.991440
vt 0.551266 0.000000
vt 0.550911 0.000000
vt 0.547632 1.000000
vt 0.547623 0.995720
vt 0.547619 0.991440
vt 0.903797 0.000000
vt 0.904179 0.000000
vt 0.898797 1.000000
vt 0.898806 0.995720
vt 0.898810 0.991440
vt 0.539216 0.000000
vt 0.538922 0.000000
vt 0.535714 1.000000
vt 0.535714 0.995720
vt 0.535714 0.991440
vt 0.915870 0.000000
vt 0.916168 0.000000
vt 0.910714 1.000000
vt 0.910714 0.995720
vt 0.910714 0.991440
vt 0.527986 0.000000
vt 0.526933 0.000000
vt 0.523797 1.000000
vt 0.523806 0.995720
vt 0.523810 0.991440
vt 0.926521 0.000000
vt 0.928156 0.000000
vt 0.922632 1.000000
vt 0.922622 0.995720
vt 0.922619 0.991440
vt 0.509477 0.000000
vt 0.508995 0.000000
vt 0.505965 1.000000
vt 0.505956 0.995720
vt 0.505952 0.991440
vt 0.945591 0.000000
vt 0.946095 0.000000
vt 0.940463 1.000000
vt 0.940473 0.995720
vt 0.940476 0.991440
vt 0.738301 0.000000
vt 0.736213 0.000000
vt 0.735859 0.000000
vt 0.737940 0.000000
vt 0.735506 0.000000
vt 0.737580 0.000000
vt 0.937500 0.928571
vt 0.958333 0.928571
vt 0.958333 0.925514
vt 0.937500 0.925514
vt 0.925766 0.925514
vt 0.925636 0.928572
vt 0.737761 0.000000
vt 0.738049 0.000000
vt 0.738417 0.000000
vt 0.687755 0.000000
vt 0.685702 0.000000
vt 0.686031 0.000000
vt 0.687558 0.000000
vt 0.686369 0.000000
vt 0.687361 0.000000
vt 0.083334 0.928571
vt 0.085089 0.928572
vt 0.084977 0.925514
vt 0.083334 0.925514
vt 0.062500 0.925514
vt 0.062500 0.928571
vt 0.699008 0.000000
vt 0.699243 0.000000
vt 0.699478 0.000000
vt 0.709956 0.000000
vt 0.709687 0.000000
vt 0.709418 0.000000
vt 0.041667 0.928571
vt 0.041667 0.925514
vt 0.020834 0.925514
vt 0.020834 0.928571
vt 0.718414 0.000000
vt 0.718712 0.000000
vt 0.719010 0.000000
vt 0.000000 0.925514
vt 0.000000 0.928571
vt 0.725840 0.000000
vt 0.726162 0.000000
vt 0.726484 0.000000
vt 0.732252 0.000000
vt 0.731911 0.000000
vt 0.731570 0.000000
vt 0.979167 0.928571
vt 1.000000 0.928571
vt 1.000000 0.925514
vt 0.979167 0.925514
vt 0.687168 0.000000
vt 0.687563 0.000000
vt 0.687959 0.000000
vt 0.104167 0.928571
vt 0.104167 0.925514
vt 0.114754 0.925514
vt 0.114833 0.928571
vt 0.689871 0.000000
vt 0.689617 0.000000
vt 0.689336 0.000000
vt 0.916667 0.925514
vt 0.895833 0.925514
vt 0.895833 0.928571
vt 0.916667 0.928571
vt 0.743373 0.000000
vt 0.757540 0.000000
vt 0.757371 0.000000
vt 0.743158 0.000000
vt 0.757202 0.000000
vt 0.742943 0.000000
vt 0.885247 0.925514
vt 0.885168 0.928571
vt 0.765207 0.000000
vt 0.765473 0.000000
vt 0.765754 0.000000
vt 0.875000 0.925514
vt 0.875000 0.928571
vt 0.767230 0.000000
vt 0.767400 0.000000
vt 0.767571 0.000000
vt 0.864588 0.925514
vt 0.864530 0.928571
vt 0.768870 0.000000
vt 0.769094 0.000000
vt 0.769336 0.000000
vt 0.497368 0.000000
vt 0.497006 0.000000
vt 0.494048 1.000000
vt 0.494048 0.995720
vt 0.494048 0.991440
vt 0.144806 0.925514
vt 0.125000 0.925514
vt 0.125000 0.928571
vt 0.144871 0.928572
vt 0.680110 0.000000
vt 0.686407 0.000000
vt 0.686315 0.000000
vt 0.679865 0.000000
vt 0.686223 0.000000
vt 0.679610 0.000000
vt 0.679588 0.000000
vt 0.677606 0.000000
vt 0.677833 0.000000
vt 0.679772 0.000000
vt 0.678045 0.000000
vt 0.679955 0.000000
vt 0.145834 0.928571
vt 0.162479 0.928572
vt 0.162433 0.925514
vt 0.145834 0.925514
vt 0.957716 0.000000
vt 0.958084 0.000000
vt 0.952381 1.000000
vt 0.952381 0.995720
vt 0.952381 0.991440
vt 0.854167 0.925514
vt 0.854167 0.928571
vt 0.772194 0.000000
vt 0.772310 0.000000
vt 0.772426 0.000000
vt 0.777484 0.000000
vt 0.777257 0.000000
vt 0.777035 0.000000
vt 0.837521 0.928571
vt 0.837568 0.925514
vt 0.833333 0.925514
vt 0.833333 0.928571
vt 0.777443 0.000000
vt 0.777639 0.000000
vt 0.777835 0.000000
vt 0.821570 0.925514
vt 0.821538 0.928571
vt 0.778014 0.000000
vt 0.778215 0.000000
vt 0.778424 0.000000
vt 0.187743 0.925514
vt 0.187500 0.925514
vt 0.187500 0.928571
vt 0.187769 0.928571
vt 0.670967 0.000000
vt 0.671025 0.000000
vt 0.670876 0.000000
vt 0.670764 0.000000
vt 0.670726 0.000000
vt 0.670561 0.000000
vt 0.166667 0.925514
vt 0.166667 0.928571
vt 0.676755 0.000000
vt 0.676624 0.000000
vt 0.676494 0.000000
vt 0.670555 0.000000
vt 0.670758 0.000000
vt 0.670978 0.000000
vt 0.202616 0.928572
vt 0.202593 0.925514
vt 0.812500 0.925514
vt 0.812500 0.928571
vt 0.780523 0.000000
vt 0.780676 0.000000
vt 0.780829 0.000000
vt 0.784535 0.000000
vt 0.784332 0.000000
vt 0.784151 0.000000
vt 0.797385 0.928572
vt 0.797408 0.925514
vt 0.791667 0.925514
vt 0.791667 0.928571
vt 0.789604 0.000000
vt 0.789672 0.000000
vt 0.789741 0.000000
vt 0.788322 0.925514
vt 0.788309 0.928571
vt 0.792728 0.000000
vt 0.792924 0.000000
vt 0.793111 0.000000
vt 0.485380 0.000000
vt 0.485017 0.000000
vt 0.482130 1.000000
vt 0.482139 0.995720
vt 0.482143 0.991440
vt 0.217411 0.925514
vt 0.208334 0.925514
vt 0.208334 0.928571
vt 0.217426 0.928572
vt 0.682233 0.000000
vt 0.675063 0.000000
vt 0.674759 0.000000
vt 0.682057 0.000000
vt 0.674455 0.000000
vt 0.681869 0.000000
vt 0.673284 0.000000
vt 0.673464 0.000000
vt 0.673642 0.000000
vt 0.227655 0.928571
vt 0.227642 0.925514
vt 0.969595 0.000000
vt 0.970073 0.000000
vt 0.964298 1.000000
vt 0.964289 0.995720
vt 0.964286 0.991440
vt 0.772359 0.925514
vt 0.772345 0.928571
vt 0.781446 0.000000
vt 0.781626 0.000000
vt 0.781806 0.000000
vt 0.770834 0.925514
vt 0.770834 0.928571
vt 0.781453 0.000000
vt 0.781633 0.000000
vt 0.781813 0.000000
vt 0.766668 0.925514
vt 0.766664 0.928571
vt 0.781284 0.000000
vt 0.781461 0.000000
vt 0.781638 0.000000
vt 0.236588 0.925514
vt 0.229167 0.925514
vt 0.229167 0.928571
vt 0.236593 0.928571
vt 0.672813 0.000000
vt 0.673447 0.000000
vt 0.673276 0.000000
vt 0.672635 0.000000
vt 0.673105 0.000000
vt 0.672458 0.000000
vt 0.672686 0.000000
vt 0.672864 0.000000
vt 0.673040 0.000000
vt 0.242408 0.928571
vt 0.242403 0.925514
vt 0.757598 0.925514
vt 0.757593 0.928571
vt 0.782046 0.000000
vt 0.782226 0.000000
vt 0.782403 0.000000
vt 0.751671 0.925514
vt 0.751667 0.928571
vt 0.779847 0.000000
vt 0.780025 0.000000
vt 0.780205 0.000000
vt 0.251671 0.925514
vt 0.250000 0.925514
vt 0.250000 0.928571
vt 0.251667 0.928571
vt 0.669258 0.000000
vt 0.669877 0.000000
vt 0.669700 0.000000
vt 0.669077 0.000000
vt 0.669522 0.000000
vt 0.668897 0.000000
vt 0.671365 0.000000
vt 0.671547 0.000000
vt 0.671727 0.000000
vt 0.257593 0.928571
vt 0.257598 0.925514
vt 0.750000 0.925514
vt 0.750000 0.928571
vt 0.780542 0.000000
vt 0.780724 0.000000
vt 0.780906 0.000000
vt 0.742403 0.925514
vt 0.742407 0.928571
vt 0.783360 0.000000
vt 0.783543 0.000000
vt 0.783725 0.000000
vt 0.467892 0.000000
vt 0.467079 0.000000
vt 0.464298 1.000000
vt 0.464289 0.995720
vt 0.464286 0.991440
vt 0.664679 0.000000
vt 0.664865 0.000000
vt 0.665054 0.000000
vt 0.266664 0.928571
vt 0.266668 0.925514
vt 0.736588 0.925514
vt 0.736593 0.928571
vt 0.778817 0.000000
vt 0.778999 0.000000
vt 0.779185 0.000000
vt 0.668108 0.000000
vt 0.668244 0.000000
vt 0.668380 0.000000
vt 0.270834 0.928571
vt 0.270834 0.925514
vt 0.272359 0.925514
vt 0.272345 0.928571
vt 0.669639 0.000000
vt 0.669458 0.000000
vt 0.669264 0.000000
vt 0.987225 0.000000
vt 0.988011 0.000000
vt 0.982130 1.000000
vt 0.982139 0.995720
vt 0.982143 0.991440
vt 0.729167 0.925514
vt 0.729167 0.928571
vt 0.784386 0.000000
vt 0.784627 0.000000
vt 0.784868 0.000000
vt 0.727642 0.925514
vt 0.727655 0.928571
vt 0.785429 0.000000
vt 0.785632 0.000000
vt 0.785826 0.000000
vt 0.649135 0.000000
vt 0.649340 0.000000
vt 0.649562 0.000000
vt 0.288309 0.928571
vt 0.288322 0.925514
vt 0.717411 0.925514
vt 0.717426 0.928572
vt 0.771108 0.000000
vt 0.771294 0.000000
vt 0.771501 0.000000
vt 0.654776 0.000000
vt 0.654783 0.000000
vt 0.654790 0.000000
vt 0.291667 0.928571
vt 0.291667 0.925514
vt 0.297408 0.925514
vt 0.297385 0.928572
vt 0.663762 0.000000
vt 0.663570 0.000000
vt 0.663341 0.000000
vt 0.708334 0.925514
vt 0.708334 0.928571
vt 0.783830 0.000000
vt 0.784242 0.000000
vt 0.784655 0.000000
vt 0.791749 0.000000
vt 0.791520 0.000000
vt 0.791260 0.000000
vt 0.702616 0.928572
vt 0.702593 0.925514
vt 0.455545 0.000000
vt 0.455090 0.000000
vt 0.452381 1.000000
vt 0.452381 0.995720
vt 0.452381 0.991440
vt 0.662391 0.000000
vt 0.662390 0.000000
vt 0.662631 0.000000
vt 0.662633 0.000000
vt 0.662873 0.000000
vt 0.662874 0.000000
vt 0.312500 0.928571
vt 0.321538 0.928571
vt 0.321570 0.925514
vt 0.312500 0.925514
vt 0.687743 0.925514
vt 0.687769 0.928571
vt 0.786386 0.000000
vt 0.786612 0.000000
vt 0.786847 0.000000
vt 0.667036 0.000000
vt 0.667175 0.000000
vt 0.667314 0.000000
vt 0.333334 0.928571
vt 0.333334 0.925514
vt 0.668527 0.000000
vt 0.668794 0.000000
vt 0.669043 0.000000
vt 0.337522 0.928571
vt 0.337568 0.925514
vt 1.001361 0.000000
vt 0.999791 0.000000
vt 0.994048 1.000000
vt 0.994048 0.995720
vt 0.994048 0.991440
vt 0.687500 0.925514
vt 0.687500 0.928571
vt 0.786392 0.000000
vt 0.786640 0.000000
vt 0.786887 0.000000
vt 0.786803 0.000000
vt 0.786556 0.000000
vt 0.786309 0.000000
vt 0.666667 0.928571
vt 0.666667 0.925514
vt 0.786563 0.000000
vt 0.786295 0.000000
vt 0.786031 0.000000
vt 0.662479 0.928572
vt 0.662433 0.925514
vt 0.669298 0.000000
vt 0.670337 0.000000
vt 0.670630 0.000000
vt 0.669549 0.000000
vt 0.670918 0.000000
vt 0.669800 0.000000
vt 0.354167 0.928571
vt 0.364531 0.928571
vt 0.364588 0.925514
vt 0.354167 0.925514
vt 0.645834 0.925514
vt 0.645834 0.928571
vt 0.778809 0.000000
vt 0.778912 0.000000
vt 0.779015 0.000000
vt 0.644806 0.925514
vt 0.644871 0.928572
vt 0.778365 0.000000
vt 0.778644 0.000000
vt 0.778953 0.000000
vt 0.431886 0.000000
vt 0.441879 0.000000
vt 0.451872 0.000000
vt 0.375000 0.928571
vt 0.375000 0.925514
vt 0.385247 0.925514
vt 0.385168 0.928571
vt 0.263658 0.000000
vt 0.262479 0.000000
vt 0.262760 0.000000
vt 0.625000 0.925514
vt 0.625000 0.928571
vt 0.371050 0.000000
vt 0.360794 0.000000
vt 0.350538 0.000000
vt 0.186342 0.000000
vt 0.186623 0.000000
vt 0.188322 0.000000
vt 0.614833 0.928571
vt 0.614754 0.925514
vt 0.254208 0.000000
vt 0.254377 0.000000
vt 0.254546 0.000000
vt 0.395834 0.928571
vt 0.395834 0.925514
vt 0.442597 0.000000
vt 0.443101 0.000000
vt 0.440463 1.000000
vt 0.440473 0.995720
vt 0.440476 0.991440
vt 0.239949 0.000000
vt 0.235423 0.000000
vt 0.235055 0.000000
vt 0.240164 0.000000
vt 0.234767 0.000000
vt 0.240379 0.000000
vt 0.416667 0.928571
vt 0.425637 0.928572
vt 0.425766 0.925514
vt 0.416667 0.925514
vt 0.182708 0.000000
vt 0.184174 0.000000
vt 0.184569 0.000000
vt 0.183037 0.000000
vt 0.184965 0.000000
vt 0.183375 0.000000
vt 0.585089 0.928572
vt 0.604167 0.928571
vt 0.604167 0.925514
vt 0.584978 0.925514
vt 0.235307 0.000000
vt 0.234946 0.000000
vt 0.234586 0.000000
vt 0.437500 0.928571
vt 0.437500 0.925514
vt 0.006482 0.000000
vt 0.006001 0.000000
vt 0.005965 1.000000
vt 0.005956 0.995720
vt 0.005952 0.991440
vt 0.583334 0.925514
vt 0.583334 0.928571
vt 0.184367 0.000000
vt 0.184564 0.000000
vt 0.184761 0.000000
vt 0.562500 0.925514
vt 0.562500 0.928571
vt 0.196014 0.000000
vt 0.196249 0.000000
vt 0.196484 0.000000
vt 0.206962 0.000000
vt 0.206693 0.000000
vt 0.206424 0.000000
vt 0.541667 0.928571
vt 0.541667 0.925514
vt 0.520834 0.925514
vt 0.520834 0.928571
vt 0.215420 0.000000
vt 0.215718 0.000000
vt 0.216016 0.000000
vt 0.223490 0.000000
vt 0.223168 0.000000
vt 0.222846 0.000000
vt 0.500000 0.928571
vt 0.500000 0.925514
vt 0.479167 0.925514
vt 0.479167 0.928571
vt 0.228576 0.000000
vt 0.228917 0.000000
vt 0.229257 0.000000
vt 0.233219 0.000000
vt 0.232865 0.000000
vt 0.232512 0.000000
vt 0.458334 0.928571
vt 0.458334 0.925514
vt 0.423527 0.000000
vt 0.425162 0.000000
vt 0.422632 1.000000
vt 0.422622 0.995720
vt 0.422619 0.991440
vt 0.024992 0.000000
vt 0.023939 0.000000
vt 0.023797 1.000000
vt 0.023806 0.995720
vt 0.023810 0.991440
vt 0.412876 0.000000
vt 0.413174 0.000000
vt 0.410714 1.000000
vt 0.410714 0.995720
vt 0.410714 0.991440
vt 0.036222 0.000000
vt 0.035928 0.000000
vt 0.035714 1.000000
vt 0.035714 0.995720
vt 0.035714 0.991440
vt 0.400803 0.000000
vt 0.401185 0.000000
vt 0.398797 1.000000
vt 0.398806 0.995720
vt 0.398810 0.991440
vt 0.048272 0.000000
vt 0.047917 0.000000
vt 0.047632 1.000000
vt 0.047622 0.995720
vt 0.047619 0.991440
vt 0.383809 0.000000
vt 0.383326 0.000000
vt 0.381045 1.000000
vt 0.380982 0.995720
vt 0.380952 0.991440
vt 0.371012 0.000000
vt 0.371257 0.000000
vt 0.369048 1.000000
vt 0.369048 0.995720
vt 0.369048 0.991440
vt 0.078088 0.000000
vt 0.077844 0.000000
vt 0.077381 1.000000
vt 0.077381 0.995720
vt 0.077381 0.991440
vt 0.065293 0.000000
vt 0.065776 0.000000
vt 0.065384 1.000000
vt 0.065447 0.995720
vt 0.065476 0.991440
vt 0.358960 0.000000
vt 0.359295 0.000000
vt 0.357156 1.000000
vt 0.357150 0.995720
vt 0.357143 0.991440
vt 0.090100 0.000000
vt 0.089807 0.000000
vt 0.089272 1.000000
vt 0.089279 0.995720
vt 0.089286 0.991440
vt 0.341688 0.000000
vt 0.341330 0.000000
vt 0.339298 1.000000
vt 0.339289 0.995720
vt 0.339286 0.991440
vt 0.329131 0.000000
vt 0.329341 0.000000
vt 0.327381 1.000000
vt 0.327381 0.995720
vt 0.327381 0.991440
vt 0.119974 0.000000
vt 0.119760 0.000000
vt 0.119048 1.000000
vt 0.119048 0.995720
vt 0.119048 0.991440
vt 0.107414 0.000000
vt 0.107772 0.000000
vt 0.107130 1.000000
vt 0.107139 0.995720
vt 0.107143 0.991440
vt 0.317085 0.000000
vt 0.317379 0.000000
vt 0.315490 1.000000
vt 0.315483 0.995720
vt 0.315476 0.991440
vt 0.132016 0.000000
vt 0.131723 0.000000
vt 0.130939 1.000000
vt 0.130946 0.995720
vt 0.130952 0.991440
vt 0.299772 0.000000
vt 0.299414 0.000000
vt 0.297632 1.000000
vt 0.297622 0.995720
vt 0.297619 0.991440
vt 0.287216 0.000000
vt 0.287425 0.000000
vt 0.285714 1.000000
vt 0.285714 0.995720
vt 0.285714 0.991440
vt 0.161903 0.000000
vt 0.161677 0.000000
vt 0.160714 1.000000
vt 0.160714 0.995720
vt 0.160714 0.991440
vt 0.149330 0.000000
vt 0.149688 0.000000
vt 0.148797 1.000000
vt 0.148806 0.995720
vt 0.148810 0.991440
vt 0.275169 0.000000
vt 0.275463 0.000000
vt 0.273823 1.000000
vt 0.273816 0.995720
vt 0.273810 0.991440
vt 0.173933 0.000000
vt 0.173639 0.000000
vt 0.172606 1.000000
vt 0.172612 0.995720
vt 0.172619 0.991440
vt 0.257856 0.000000
vt 0.257498 0.000000
vt 0.255965 1.000000
vt 0.255956 0.995720
vt 0.255952 0.991440
vt 0.245081 0.000000
vt 0.245509 0.000000
vt 0.244048 1.000000
vt 0.244048 0.995720
vt 0.244048 0.991440
vt 0.204302 0.000000
vt 0.203593 0.000000
vt 0.202381 1.000000
vt 0.202381 0.995720
vt 0.202381 0.991440
vt 0.191246 0.000000
vt 0.191604 0.000000
vt 0.190463 1.000000
vt 0.190473 0.995720
vt 0.190476 0.991440
vt 0.233253 0.000000
vt 0.233546 0.000000
vt 0.232156 1.000000
vt 0.232150 0.995720
vt 0.232143 0.991440
vt 0.215940 0.000000
vt 0.215582 0.000000
vt 0.214298 1.000000
vt 0.214289 0.995720
vt 0.214286 0.991440
vt 0.714286 0.008560
vt 0.714289 0.000000
vt 0.718566 0.000000
vt 0.718749 0.000000
vt 0.732143 0.008560
vt 0.732147 0.000000
vt 0.736531 0.000000
vt 0.736384 0.000000
vt 0.690476 0.008560
vt 0.690473 0.000000
vt 0.694607 0.000000
vt 0.694425 0.000000
vt 0.694240 0.000000
vt 0.755952 0.008560
vt 0.755956 0.000000
vt 0.760482 0.000000
vt 0.760665 0.000000
vt 0.672619 0.008560
vt 0.672615 0.000000
vt 0.676643 0.000000
vt 0.676790 0.000000
vt 0.676927 0.000000
vt 0.773810 0.008560
vt 0.773813 0.000000
vt 0.778447 0.000000
vt 0.778300 0.000000
vt 0.778163 0.000000
vt 0.702381 0.008560
vt 0.702381 0.000000
vt 0.706587 0.000000
vt 0.707136 0.000000
vt 0.707296 0.000000
vt 0.744048 0.008560
vt 0.744048 0.000000
vt 0.748503 0.000000
vt 0.748171 0.000000
vt 0.648810 0.008560
vt 0.648778 0.000000
vt 0.652663 0.000000
vt 0.652380 0.000000
vt 0.797619 0.008560
vt 0.797651 0.000000
vt 0.802427 0.000000
vt 0.802710 0.000000
vt 0.630952 0.008560
vt 0.630950 0.000000
vt 0.634728 0.000000
vt 0.634861 0.000000
vt 0.815476 0.008560
vt 0.815479 0.000000
vt 0.820362 0.000000
vt 0.820229 0.000000
vt 0.660714 0.008560
vt 0.660714 0.000000
vt 0.664671 0.000000
vt 0.664826 0.000000
vt 0.664897 0.000000
vt 0.785714 0.008560
vt 0.785714 0.000000
vt 0.790280 0.000000
vt 0.619048 0.008560
vt 0.619048 0.000000
vt 0.622755 0.000000
vt 0.622877 0.000000
vt 0.622968 0.000000
vt 0.827381 0.008560
vt 0.827381 0.000000
vt 0.832218 0.000000
vt 0.607143 0.008560
vt 0.607111 0.000000
vt 0.610747 0.000000
vt 0.610464 0.000000
vt 0.839286 0.008560
vt 0.839317 0.000000
vt 0.844343 0.000000
vt 0.844626 0.000000
vt 0.589286 0.008560
vt 0.589283 0.000000
vt 0.592812 0.000000
vt 0.592944 0.000000
vt 0.857143 0.008560
vt 0.857146 0.000000
vt 0.862278 0.000000
vt 0.862145 0.000000
vt 0.862015 0.000000
vt 0.577381 0.008560
vt 0.577381 0.000000
vt 0.580963 0.000000
vt 0.869048 0.008560
vt 0.869048 0.000000
vt 0.874127 0.000000
vt 0.565476 0.008560
vt 0.565452 0.000000
vt 0.568837 0.000000
vt 0.568574 0.000000
vt 0.880952 0.008560
vt 0.880977 0.000000
vt 0.886252 0.000000
vt 0.886515 0.000000
vt 0.547619 0.008560
vt 0.547622 0.000000
vt 0.550902 0.000000
vt 0.551119 0.000000
vt 0.898810 0.008560
vt 0.898806 0.000000
vt 0.904188 0.000000
vt 0.903955 0.000000
vt 0.535714 0.008560
vt 0.535714 0.000000
vt 0.538922 0.000000
vt 0.539066 0.000000
vt 0.910714 0.008560
vt 0.910714 0.000000
vt 0.916168 0.000000
vt 0.916023 0.000000
vt 0.523810 0.008560
vt 0.523804 0.002853
vt 0.526956 0.000000
vt 0.528437 0.000000
vt 0.527986 0.000000
vt 0.922619 0.008560
vt 0.922622 0.000000
vt 0.928144 0.000000
vt 0.927148 0.000000
vt 0.526959 0.000000
vt 0.505952 0.008560
vt 0.505956 0.004280
vt 0.509308 0.000000
vt 0.940476 0.008560
vt 0.940473 0.000000
vt 0.946104 0.000000
vt 0.945758 0.000000
vt 0.083334 0.574486
vt 0.084977 0.574486
vt 0.085089 0.571429
vt 0.083334 0.571429
vt 0.687755 0.000000
vt 0.925766 0.574486
vt 0.937500 0.574486
vt 0.937500 0.571429
vt 0.925636 0.571429
vt 0.737940 0.000000
vt 0.738417 0.000000
vt 0.958333 0.574486
vt 0.958333 0.571429
vt 0.732252 0.000000
vt 0.731570 0.000000
vt 0.979167 0.571429
vt 0.979167 0.574486
vt 1.000000 0.574486
vt 1.000000 0.571429
vt 0.726162 0.000000
vt 0.726484 0.000000
vt 0.719010 0.000000
vt 0.718712 0.000000
vt 0.718414 0.000000
vt 0.020834 0.571429
vt 0.000000 0.571429
vt 0.000000 0.574486
vt 0.020834 0.574486
vt 0.709687 0.000000
vt 0.041667 0.571429
vt 0.041667 0.574486
vt 0.062500 0.574486
vt 0.062500 0.571429
vt 0.699478 0.000000
vt 0.104167 0.574486
vt 0.104167 0.571429
vt 0.687959 0.000000
vt 0.687563 0.000000
vt 0.687168 0.000000
vt 0.114833 0.571429
vt 0.114754 0.574486
vt 0.895833 0.574486
vt 0.916667 0.574486
vt 0.916667 0.571429
vt 0.895833 0.571429
vt 0.743158 0.000000
vt 0.757202 0.000000
vt 0.885247 0.574486
vt 0.885168 0.571429
vt 0.765754 0.000000
vt 0.494048 0.008560
vt 0.494048 0.004280
vt 0.497184 0.000000
vt 0.497368 0.000000
vt 0.125000 0.574486
vt 0.125000 0.571429
vt 0.686223 0.000000
vt 0.144871 0.571429
vt 0.144806 0.574486
vt 0.875000 0.571429
vt 0.875000 0.574486
vt 0.864588 0.574486
vt 0.864530 0.571429
vt 0.768870 0.000000
vt 0.769094 0.000000
vt 0.769336 0.000000
vt 0.145834 0.574486
vt 0.145834 0.571429
vt 0.679955 0.000000
vt 0.679589 0.000000
vt 0.162479 0.571429
vt 0.162433 0.574486
vt 0.837568 0.574486
vt 0.854167 0.574486
vt 0.854167 0.571429
vt 0.837521 0.571429
vt 0.952381 0.008560
vt 0.952381 0.000000
vt 0.958084 0.000000
vt 0.957903 0.000000
vt 0.957716 0.000000
vt 0.166667 0.574486
vt 0.166667 0.571429
vt 0.676624 0.000000
vt 0.670876 0.000000
vt 0.187500 0.571429
vt 0.187500 0.574486
vt 0.187769 0.571429
vt 0.187743 0.574486
vt 0.821570 0.574486
vt 0.833333 0.574486
vt 0.833333 0.571429
vt 0.821538 0.571429
vt 0.778014 0.000000
vt 0.777443 0.000000
vt 0.777639 0.000000
vt 0.777835 0.000000
vt 0.778424 0.000000
vt 0.202593 0.574486
vt 0.202616 0.571429
vt 0.670978 0.000000
vt 0.670555 0.000000
vt 0.797408 0.574486
vt 0.812500 0.574486
vt 0.812500 0.571429
vt 0.797385 0.571429
vt 0.780523 0.000000
vt 0.780676 0.000000
vt 0.482143 0.008560
vt 0.482139 0.004280
vt 0.485314 0.000000
vt 0.485380 0.000000
vt 0.208334 0.574486
vt 0.208334 0.571429
vt 0.674455 0.000000
vt 0.217411 0.574486
vt 0.217426 0.571429
vt 0.789672 0.000000
vt 0.789604 0.000000
vt 0.791667 0.571429
vt 0.791667 0.574486
vt 0.788322 0.574486
vt 0.788309 0.571429
vt 0.227641 0.574486
vt 0.227655 0.571429
vt 0.673642 0.000000
vt 0.673464 0.000000
vt 0.673283 0.000000
vt 0.772345 0.571429
vt 0.772359 0.574486
vt 0.964286 0.008560
vt 0.964289 0.000000
vt 0.970063 0.000000
vt 0.969800 0.000000
vt 0.229167 0.574486
vt 0.229167 0.571429
vt 0.673105 0.000000
vt 0.236588 0.574486
vt 0.236593 0.571429
vt 0.781633 0.000000
vt 0.770834 0.571429
vt 0.770834 0.574486
vt 0.766668 0.574486
vt 0.766664 0.571429
vt 0.781638 0.000000
vt 0.242403 0.574486
vt 0.242408 0.571429
vt 0.782403 0.000000
vt 0.782226 0.000000
vt 0.782046 0.000000
vt 0.757593 0.571429
vt 0.757598 0.574486
vt 0.251667 0.571429
vt 0.250000 0.571429
vt 0.250000 0.574486
vt 0.251671 0.574486
vt 0.779847 0.000000
vt 0.751667 0.571429
vt 0.751671 0.574486
vt 0.257598 0.574486
vt 0.257593 0.571429
vt 0.780906 0.000000
vt 0.783725 0.000000
vt 0.783543 0.000000
vt 0.780724 0.000000
vt 0.783360 0.000000
vt 0.780542 0.000000
vt 0.750000 0.571429
vt 0.742408 0.571429
vt 0.742403 0.574486
vt 0.750000 0.574486
vt 0.779185 0.000000
vt 0.778999 0.000000
vt 0.778817 0.000000
vt 0.736593 0.571429
vt 0.736588 0.574486
vt 0.266668 0.574486
vt 0.266664 0.571429
vt 0.665054 0.000000
vt 0.664679 0.000000
vt 0.464286 0.008560
vt 0.464289 0.004280
vt 0.467645 0.000000
vt 0.270834 0.574486
vt 0.272359 0.574486
vt 0.272345 0.571429
vt 0.270834 0.571429
vt 0.669458 0.000000
vt 0.669264 0.000000
vt 0.668108 0.000000
vt 0.784868 0.000000
vt 0.784627 0.000000
vt 0.784386 0.000000
vt 0.729167 0.571429
vt 0.729167 0.574486
vt 0.982143 0.008560
vt 0.982139 0.000000
vt 0.988020 0.000000
vt 0.987397 0.000000
vt 0.727655 0.571429
vt 0.727641 0.574486
vt 0.288322 0.574486
vt 0.288309 0.571429
vt 0.649562 0.000000
vt 0.649340 0.000000
vt 0.649135 0.000000
vt 0.717426 0.571429
vt 0.717411 0.574486
vt 0.291667 0.574486
vt 0.297408 0.574486
vt 0.297385 0.571429
vt 0.291667 0.571429
vt 0.654790 0.000000
vt 0.654776 0.000000
vt 0.708334 0.571429
vt 0.708334 0.574486
vt 0.702593 0.574486
vt 0.702616 0.571429
vt 0.786847 0.000000
vt 0.687769 0.571429
vt 0.687743 0.574486
vt 0.321538 0.571429
vt 0.312500 0.571429
vt 0.312500 0.574486
vt 0.321570 0.574486
vt 0.452381 0.008560
vt 0.452381 0.004280
vt 0.455323 0.000000
vt 0.337522 0.571429
vt 0.333334 0.571429
vt 0.333334 0.574486
vt 0.337568 0.574486
vt 0.994048 0.008560
vt 0.994048 0.000000
vt 0.999944 0.000000
vt 1.000902 0.000000
vt 0.662433 0.574486
vt 0.666667 0.574486
vt 0.666667 0.571429
vt 0.662479 0.571429
vt 0.786556 0.000000
vt 0.786803 0.000000
vt 0.687500 0.574486
vt 0.687500 0.571429
vt 0.786392 0.000000
vt 0.786640 0.000000
vt 0.786887 0.000000
vt 0.645834 0.571429
vt 0.645834 0.574486
vt 0.778953 0.000000
vt 0.778644 0.000000
vt 0.778365 0.000000
vt 0.644871 0.571429
vt 0.644806 0.574486
vt 0.354167 0.574486
vt 0.354167 0.571429
vt 0.669800 0.000000
vt 0.669549 0.000000
vt 0.364588 0.574486
vt 0.364531 0.571429
vt 0.262760 0.000000
vt 0.431886 0.000000
vt 0.262479 0.000000
vt 0.263658 0.000000
vt 0.385168 0.571429
vt 0.375000 0.571429
vt 0.375000 0.574486
vt 0.385247 0.574486
vt 0.625000 0.571429
vt 0.625000 0.574486
vt 0.614754 0.574486
vt 0.614833 0.571429
vt 0.188322 0.000000
vt 0.186623 0.000000
vt 0.186342 0.000000
vt 0.183375 0.000000
vt 0.604167 0.571429
vt 0.585089 0.571429
vt 0.584977 0.574486
vt 0.604167 0.574486
vt 0.240164 0.000000
vt 0.425637 0.571429
vt 0.416667 0.571429
vt 0.416667 0.574486
vt 0.425766 0.574486
vt 0.440476 0.008560
vt 0.440473 0.004280
vt 0.442764 0.000000
vt 0.395834 0.574486
vt 0.395834 0.571429
vt 0.254208 0.000000
vt 0.005952 0.008560
vt 0.005956 0.004280
vt 0.006314 0.000000
vt 0.437500 0.574486
vt 0.437500 0.571429
vt 0.234946 0.000000
vt 0.458334 0.574486
vt 0.458334 0.571429
vt 0.233219 0.000000
vt 0.229257 0.000000
vt 0.228917 0.000000
vt 0.479167 0.571429
vt 0.479167 0.574486
vt 0.500000 0.574486
vt 0.500000 0.571429
vt 0.520834 0.574486
vt 0.520834 0.571429
vt 0.215420 0.000000
vt 0.215718 0.000000
vt 0.216016 0.000000
vt 0.206962 0.000000
vt 0.206693 0.000000
vt 0.206424 0.000000
vt 0.541667 0.571429
vt 0.541667 0.574486
vt 0.562500 0.574486
vt 0.562500 0.571429
vt 0.196249 0.000000
vt 0.196484 0.000000
vt 0.583334 0.574486
vt 0.583334 0.571429
vt 0.184366 0.000000
vt 0.422619 0.008560
vt 0.422622 0.004280
vt 0.424154 0.000000
vt 0.023810 0.008560
vt 0.023806 0.004280
vt 0.025074 0.000000
vt 0.024992 0.000000
vt 0.410714 0.008560
vt 0.410714 0.004280
vt 0.413028 0.000000
vt 0.412876 0.000000
vt 0.035714 0.008560
vt 0.035714 0.004280
vt 0.036072 0.000000
vt 0.398810 0.008560
vt 0.398806 0.004280
vt 0.400961 0.000000
vt 0.047619 0.008560
vt 0.047622 0.004280
vt 0.048125 0.000000
vt 0.380952 0.008560
vt 0.380982 0.004280
vt 0.383521 0.000000
vt 0.383809 0.000000
vt 0.369048 0.008560
vt 0.369048 0.004280
vt 0.371133 0.000000
vt 0.077381 0.008560
vt 0.077381 0.004280
vt 0.077969 0.000000
vt 0.078088 0.000000
vt 0.065476 0.008560
vt 0.065447 0.004280
vt 0.065580 0.000000
vt 0.357143 0.008560
vt 0.357150 0.004280
vt 0.359125 0.000000
vt 0.358960 0.000000
vt 0.089286 0.008560
vt 0.089279 0.004280
vt 0.089963 0.000000
vt 0.339286 0.008560
vt 0.339289 0.004280
vt 0.341503 0.000000
vt 0.341688 0.000000
vt 0.327381 0.008560
vt 0.327381 0.004280
vt 0.329223 0.000000
vt 0.119048 0.008560
vt 0.119048 0.004280
vt 0.119883 0.000000
vt 0.119974 0.000000
vt 0.107143 0.008560
vt 0.107139 0.004280
vt 0.107599 0.000000
vt 0.107414 0.000000
vt 0.315476 0.008560
vt 0.315483 0.004280
vt 0.317222 0.000000
vt 0.130952 0.008560
vt 0.130946 0.004280
vt 0.131880 0.000000
vt 0.297619 0.008560
vt 0.297622 0.004280
vt 0.299587 0.000000
vt 0.285714 0.008560
vt 0.285714 0.004280
vt 0.287286 0.000000
vt 0.287216 0.000000
vt 0.160714 0.008560
vt 0.160714 0.004280
vt 0.161832 0.000000
vt 0.161903 0.000000
vt 0.148810 0.008560
vt 0.148806 0.004280
vt 0.149515 0.000000
vt 0.273810 0.008560
vt 0.273816 0.004280
vt 0.275306 0.000000
vt 0.172619 0.008560
vt 0.172612 0.004280
vt 0.173796 0.000000
vt 0.255952 0.008560
vt 0.255956 0.004280
vt 0.257671 0.000000
vt 0.244048 0.008560
vt 0.244048 0.004280
vt 0.245177 0.000000
vt 0.245081 0.000000
vt 0.202381 0.008560
vt 0.202381 0.004280
vt 0.204142 0.000000
vt 0.190476 0.008560
vt 0.190473 0.004280
vt 0.191431 0.000000
vt 0.232143 0.008560
vt 0.232150 0.004280
vt 0.233390 0.000000
vt 0.214286 0.008560
vt 0.214289 0.004280
vt 0.215755 0.000000
vt 0.215940 0.000000
s 1
usemtl 
f 1/1/1 4/2/2 6/3/3 5/4/4
f 4/2/2 8/5/5 9/5/6 6/3/3
s 0
f 2/6/7 7/7/7 9/7/7 8/7/7
s 1
f 7/8/8 11/9/9 12/10/10 9/8/6
f 3/11/11 10/12/12 12/10/10 11/9/9
f 10/13/12 5/4/4 6/3/3 12/14/10
f 6/3/3 9/5/6 12/14/10
f 17/15/13 20/16/14 22/17/15 21/18/16
f 20/16/14 24/19/17 25/20/18 22/17/15
s 0
f 18/21/19 23/22/19 25/23/19 24/24/19
s 1
f 23/25/20 27/26/21 28/27/22 25/20/18
f 19/28/23 26/29/24 28/27/22 27/26/21
f 26/29/24 21/18/16 22/17/15 28/27/22
f 22/17/15 25/20/18 28/27/22
f 29/30/25 32/31/26 34/32/27 33/33/28
f 32/31/26 36/34/29 37/35/30 34/32/27
s 0
f 30/36/31 35/37/31 37/38/31 36/39/31
s 1
f 35/40/32 39/41/33 40/42/34 37/35/30
f 31/43/35 38/44/36 40/42/34 39/41/33
f 38/44/36 33/33/28 34/32/27 40/42/34
f 34/32/27 37/35/30 40/42/34
f 45/45/37 48/46/38 50/47/39 49/48/40
f 48/46/38 52/49/41 53/50/42 50/47/39
s 0
f 46/51/43 51/52/43 53/52/43 52/52/43
s 1
f 51/49/44 55/53/45 56/54/46 53/50/42
f 47/55/47 54/56/48 56/54/46 55/53/45
f 54/56/48 49/48/40 50/47/39 56/54/46
f 50/47/39 53/50/42 56/54/46
f 61/57/49 64/58/50 66/59/51 65/60/52
f 64/58/50 68/61/53 69/61/54 66/59/51
s 0
f 62/62/55 67/63/55 69/63/55 68/63/55
s 1
f 67/61/56 71/64/57 72/65/58 69/61/54
f 63/66/59 70/67/60 72/65/58 71/64/57
f 70/67/60 65/60/52 66/59/51 72/65/58
f 66/59/51 69/61/54 72/65/58
f 77/68/61 80/69/62 82/70/63 81/71/64
f 80/69/62 84/72/65 85/73/66 82/70/63
s 0
f 78/74/67 83/75/67 85/76/67 84/77/67
s 1
f 83/78/68 87/79/69 88/80/70 85/73/66
f 79/81/71 86/82/72 88/80/70 87/79/69
f 86/82/72 81/71/64 82/70/63 88/80/70
f 82/70/63 85/73/66 88/80/70
f 89/83/73 92/84/74 94/85/75 93/86/76
f 92/84/74 96/87/77 97/88/78 94/85/75
s 0
f 90/89/79 95/90/79 97/91/79 96/92/79
s 1
f 95/93/80 99/94/81 100/95/82 97/88/78
f 91/96/83 98/97/84 100/95/82 99/94/81
f 98/97/84 93/86/76 94/85/75 100/95/82
f 94/85/75 97/88/78 100/95/82
f 105/98/85 108/99/86 110/100/87 109/101/88
f 108/99/86 112/102/89 113/103/90 110/100/87
f 106/104/91 111/105/92 113/103/90 112/102/89
f 111/105/92 115/106/93 116/107/94 113/103/90
s 0
f 107/108/95 114/109/95 116/109/95 115/109/95
s 1
f 114/106/96 109/101/88 110/100/87 116/107/94
f 110/100/87 113/103/90 116/107/94
f 121/110/97 124/111/98 126/112/99 125/113/100
f 124/111/98 128/114/101 129/114/102 126/112/99
s 0
f 122/115/103 127/116/103 129/116/103 128/116/103
s 1
f 127/114/104 131/117/105 132/118/106 129/114/102
f 123/119/107 130/120/108 132/118/106 131/117/105
f 130/120/108 125/113/100 126/112/99 132/118/106
f 126/112/99 129/114/102 132/118/106
f 137/121/109 140/122/110 142/123/111 141/124/112
f 140/122/110 144/125/113 145/126/114 142/123/111
s 0
f 138/127/115 143/128/115 145/129/115 144/130/115
s 1
f 143/131/116 147/132/117 148/133/118 145/126/114
f 139/134/119 146/135/120 148/133/118 147/132/117
f 146/135/120 141/124/112 142/123/111 148/133/118
f 142/123/111 145/126/114 148/133/118
f 149/136/121 152/137/122 154/138/123 153/139/124
f 152/137/122 156/140/125 157/141/126 154/138/123
f 150/142/127 155/143/128 157/141/126 156/140/125
f 155/143/128 159/144/129 160/145/130 157/141/126
s 0
f 151/146/131 158/147/131 160/148/131 159/149/131
s 1
f 158/150/132 153/139/124 154/138/123 160/145/130
f 154/138/123 157/141/126 160/145/130
f 165/151/133 168/152/134 170/153/135 169/154/136
f 168/152/134 172/155/137 173/156/138 170/153/135
f 166/157/139 171/158/140 173/156/138 172/155/137
f 171/158/140 175/159/141 176/160/142 173/156/138
s 0
f 167/161/143 174/162/143 176/162/143 175/162/143
s 1
f 174/159/144 169/154/136 170/153/135 176/160/142
f 170/153/135 173/156/138 176/160/142
f 181/163/145 184/164/146 186/165/147 185/166/148
f 184/164/146 188/167/149 189/167/150 186/165/147
s 0
f 182/168/151 187/169/151 189/169/151 188/169/151
s 1
f 187/167/152 191/170/153 192/171/154 189/167/150
f 183/172/155 190/173/156 192/171/154 191/170/153
f 190/173/156 185/166/148 186/165/147 192/171/154
f 186/165/147 189/167/150 192/171/154
f 197/174/157 200/175/158 202/176/159 201/177/160
f 200/175/158 204/178/161 205/179/162 202/176/159
s 0
f 198/180/163 203/181/163 205/182/163 204/183/163
s 1
f 203/184/164 207/185/165 208/186/166 205/179/162
f 199/187/167 206/188/168 208/186/166 207/185/165
f 206/188/168 201/177/160 202/176/159 208/186/166
f 202/176/159 205/179/162 208/186/166
f 209/189/169 212/190/170 214/191/171 213/192/172
f 212/190/170 216/193/173 217/194/174 214/191/171
f 210/195/175 215/196/176 217/194/174 216/193/173
f 215/196/176 219/197/177 220/198/178 217/194/174
s 0
f 211/199/179 218/200/179 220/201/179 219/202/179
s 1
f 218/203/180 213/192/172 214/191/171 220/198/178
f 214/191/171 217/194/174 220/198/178
f 225/204/181 228/205/182 230/206/183 229/207/184
f 228/205/182 232/208/185 233/209/186 230/206/183
f 226/210/187 231/211/188 233/209/186 232/208/185
f 231/211/188 235/212/189 236/212/190 233/209/186
s 0
f 227/213/191 234/214/191 236/214/191 235/214/191
s 1
f 234/212/192 229/207/184 230/206/183 236/212/190
f 230/206/183 233/209/186 236/212/190
f 241/215/193 244/216/194 246/217/195 245/218/196
f 244/216/194 248/219/197 249/219/198 246/217/195
s 0
f 242/220/199 247/221/199 249/221/199 248/221/199
s 1
f 247/219/200 251/222/201 252/223/202 249/219/198
f 243/224/203 250/225/204 252/223/202 251/222/201
f 250/225/204 245/218/196 246/217/195 252/223/202
f 246/217/195 249/219/198 252/223/202
f 257/226/205 260/227/206 262/228/207 261/229/208
f 260/227/206 264/230/209 265/231/210 262/228/207
s 0
f 258/232/211 263/233/211 265/234/211 264/235/211
s 1
f 263/236/212 267/237/213 268/238/214 265/231/210
f 259/239/215 266/240/216 268/238/214 267/237/213
f 266/240/216 261/229/208 262/228/207 268/238/214
f 262/228/207 265/231/210 268/238/214
f 269/241/217 272/242/218 274/243/219 273/244/220
f 272/242/218 276/245/221 277/246/222 274/243/219
f 270/247/223 275/248/224 277/246/222 276/245/221
f 275/248/224 279/249/225 280/250/226 277/246/222
s 0
f 271/251/227 278/252/227 280/253/227 279/254/227
s 1
f 278/255/228 273/244/220 274/243/219 280/250/226
f 274/243/219 277/246/222 280/250/226
f 285/256/229 288/257/230 290/258/231 289/259/232
f 288/257/230 292/260/233 293/261/234 290/258/231
f 286/262/235 291/263/236 293/261/234 292/260/233
f 291/263/236 295/264/237 296/265/238 293/261/234
s 0
f 287/266/239 294/267/239 296/267/239 295/267/239
s 1
f 294/264/240 289/259/232 290/258/231 296/265/238
f 290/258/231 293/261/234 296/265/238
f 301/268/241 304/269/242 306/270/243 305/271/244
f 304/269/242 308/272/245 309/273/246 306/270/243
s 0
f 302/274/247 307/275/247 309/275/247 308/275/247
s 1
f 307/272/248 311/276/249 312/277/250 309/273/246
f 303/278/251 310/279/252 312/277/250 311/276/249
f 310/279/252 305/271/244 306/270/243 312/277/250
f 306/270/243 309/273/246 312/277/250
f 317/280/253 320/281/254 322/282/255 321/283/256
f 320/281/254 324/284/257 325/285/258 322/282/255
f 318/286/259 323/287/260 325/285/258 324/284/257
f 323/287/260 327/288/261 328/289/262 325/285/258
s 0
f 319/290/263 326/291/263 328/292/263 327/293/263
s 1
f 326/294/264 321/283/256 322/282/255 328/289/262
f 322/282/255 325/285/258 328/289/262
f 329/295/265 332/296/266 334/297/267 333/298/268
f 332/296/266 336/299/269 337/300/270 334/297/267
f 330/301/271 335/302/272 337/300/270 336/299/269
f 335/302/272 339/303/273 340/304/274 337/300/270
s 0
f 331/305/275 338/306/275 340/307/275 339/308/275
s 1
f 338/309/276 333/298/268 334/297/267 340/304/274
f 334/297/267 337/300/270 340/304/274
f 345/310/277 348/311/278 350/312/279 349/313/280
f 348/311/278 352/314/281 353/315/282 350/312/279
f 346/316/283 351/317/284 353/315/282 352/314/281
f 351/317/284 355/318/285 356/319/286 353/315/282
s 0
f 347/320/287 354/321/287 356/321/287 355/321/287
s 1
f 354/318/288 349/313/280 350/312/279 356/319/286
f 350/312/279 353/315/282 356/319/286
f 361/322/289 364/323/290 366/324/291 365/325/292
f 364/323/290 368/326/293 369/327/294 366/324/291
f 362/328/295 367/329/296 369/327/294 368/326/293
f 367/329/296 371/330/297 372/330/298 369/327/294
s 0
f 363/331/299 370/332/299 372/332/299 371/332/299
s 1
f 370/330/300 365/325/292 366/324/291 372/330/298
f 366/324/291 369/327/294 372/330/298
f 377/333/301 380/334/302 382/335/303 381/336/304
f 380/334/302 384/337/305 385/338/306 382/335/303
f 378/339/307 383/340/308 385/338/306 384/337/305
f 383/340/308 387/341/309 388/342/310 385/338/306
s 0
f 379/343/311 386/344/311 388/345/311 387/346/311
s 1
f 386/347/312 381/336/304 382/335/303 388/342/310
f 382/335/303 385/338/306 388/342/310
f 389/348/313 392/349/314 394/350/315 393/351/316
f 392/349/314 396/352/317 397/353/318 394/350/315
f 390/354/319 395/355/320 397/353/318 396/352/317
f 395/355/320 399/356/321 400/357/322 397/353/318
s 0
f 391/358/323 398/359/323 400/360/323 399/361/323
s 1
f 398/362/324 393/351/316 394/350/315 400/357/322
f 394/350/315 397/353/318 400/357/322
f 405/363/325 408/364/326 410/365/327 409/366/328
f 408/364/326 412/367/329 413/368/330 410/365/327
f 406/369/331 411/370/332 413/368/330 412/367/329
f 411/370/332 415/371/333 416/371/334 413/368/330
s 0
f 407/372/335 414/373/335 416/373/335 415/373/335
s 1
f 414/371/336 409/366/328 410/365/327 416/371/334
f 410/365/327 413/368/330 416/371/334
f 421/374/337 424/375/338 426/376/339 425/377/340
f 424/375/338 428/378/341 429/379/342 426/376/339
f 422/380/343 427/381/344 429/379/342 428/378/341
f 427/381/344 431/382/345 432/383/346 429/379/342
s 0
f 423/384/347 430/385/347 432/385/347 431/385/347
s 1
f 430/382/348 425/377/340 426/376/339 432/383/346
f 426/376/339 429/379/342 432/383/346
f 437/386/349 440/387/350 442/388/351 441/389/352
f 440/387/350 444/390/353 445/391/354 442/388/351
f 438/392/355 443/393/356 445/391/354 444/390/353
f 443/393/356 447/394/357 448/395/358 445/391/354
s 0
f 439/396/359 446/397/359 448/398/359 447/399/359
s 1
f 446/400/360 441/389/352 442/388/351 448/395/358
f 442/388/351 445/391/354 448/395/358
f 449/401/361 452/402/362 454/403/363 453/404/364
f 452/402/362 456/405/365 457/406/366 454/403/363
f 450/407/367 455/408/368 457/406/366 456/405/365
f 455/408/368 459/409/369 460/410/370 457/406/366
s 0
f 451/411/371 458/412/371 460/413/371 459/414/371
s 1
f 458/415/372 453/404/364 454/403/363 460/410/370
f 454/403/363 457/406/366 460/410/370
f 465/416/373 468/417/374 470/418/375 469/419/376
f 468/417/374 472/420/377 473/421/378 470/418/375
f 466/422/379 471/423/380 473/421/378 472/420/377
f 471/423/380 475/424/381 476/425/382 473/421/378
s 0
f 467/426/383 474/427/383 476/427/383 475/427/383
s 1
f 474/424/384 469/419/376 470/418/375 476/425/382
f 470/418/375 473/421/378 476/425/382
f 481/428/385 484/429/386 486/430/387 485/431/388
f 484/429/386 488/432/389 489/433/390 486/430/387
f 482/434/391 487/435/392 489/433/390 488/432/389
f 487/435/392 491/436/393 492/436/394 489/433/390
s 0
f 483/437/395 490/438/395 492/438/395 491/438/395
s 1
f 490/436/396 485/431/388 486/430/387 492/436/394
f 486/430/387 489/433/390 492/436/394
f 497/439/397 500/440/398 502/441/399 501/442/400
f 500/440/398 504/443/401 505/444/402 502/441/399
f 498/445/403 503/446/404 505/444/402 504/443/401
f 503/446/404 507/447/405 508/448/406 505/444/402
s 0
f 499/449/407 506/450/407 508/451/407 507/452/407
s 1
f 506/453/408 501/442/400 502/441/399 508/448/406
f 502/441/399 505/444/402 508/448/406
f 509/454/409 512/455/410 514/456/411 513/457/412
f 512/455/410 516/458/413 517/459/414 514/456/411
f 510/460/415 515/461/416 517/459/414 516/458/413
f 515/461/416 519/462/417 520/463/418 517/459/414
s 0
f 511/464/419 518/465/419 520/466/419 519/467/419
s 1
f 518/468/420 513/457/412 514/456/411 520/463/418
f 514/456/411 517/459/414 520/463/418
f 525/469/421 528/470/422 530/471/423 529/472/424
f 528/470/422 532/473/425 533/474/426 530/471/423
f 526/475/427 531/476/428 533/474/426 532/473/425
f 531/476/428 535/477/429 536/477/430 533/474/426
s 0
f 527/478/431 534/479/431 536/479/431 535/479/431
s 1
f 534/477/432 529/472/424 530/471/423 536/477/430
f 530/471/423 533/474/426 536/477/430
f 541/480/433 544/481/434 546/482/435 545/483/436
f 544/481/434 548/484/437 549/485/438 546/482/435
f 542/486/439 547/487/440 549/485/438 548/484/437
f 547/487/440 551/488/441 552/488/442 549/485/438
s 0
f 543/489/443 550/490/443 552/490/443 551/490/443
s 1
f 550/488/444 545/483/436 546/482/435 552/488/442
f 546/482/435 549/485/438 552/488/442
f 557/491/445 560/492/446 562/493/447 561/494/448
f 560/492/446 564/495/449 565/496/450 562/493/447
f 558/497/451 563/498/452 565/496/450 564/495/449
f 563/498/452 567/499/453 568/500/454 565/496/450
s 0
f 559/501/455 566/502/455 568/503/455 567/504/455
s 1
f 566/505/456 561/494/448 562/493/447 568/500/454
f 562/493/447 565/496/450 568/500/454
f 569/506/457 572/507/458 574/508/459 573/509/460
f 572/507/458 576/510/461 577/511/462 574/508/459
f 570/512/463 575/513/464 577/511/462 576/510/461
f 575/513/464 579/514/465 580/515/466 577/511/462
s 0
f 571/516/467 578/517/467 580/518/467 579/519/467
s 1
f 578/520/468 573/509/460 574/508/459 580/515/466
f 574/508/459 577/511/462 580/515/466
f 585/521/469 588/522/470 590/523/471 589/524/472
f 588/522/470 592/525/473 593/526/474 590/523/471
f 586/527/475 591/528/476 593/526/474 592/525/473
f 591/528/476 595/529/477 596/529/478 593/526/474
s 0
f 587/530/479 594/531/479 596/531/479 595/531/479
s 1
f 594/529/480 589/524/472 590/523/471 596/529/478
f 590/523/471 593/526/474 596/529/478
f 601/532/481 604/533/482 606/534/483 605/535/484
f 604/533/482 608/536/485 609/537/486 606/534/483
f 602/538/487 607/539/488 609/537/486 608/536/485
f 607/539/488 611/540/489 612/541/490 609/537/486
s 0
f 603/542/491 610/543/491 612/543/491 611/543/491
s 1
f 610/540/492 605/535/484 606/534/483 612/541/490
f 606/534/483 609/537/486 612/541/490
f 617/544/493 620/545/494 622/546/495 621/547/496
f 620/545/494 624/548/497 625/549/498 622/546/495
f 618/550/499 623/551/500 625/549/498 624/548/497
f 623/551/500 627/552/501 628/553/502 625/549/498
s 0
f 619/554/503 626/555/503 628/556/503 627/557/503
s 1
f 626/558/504 621/547/496 622/546/495 628/553/502
f 622/546/495 625/549/498 628/553/502
f 629/559/505 632/560/506 634/561/507 633/562/508
f 632/560/506 636/563/509 637/564/510 634/561/507
f 630/565/511 635/566/512 637/564/510 636/563/509
f 635/566/512 639/567/513 640/568/514 637/564/510
s 0
f 631/569/515 638/570/515 640/571/515 639/572/515
s 1
f 638/573/516 633/562/508 634/561/507 640/568/514
f 634/561/507 637/564/510 640/568/514
f 645/574/517 648/575/518 650/576/519 649/577/520
f 648/575/518 652/578/521 653/579/522 650/576/519
f 646/580/523 651/581/524 653/579/522 652/578/521
f 651/581/524 655/582/525 656/583/526 653/579/522
s 0
f 647/584/527 654/585/527 656/585/527 655/585/527
s 1
f 654/582/528 649/577/520 650/576/519 656/583/526
f 650/576/519 653/579/522 656/583/526
f 661/586/529 664/587/530 666/588/531 665/589/532
f 664/587/530 668/590/533 669/591/534 666/588/531
f 662/592/535 667/593/536 669/591/534 668/590/533
f 667/593/536 671/594/537 672/594/538 669/591/534
s 0
f 663/595/539 670/596/539 672/596/539 671/596/539
s 1
f 670/594/540 665/589/532 666/588/531 672/594/538
f 666/588/531 669/591/534 672/594/538
f 677/597/541 680/598/542 682/599/543 681/600/544
f 680/598/542 684/601/545 685/602/546 682/599/543
f 678/603/547 683/604/548 685/602/546 684/601/545
f 683/604/548 687/605/549 688/606/550 685/602/546
s 0
f 679/607/551 686/608/551 688/609/551 687/610/551
s 1
f 686/611/552 681/600/544 682/599/543 688/606/550
f 682/599/543 685/602/546 688/606/550
f 689/612/553 692/613/554 694/614/555 693/615/556
f 692/613/554 696/616/557 697/617/558 694/614/555
f 690/618/559 695/619/560 697/617/558 696/616/557
f 695/619/560 699/620/561 700/621/562 697/617/558
s 0
f 691/622/563 698/623/563 700/624/563 699/625/563
s 1
f 698/626/564 693/615/556 694/614/555 700/621/562
f 694/614/555 697/617/558 700/621/562
f 705/627/565 708/628/566 710/629/567 709/630/568
f 708/628/566 712/631/569 713/632/570 710/629/567
f 706/633/571 711/634/572 713/632/570 712/631/569
f 711/634/572 715/635/573 716/635/574 713/632/570
s 0
f 707/636/575 714/637/575 716/637/575 715/637/575
s 1
f 714/635/576 709/630/568 710/629/567 716/635/574
f 710/629/567 713/632/570 716/635/574
f 721/638/577 724/639/578 726/640/579 725/641/580
f 724/639/578 728/642/581 729/643/582 726/640/579
f 722/644/583 727/645/584 729/643/582 728/642/581
f 727/645/584 731/646/585 732/646/586 729/643/582
s 0
f 723/647/587 730/648/587 732/648/587 731/648/587
s 1
f 730/646/588 725/641/580 726/640/579 732/646/586
f 726/640/579 729/643/582 732/646/586
f 737/649/589 740/650/590 742/651/591 741/652/592
f 740/650/590 744/653/593 745/654/594 742/651/591
f 738/655/595 743/656/596 745/654/594 744/653/593
f 743/656/596 747/657/597 748/658/598 745/654/594
s 0
f 739/659/599 746/660/599 748/661/599 747/662/599
s 1
f 746/663/600 741/652/592 742/651/591 748/658/598
f 742/651/591 745/654/594 748/658/598
f 749/664/601 752/665/602 754/666/603 753/667/604
f 752/665/602 756/668/605 757/669/606 754/666/603
f 750/670/607 755/671/608 757/669/606 756/668/605
f 755/671/608 759/672/609 760/673/610 757/669/606
s 0
f 751/674/611 758/675/611 760/676/611 759/677/611
s 1
f 758/678/612 753/667/604 754/666/603 760/673/610
f 754/666/603 757/669/606 760/673/610
f 765/679/613 768/680/614 770/681/615 769/682/616
f 768/680/614 772/683/617 773/684/618 770/681/615
f 766/685/619 771/686/620 773/684/618 772/683/617
f 771/686/620 775/687/621 776/687/622 773/684/618
s 0
f 767/688/623 774/689/623 776/689/623 775/689/623
s 1
f 774/687/624 769/682/616 770/681/615 776/687/622
f 770/681/615 773/684/618 776/687/622
f 781/690/625 784/691/626 786/692/627 785/693/628
f 784/691/626 788/694/629 789/695/630 786/692/627
f 782/696/631 787/697/632 789/695/630 788/694/629
f 787/697/632 791/698/633 792/698/634 789/695/630
s 0
f 783/699/635 790/700/635 792/700/635 791/700/635
s 1
f 790/698/636 785/693/628 786/692/627 792/698/634
f 786/692/627 789/695/630 792/698/634
f 797/701/637 800/702/638 802/703/639 801/704/640
f 800/702/638 804/705/641 805/706/642 802/703/639
f 798/707/643 803/708/644 805/706/642 804/705/641
f 803/708/644 807/709/645 808/710/646 805/706/642
s 0
f 799/711/647 806/712/647 808/713/647 807/714/647
s 1
f 806/715/648 801/704/640 802/703/639 808/710/646
f 802/703/639 805/706/642 808/710/646
f 809/716/649 812/717/650 814/718/651 813/719/652
f 812/717/650 816/720/653 817/721/654 814/718/651
f 810/722/655 815/723/656 817/721/654 816/720/653
f 815/723/656 819/724/657 820/725/658 817/721/654
s 0
f 811/726/659 818/727/659 820/728/659 819/729/659
s 1
f 818/730/660 813/719/652 814/718/651 820/725/658
f 814/718/651 817/721/654 820/725/658
f 825/731/661 828/732/662 830/733/663 829/734/664
f 828/732/662 832/735/665 833/736/666 830/733/663
f 826/737/667 831/738/668 833/736/666 832/735/665
f 831/738/668 835/739/669 836/740/670 833/736/666
s 0
f 827/741/671 834/742/671 836/742/671 835/742/671
s 1
f 834/739/672 829/734/664 830/733/663 836/740/670
f 830/733/663 833/736/666 836/740/670
f 841/743/673 844/744/674 846/745/675 845/746/676
f 844/744/674 848/747/677 849/748/678 846/745/675
f 842/749/679 847/750/680 849/748/678 848/747/677
f 847/750/680 851/751/681 852/752/682 849/748/678
s 0
f 843/753/683 850/754/683 852/754/683 851/754/683
s 1
f 850/751/684 845/746/676 846/745/675 852/752/682
f 846/745/675 849/748/678 852/752/682
f 857/755/685 860/756/686 862/757/687 861/758/688
f 860/756/686 864/759/689 865/760/690 862/757/687
f 858/761/691 863/762/692 865/760/690 864/759/689
f 863/762/692 867/763/693 868/764/694 865/760/690
s 0
f 859/765/695 866/766/695 868/767/695 867/768/695
s 1
f 866/769/696 861/758/688 862/757/687 868/764/694
f 862/757/687 865/760/690 868/764/694
f 869/770/697 872/771/698 874/772/699 873/773/700
f 872/771/698 876/774/701 877/775/702 874/772/699
s 0
f 870/776/703 875/777/703 877/778/703 876/779/703
s 1
f 875/780/704 879/781/705 880/782/706 877/775/702
f 871/783/707 878/784/708 880/782/706 879/781/705
f 878/784/708 873/773/700 874/772/699 880/782/706
f 874/772/699 877/775/702 880/782/706
f 885/785/709 888/786/710 890/787/711 889/788/712
f 888/786/710 892/789/713 893/789/714 890/787/711
s 0
f 886/790/715 891/791/715 893/791/715 892/791/715
s 1
f 891/789/716 895/792/717 896/793/718 893/789/714
f 887/794/719 894/795/720 896/793/718 895/792/717
f 894/795/720 889/788/712 890/787/711 896/793/718
f 890/787/711 893/789/714 896/793/718
f 901/796/721 904/797/722 906/798/723 905/799/724
f 904/797/722 908/800/725 909/801/726 906/798/723
f 902/802/727 907/803/728 909/801/726 908/800/725
f 907/803/728 911/804/729 912/804/730 909/801/726
s 0
f 903/805/731 910/806/731 912/806/731 911/806/731
s 1
f 910/804/732 905/799/724 906/798/723 912/804/730
f 906/798/723 909/801/726 912/804/730
f 917/807/733 920/808/734 922/809/735 921/810/736
f 920/808/734 924/811/737 925/812/738 922/809/735
f 918/813/739 923/814/740 925/812/738 924/811/737
f 923/814/740 927/815/741 928/816/742 925/812/738
s 0
f 919/817/743 926/818/743 928/819/743 927/820/743
s 1
f 926/821/744 921/810/736 922/809/735 928/816/742
f 922/809/735 925/812/738 928/816/742
f 929/822/745 932/823/746 934/824/747 933/825/748
f 932/823/746 936/826/749 937/827/750 934/824/747
s 0
f 930/828/751 935/829/751 937/830/751 936/831/751
s 1
f 935/832/752 939/833/753 940/834/754 937/827/750
f 931/835/755 938/836/756 940/834/754 939/833/753
f 938/836/756 933/825/748 934/824/747 940/834/754
f 934/824/747 937/827/750 940/834/754
f 945/837/757 948/838/758 950/839/759 949/840/760
f 948/838/758 952/841/761 953/841/762 950/839/759
s 0
f 946/842/763 951/843/763 953/843/763 952/843/763
s 1
f 951/841/764 955/844/765 956/845/766 953/841/762
f 947/846/767 954/847/768 956/845/766 955/844/765
f 954/847/768 949/840/760 950/839/759 956/845/766
f 950/839/759 953/841/762 956/845/766
f 961/848/769 964/849/770 966/850/771 965/851/772
f 964/849/770 968/852/773 969/853/774 966/850/771
f 962/854/775 967/855/776 969/853/774 968/852/773
f 967/855/776 971/856/777 972/856/778 969/853/774
s 0
f 963/857/779 970/858/779 972/858/779 971/858/779
s 1
f 970/856/780 965/851/772 966/850/771 972/856/778
f 966/850/771 969/853/774 972/856/778
f 977/859/781 980/860/782 982/861/783 981/862/784
f 980/860/782 984/863/785 985/864/786 982/861/783
f 978/865/787 983/866/788 985/864/786 984/863/785
f 983/866/788 987/867/789 988/868/790 985/864/786
s 0
f 979/869/791 986/870/791 988/871/791 987/872/791
s 1
f 986/873/792 981/862/784 982/861/783 988/868/790
f 982/861/783 985/864/786 988/868/790
f 989/874/793 992/875/794 994/876/795 993/877/796
f 992/875/794 996/878/797 997/879/798 994/876/795
s 0
f 990/880/799 995/881/799 997/882/799 996/883/799
s 1
f 995/884/800 999/885/801 1000/886/802 997/879/798
f 991/887/803 998/888/804 1000/886/802 999/885/801
f 998/888/804 993/877/796 994/876/795 1000/886/802
f 994/876/795 997/879/798 1000/886/802
f 1005/889/805 1008/890/806 1010/891/807 1009/892/808
f 1008/890/806 1012/893/809 1013/894/810 1010/891/807
s 0
f 1006/895/811 1011/896/811 1013/896/811 1012/896/811
s 1
f 1011/893/812 1015/897/813 1016/898/814 1013/894/810
f 1007/899/815 1014/900/816 1016/898/814 1015/897/813
f 1014/900/816 1009/892/808 1010/891/807 1016/898/814
f 1010/891/807 1013/894/810 1016/898/814
f 1021/901/817 1024/902/818 1026/903/819 1025/904/820
f 1024/902/818 1028/905/821 1029/906/822 1026/903/819
f 1022/907/823 1027/908/824 1029/906/822 1028/905/821
f 1027/908/824 1031/909/825 1032/910/826 1029/906/822
s 0
f 1023/911/827 1030/912/827 1032/912/827 1031/912/827
s 1
f 1030/909/828 1025/904/820 1026/903/819 1032/910/826
f 1026/903/819 1029/906/822 1032/910/826
f 1037/913/829 1040/914/830 1042/915/831 1041/916/832
f 1040/914/830 1044/917/833 1045/918/834 1042/915/831
s 0
f 1038/919/835 1043/920/835 1045/921/835 1044/922/835
s 1
f 1043/923/836 1047/924/837 1048/925/838 1045/918/834
f 1039/926/839 1046/927/840 1048/925/838 1047/924/837
f 1046/927/840 1041/916/832 1042/915/831 1048/925/838
f 1042/915/831 1045/918/834 1048/925/838
f 1049/928/841 1052/929/842 1054/930/843 1053/931/844
f 1052/929/842 1056/932/845 1057/933/846 1054/930/843
s 0
f 1050/934/847 1055/935/847 1057/936/847 1056/937/847
s 1
f 1055/938/848 1059/939/849 1060/940/850 1057/933/846
f 1051/941/851 1058/942/852 1060/940/850 1059/939/849
f 1058/942/852 1053/931/844 1054/930/843 1060/940/850
f 1054/930/843 1057/933/846 1060/940/850
f 1065/943/853 1068/944/854 1070/945/855 1069/946/856
f 1068/944/854 1072/947/857 1073/947/858 1070/945/855
s 0
f 1066/948/859 1071/949/859 1073/949/859 1072/949/859
s 1
f 1071/947/860 1075/950/861 1076/951/862 1073/947/858
f 1067/952/863 1074/953/864 1076/951/862 1075/950/861
f 1074/953/864 1069/946/856 1070/945/855 1076/951/862
f 1070/945/855 1073/947/858 1076/951/862
f 1081/954/865 1084/955/866 1086/956/867 1085/957/868
f 1084/955/866 1088/958/869 1089/959/870 1086/956/867
f 1082/960/871 1087/961/872 1089/959/870 1088/958/869
f 1087/961/872 1091/962/873 1092/962/874 1089/959/870
s 0
f 1083/963/875 1090/964/875 1092/964/875 1091/964/875
s 1
f 1090/962/876 1085/957/868 1086/956/867 1092/962/874
f 1086/956/867 1089/959/870 1092/962/874
f 1097/965/877 1100/966/878 1102/967/879 1101/968/880
f 1100/966/878 1104/969/881 1105/970/882 1102/967/879
s 0
f 1098/971/883 1103/972/883 1105/973/883 1104/974/883
s 1
f 1103/975/884 1107/976/885 1108/977/886 1105/970/882
f 1099/978/887 1106/979/888 1108/977/886 1107/976/885
f 1106/979/888 1101/968/880 1102/967/879 1108/977/886
f 1102/967/879 1105/970/882 1108/977/886
f 1109/980/889 1112/981/890 1114/982/891 1113/983/892
f 1112/981/890 1116/984/893 1117/985/894 1114/982/891
s 0
f 1110/986/895 1115/987/895 1117/988/895 1116/989/895
s 1
f 1115/990/896 1119/991/897 1120/992/898 1117/985/894
f 1111/993/899 1118/994/900 1120/992/898 1119/991/897
f 1118/994/900 1113/983/892 1114/982/891 1120/992/898
f 1114/982/891 1117/985/894 1120/992/898
f 1125/995/901 1128/996/902 1130/997/903 1129/998/904
f 1128/996/902 1132/999/905 1133/1000/906 1130/997/903
s 0
f 1126/1001/907 1131/1002/907 1133/1002/907 1132/1002/907
s 1
f 1131/999/908 1135/1003/909 1136/1004/910 1133/1000/906
f 1127/1005/911 1134/1006/912 1136/1004/910 1135/1003/909
f 1134/1006/912 1129/998/904 1130/997/903 1136/1004/910
f 1130/997/903 1133/1000/906 1136/1004/910
f 1141/1007/913 1144/1008/914 1146/1009/915 1145/1010/916
f 1144/1008/914 1148/1011/917 1149/1012/918 1146/1009/915
f 1142/1013/919 1147/1014/920 1149/1012/918 1148/1011/917
f 1147/1014/920 1151/1015/921 1152/1015/922 1149/1012/918
s 0
f 1143/1016/923 1150/1017/923 1152/1017/923 1151/1017/923
s 1
f 1150/1015/924 1145/1010/916 1146/1009/915 1152/1015/922
f 1146/1009/915 1149/1012/918 1152/1015/922
f 1157/1018/925 1160/1019/926 1162/1020/927 1161/1021/928
f 1160/1019/926 1164/1022/929 1165/1023/930 1162/1020/927
s 0
f 1158/1024/931 1163/1025/931 1165/1026/931 1164/1027/931
s 1
f 1163/1028/932 1167/1029/933 1168/1030/934 1165/1023/930
f 1159/1031/935 1166/1032/936 1168/1030/934 1167/1029/933
f 1166/1032/936 1161/1021/928 1162/1020/927 1168/1030/934
f 1162/1020/927 1165/1023/930 1168/1030/934
f 1169/1033/937 1172/1034/938 1174/1035/939 1173/1036/940
f 1172/1034/938 1176/1037/941 1177/1038/942 1174/1035/939
s 0
f 1170/1039/943 1175/1040/943 1177/1041/943 1176/1042/943
s 1
f 1175/1043/944 1179/1044/945 1180/1045/946 1177/1038/942
f 1171/1046/947 1178/1047/948 1180/1045/946 1179/1044/945
f 1178/1047/948 1173/1036/940 1174/1035/939 1180/1045/946
f 1174/1035/939 1177/1038/942 1180/1045/946
f 1185/1048/949 1188/1049/950 1190/1050/951 1189/1051/952
f 1188/1049/950 1192/1052/953 1193/1053/954 1190/1050/951
s 0
f 1186/1054/955 1191/1055/955 1193/1055/955 1192/1055/955
s 1
f 1191/1052/956 1195/1056/957 1196/1057/958 1193/1053/954
f 1187/1058/959 1194/1059/960 1196/1057/958 1195/1056/957
f 1194/1059/960 1189/1051/952 1190/1050/951 1196/1057/958
f 1190/1050/951 1193/1053/954 1196/1057/958
f 1201/1060/961 1204/1061/962 1206/1062/963 1205/1063/964
f 1204/1061/962 1208/1064/965 1209/1065/966 1206/1062/963
f 1202/1066/967 1207/1067/968 1209/1065/966 1208/1064/965
f 1207/1067/968 1211/1068/969 1212/1069/970 1209/1065/966
s 0
f 1203/1070/971 1210/1071/971 1212/1071/971 1211/1071/971
s 1
f 1210/1068/972 1205/1063/964 1206/1062/963 1212/1069/970
f 1206/1062/963 1209/1065/966 1212/1069/970
f 1217/1072/973 1220/1073/974 1222/1074/975 1221/1075/976
f 1220/1073/974 1224/1076/977 1225/1077/978 1222/1074/975
s 0
f 1218/1078/979 1223/1079/979 1225/1080/979 1224/1081/979
s 1
f 1223/1082/980 1227/1083/981 1228/1084/982 1225/1077/978
f 1219/1085/983 1226/1086/984 1228/1084/982 1227/1083/981
f 1226/1086/984 1221/1075/976 1222/1074/975 1228/1084/982
f 1222/1074/975 1225/1077/978 1228/1084/982
f 1229/1087/985 1232/1088/986 1234/1089/987 1233/1090/988
f 1232/1088/986 1236/1091/989 1237/1092/990 1234/1089/987
s 0
f 1230/1093/991 1235/1094/991 1237/1095/991 1236/1096/991
s 1
f 1235/1097/992 1239/1098/993 1240/1099/994 1237/1092/990
f 1231/1100/995 1238/1101/996 1240/1099/994 1239/1098/993
f 1238/1101/996 1233/1090/988 1234/1089/987 1240/1099/994
f 1234/1089/987 1237/1092/990 1240/1099/994
f 1245/1102/997 1248/1103/998 1250/1104/999 1249/1105/1000
f 1248/1103/998 1252/1106/1001 1253/1106/1002 1250/1104/999
s 0
f 1246/1107/1003 1251/1108/1003 1253/1108/1003 1252/1108/1003
s 1
f 1251/1106/1004 1255/1109/1005 1256/1110/1006 1253/1106/1002
f 1247/1111/1007 1254/1112/1008 1256/1110/1006 1255/1109/1005
f 1254/1112/1008 1249/1105/1000 1250/1104/999 1256/1110/1006
f 1250/1104/999 1253/1106/1002 1256/1110/1006
f 1261/1113/1009 1264/1114/1010 1266/1115/1011 1265/1116/1012
f 1264/1114/1010 1268/1117/1013 1269/1117/1014 1266/1115/1011
s 0
f 1262/1118/1015 1267/1119/1015 1269/1119/1015 1268/1119/1015
s 1
f 1267/1117/1016 1271/1120/1017 1272/1121/1018 1269/1117/1014
f 1263/1122/1019 1270/1123/1020 1272/1121/1018 1271/1120/1017
f 1270/1123/1020 1265/1116/1012 1266/1115/1011 1272/1121/1018
f 1266/1115/1011 1269/1117/1014 1272/1121/1018
f 1277/1124/1021 1280/1125/1022 1282/1126/1023 1281/1127/1024
f 1280/1125/1022 1284/1128/1025 1285/1129/1026 1282/1126/1023
s 0
f 1278/1130/1027 1283/1131/1027 1285/1132/1027 1284/1133/1027
s 1
f 1283/1134/1028 1287/1135/1029 1288/1136/1030 1285/1129/1026
f 1279/1137/1031 1286/1138/1032 1288/1136/1030 1287/1135/1029
f 1286/1138/1032 1281/1127/1024 1282/1126/1023 1288/1136/1030
f 1282/1126/1023 1285/1129/1026 1288/1136/1030
f 1289/1139/1033 1292/1140/1034 1294/1141/1035 1293/1142/1036
f 1292/1140/1034 1296/1143/1037 1297/1144/1038 1294/1141/1035
s 0
f 1290/1145/1039 1295/1146/1039 1297/1147/1039 1296/1148/1039
s 1
f 1295/1149/1040 1299/1150/1041 1300/1151/1042 1297/1144/1038
f 1291/1152/1043 1298/1153/1044 1300/1151/1042 1299/1150/1041
f 1298/1153/1044 1293/1142/1036 1294/1141/1035 1300/1151/1042
f 1294/1141/1035 1297/1144/1038 1300/1151/1042
f 1305/1154/1045 1308/1155/1046 1310/1156/1047 1309/1157/1048
f 1308/1155/1046 1312/1158/1049 1313/1159/1050 1310/1156/1047
s 0
f 1306/1160/1051 1311/1161/1051 1313/1161/1051 1312/1161/1051
s 1
f 1311/1158/1052 1315/1162/1053 1316/1163/1054 1313/1159/1050
f 1307/1164/1055 1314/1165/1056 1316/1163/1054 1315/1162/1053
f 1314/1165/1056 1309/1157/1048 1310/1156/1047 1316/1163/1054
f 1310/1156/1047 1313/1159/1050 1316/1163/1054
f 1321/1166/1057 1324/1167/1058 1326/1168/1059 1325/1169/1060
f 1324/1167/1058 1328/1170/1061 1329/1170/1062 1326/1168/1059
s 0
f 1322/1171/1063 1327/1172/1063 1329/1172/1063 1328/1172/1063
s 1
f 1327/1170/1064 1331/1173/1065 1332/1174/1066 1329/1170/1062
f 1323/1175/1067 1330/1176/1068 1332/1174/1066 1331/1173/1065
f 1330/1176/1068 1325/1169/1060 1326/1168/1059 1332/1174/1066
f 1326/1168/1059 1329/1170/1062 1332/1174/1066
f 1337/1177/1069 1340/1178/1070 1342/1179/1071 1341/1180/1072
f 1340/1178/1070 1344/1181/1073 1345/1182/1074 1342/1179/1071
s 0
f 1338/1183/1075 1343/1184/1075 1345/1185/1075 1344/1186/1075
s 1
f 1343/1187/1076 1347/1188/1077 1348/1189/1078 1345/1182/1074
f 1339/1190/1079 1346/1191/1080 1348/1189/1078 1347/1188/1077
f 1346/1191/1080 1341/1180/1072 1342/1179/1071 1348/1189/1078
f 1342/1179/1071 1345/1182/1074 1348/1189/1078
f 1349/1192/1081 1352/1193/1082 1354/1194/1083 1353/1195/1084
f 1352/1193/1082 1356/1196/1085 1357/1197/1086 1354/1194/1083
s 0
f 1350/1198/1087 1355/1199/1087 1357/1200/1087 1356/1201/1087
s 1
f 1355/1202/1088 1359/1203/1089 1360/1204/1090 1357/1197/1086
f 1351/1205/1091 1358/1206/1092 1360/1204/1090 1359/1203/1089
f 1358/1206/1092 1353/1195/1084 1354/1194/1083 1360/1204/1090
f 1354/1194/1083 1357/1197/1086 1360/1204/1090
f 1365/1207/1093 1368/1208/1094 1370/1209/1095 1369/1210/1096
f 1368/1208/1094 1372/1211/1097 1373/1212/1098 1370/1209/1095
s 0
f 1366/1213/1099 1371/1214/1099 1373/1214/1099 1372/1214/1099
s 1
f 1371/1211/1100 1375/1215/1101 1376/1216/1102 1373/1212/1098
f 1367/1217/1103 1374/1218/1104 1376/1216/1102 1375/1215/1101
f 1374/1218/1104 1369/1210/1096 1370/1209/1095 1376/1216/1102
f 1370/1209/1095 1373/1212/1098 1376/1216/1102
f 1381/1219/1105 1384/1220/1106 1386/1221/1107 1385/1222/1108
f 1384/1220/1106 1388/1223/1109 1389/1224/1110 1386/1221/1107
s 0
f 1382/1225/1111 1387/1226/1111 1389/1226/1111 1388/1226/1111
s 1
f 1387/1223/1112 1391/1227/1113 1392/1228/1114 1389/1224/1110
f 1383/1229/1115 1390/1230/1116 1392/1228/1114 1391/1227/1113
f 1390/1230/1116 1385/1222/1108 1386/1221/1107 1392/1228/1114
f 1386/1221/1107 1389/1224/1110 1392/1228/1114
f 1397/1231/1117 1400/1232/1118 1402/1233/1119 1401/1234/1120
f 1400/1232/1118 1404/1235/1121 1405/1236/1122 1402/1233/1119
s 0
f 1398/1237/1123 1403/1238/1123 1405/1239/1123 1404/1240/1123
s 1
f 1403/1241/1124 1407/1242/1125 1408/1243/1126 1405/1236/1122
f 1399/1244/1127 1406/1245/1128 1408/1243/1126 1407/1242/1125
f 1406/1245/1128 1401/1234/1120 1402/1233/1119 1408/1243/1126
f 1402/1233/1119 1405/1236/1122 1408/1243/1126
f 1409/1246/1129 1412/1247/1130 1414/1248/1131 1413/1249/1132
f 1412/1247/1130 1416/1250/1133 1417/1251/1134 1414/1248/1131
s 0
f 1410/1252/1135 1415/1253/1135 1417/1254/1135 1416/1255/1135
s 1
f 1415/1256/1136 1419/1257/1137 1420/1258/1138 1417/1251/1134
f 1411/1259/1139 1418/1260/1140 1420/1258/1138 1419/1257/1137
f 1418/1260/1140 1413/1249/1132 1414/1248/1131 1420/1258/1138
f 1414/1248/1131 1417/1251/1134 1420/1258/1138
f 1425/1261/1141 1428/1262/1142 1430/1263/1143 1429/1264/1144
f 1428/1262/1142 1432/1265/1145 1433/1265/1146 1430/1263/1143
s 0
f 1426/1266/1147 1431/1267/1147 1433/1267/1147 1432/1267/1147
s 1
f 1431/1265/1148 1435/1268/1149 1436/1269/1150 1433/1265/1146
f 1427/1270/1151 1434/1271/1152 1436/1269/1150 1435/1268/1149
f 1434/1271/1152 1429/1264/1144 1430/1263/1143 1436/1269/1150
f 1430/1263/1143 1433/1265/1146 1436/1269/1150
f 1441/1272/1153 1444/1273/1154 1446/1274/1155 1445/1275/1156
f 1444/1273/1154 1448/1276/1157 1449/1277/1158 1446/1274/1155
f 1442/1278/1159 1447/1279/1160 1449/1280/1158 1448/1281/1157
f 1447/1279/1160 1451/1282/1161 1452/1283/1162 1449/1280/1158
s 0
f 1443/1284/1163 1450/1285/1163 1452/1283/1163 1451/1282/1163
f 1450/1285/1164 1445/1286/1164 1446/1287/1164 1452/1283/1164
s 1
f 1446/1274/1155 1449/1277/1158 1452/1288/1162
f 1457/1289/1165 1460/1290/1166 1462/1291/1167 1461/1292/1168
f 1460/1290/1166 1464/1293/1169 1465/1294/1170 1462/1291/1167
f 1458/1295/1171 1463/1296/1172 1465/1294/1170 1464/1293/1169
f 1463/1296/1172 1467/1297/1173 1468/1298/1174 1465/1294/1170
s 0
f 1459/1299/1175 1466/1300/1175 1468/1298/1175 1467/1297/1175
f 1466/1300/1176 1461/1292/1176 1462/1291/1176 1468/1298/1176
s 1
f 1462/1291/1167 1465/1294/1170 1468/1298/1174
f 1469/1301/1177 1472/1302/1178 1474/1303/1179 1473/1304/1180
f 1472/1302/1178 1476/1305/1181 1477/1306/1182 1474/1303/1179
f 1470/1307/1183 1475/1308/1184 1477/1306/1182 1476/1305/1181
f 1475/1308/1184 1479/1309/1185 1480/1310/1186 1477/1306/1182
s 0
f 1471/1311/1187 1478/1312/1187 1480/1310/1187 1479/1309/1187
f 1478/1312/1188 1473/1304/1188 1474/1303/1188 1480/1310/1188
s 1
f 1474/1303/1179 1477/1306/1182 1480/1310/1186
f 1485/1313/1189 1488/1314/1190 1490/1315/1191 1489/1316/1192
f 1488/1314/1190 1492/1317/1193 1493/1318/1194 1490/1315/1191
f 1486/1319/1195 1491/1320/1196 1493/1318/1194 1492/1317/1193
f 1491/1320/1196 1495/1321/1197 1496/1322/1198 1493/1318/1194
s 0
f 1487/1323/1199 1494/1324/1199 1496/1322/1199 1495/1321/1199
f 1494/1324/1200 1489/1316/1200 1490/1315/1200 1496/1322/1200
s 1
f 1490/1315/1191 1493/1318/1194 1496/1322/1198
f 1501/1325/1201 1504/1326/1202 1506/1327/1203 1505/1328/1204
f 1504/1326/1202 1508/1329/1205 1509/1330/1206 1506/1327/1203
f 1502/1331/1207 1507/1332/1208 1509/1330/1206 1508/1329/1205
f 1507/1332/1208 1511/1333/1209 1512/1334/1210 1509/1330/1206
s 0
f 1503/1335/1211 1510/1336/1211 1512/1334/1211 1511/1333/1211
f 1510/1336/1212 1505/1328/1212 1506/1327/1212 1512/1334/1212
s 1
f 1506/1327/1203 1509/1330/1206 1512/1334/1210
f 1517/1337/1213 1520/1338/1214 1522/1339/1215 1521/1340/1216
f 1520/1338/1214 1524/1341/1217 1525/1342/1218 1522/1339/1215
f 1518/1343/1219 1523/1344/1220 1525/1342/1218 1524/1341/1217
f 1523/1344/1220 1527/1345/1221 1528/1346/1222 1525/1342/1218
s 0
f 1519/1347/1223 1526/1348/1223 1528/1346/1223 1527/1345/1223
f 1526/1348/1224 1521/1340/1224 1522/1339/1224 1528/1346/1224
s 1
f 1522/1339/1215 1525/1342/1218 1528/1346/1222
f 1529/1349/1225 1532/1350/1226 1534/1351/1227 1533/1352/1228
f 1532/1350/1226 1536/1353/1229 1537/1354/1230 1534/1351/1227
f 1530/1355/1231 1535/1356/1232 1537/1354/1230 1536/1353/1229
f 1535/1356/1232 1539/1357/1233 1540/1358/1234 1537/1354/1230
s 0
f 1531/89/1235 1538/1359/1235 1540/1358/1235 1539/1357/1235
f 1538/1359/1236 1533/1352/1236 1534/1351/1236 1540/1358/1236
s 1
f 1534/1351/1227 1537/1354/1230 1540/1358/1234
f 1545/1360/1237 1548/1361/1238 1550/1362/1239 1549/1363/1240
f 1548/1361/1238 1552/1364/1241 1553/1365/1242 1550/1362/1239
s 0
f 1546/1366/1243 1551/1367/1243 1553/1365/1243 1552/1364/1243
f 1551/1367/1244 1555/1368/1244 1556/1369/1244 1553/1365/1244
s 1
f 1547/1370/1245 1554/1371/1246 1556/1369/1247 1555/1368/1248
f 1554/1371/1246 1549/1363/1240 1550/1362/1239 1556/1369/1247
f 1550/1362/1239 1553/1365/1242 1556/1369/1247
f 1561/1372/1249 1564/1373/1250 1566/1374/1251 1565/1375/1252
f 1564/1373/1250 1568/1376/1253 1569/1377/1254 1566/1374/1251
f 1562/1378/1255 1567/1379/1256 1569/1377/1254 1568/1376/1253
f 1567/1379/1256 1571/1380/1257 1572/1381/1258 1569/1377/1254
s 0
f 1563/1382/1259 1570/1383/1259 1572/1381/1259 1571/1380/1259
f 1570/1383/1260 1565/1375/1260 1566/1374/1260 1572/1381/1260
s 1
f 1566/1374/1251 1569/1377/1254 1572/1381/1258
f 1577/1384/1261 1580/1385/1262 1582/1386/1263 1581/1387/1264
f 1580/1385/1262 1584/1388/1265 1585/1389/1266 1582/1386/1263
f 1578/1390/1267 1583/1391/1268 1585/1389/1266 1584/1388/1265
f 1583/1391/1268 1587/1392/1269 1588/1393/1270 1585/1389/1266
s 0
f 1579/127/1271 1586/1394/1271 1588/1393/1271 1587/1392/1271
f 1586/1394/1272 1581/1387/1272 1582/1386/1272 1588/1393/1272
s 1
f 1582/1386/1263 1585/1389/1266 1588/1393/1270
f 1589/1395/1273 1592/1396/1274 1594/1397/1275 1593/1398/1276
f 1592/1396/1274 1596/1399/1277 1597/1400/1278 1594/1397/1275
s 0
f 1590/146/1279 1595/1401/1279 1597/1400/1279 1596/1399/1279
f 1595/1401/1280 1599/1402/1280 1600/1403/1280 1597/1400/1280
s 1
f 1591/1404/1281 1598/1405/1282 1600/1403/1283 1599/1402/1284
f 1598/1405/1282 1593/1398/1276 1594/1397/1275 1600/1403/1283
f 1594/1397/1275 1597/1400/1278 1600/1403/1283
f 1605/1406/1285 1608/1407/1286 1610/1408/1287 1609/1409/1288
f 1608/1407/1286 1612/1410/1289 1613/1411/1290 1610/1408/1287
s 0
f 1606/1412/1291 1611/1413/1291 1613/1411/1291 1612/1410/1291
f 1611/1413/1292 1615/1414/1292 1616/1415/1292 1613/1411/1292
s 1
f 1607/1416/1293 1614/1417/1294 1616/1415/1295 1615/1414/1296
f 1614/1417/1294 1609/1409/1288 1610/1408/1287 1616/1415/1295
f 1610/1408/1287 1613/1411/1290 1616/1415/1295
f 1621/1418/1297 1624/1419/1298 1626/1420/1299 1625/1421/1300
f 1624/1419/1298 1628/1422/1301 1629/1423/1302 1626/1420/1299
f 1622/1424/1303 1627/1425/1304 1629/1423/1302 1628/1422/1301
f 1627/1425/1304 1631/1426/1305 1632/1427/1306 1629/1423/1302
s 0
f 1623/1428/1307 1630/1429/1307 1632/1427/1307 1631/1426/1307
f 1630/1429/1308 1625/1421/1308 1626/1420/1308 1632/1427/1308
s 1
f 1626/1420/1299 1629/1423/1302 1632/1427/1306
f 1637/1430/1309 1640/1431/1310 1642/1432/1311 1641/1433/1312
f 1640/1431/1310 1644/1434/1313 1645/1435/1314 1642/1432/1311
f 1638/1436/1315 1643/1437/1316 1645/1435/1314 1644/1434/1313
f 1643/1437/1316 1647/1438/1317 1648/1439/1318 1645/1435/1314
s 0
f 1639/180/1319 1646/1440/1319 1648/1439/1319 1647/1438/1319
f 1646/1440/1320 1641/1433/1320 1642/1432/1320 1648/1439/1320
s 1
f 1642/1432/1311 1645/1435/1314 1648/1439/1318
f 1649/1441/1321 1652/1442/1322 1654/1443/1323 1653/1444/1324
f 1652/1442/1322 1656/1445/1325 1657/1446/1326 1654/1443/1323
s 0
f 1650/199/1327 1655/1447/1327 1657/1446/1327 1656/1445/1327
f 1655/1447/1328 1659/1448/1328 1660/1449/1328 1657/1446/1328
s 1
f 1651/1450/1329 1658/1451/1330 1660/1449/1331 1659/1448/1332
f 1658/1451/1330 1653/1444/1324 1654/1443/1323 1660/1449/1331
f 1654/1443/1323 1657/1446/1326 1660/1449/1331
f 1665/1452/1333 1668/1453/1334 1670/1454/1335 1669/1455/1336
f 1668/1453/1334 1672/1456/1337 1673/1457/1338 1670/1454/1335
s 0
f 1666/1458/1339 1671/1459/1339 1673/1457/1339 1672/1456/1339
f 1671/1459/1340 1675/1460/1340 1676/1461/1340 1673/1457/1340
s 1
f 1667/1462/1341 1674/1463/1342 1676/1461/1343 1675/1460/1344
f 1674/1463/1342 1669/1455/1336 1670/1454/1335 1676/1461/1343
f 1670/1454/1335 1673/1457/1338 1676/1461/1343
f 1681/1464/1345 1684/1465/1346 1686/1466/1347 1685/1467/1348
f 1684/1465/1346 1688/1468/1349 1689/1469/1350 1686/1466/1347
f 1682/1470/1351 1687/1471/1352 1689/1469/1350 1688/1468/1349
f 1687/1471/1352 1691/1472/1353 1692/1473/1354 1689/1469/1350
s 0
f 1683/1474/1355 1690/1475/1355 1692/1473/1355 1691/1472/1355
f 1690/1475/1356 1685/1467/1356 1686/1466/1356 1692/1473/1356
s 1
f 1686/1466/1347 1689/1469/1350 1692/1473/1354
f 1697/1476/1357 1700/1477/1358 1702/1478/1359 1701/1479/1360
f 1700/1477/1358 1704/1480/1361 1705/1481/1362 1702/1478/1359
f 1698/1482/1363 1703/1483/1364 1705/1481/1362 1704/1480/1361
f 1703/1483/1364 1707/1484/1365 1708/1485/1366 1705/1481/1362
s 0
f 1699/232/1367 1706/1486/1367 1708/1485/1367 1707/1484/1367
f 1706/1486/1368 1701/1479/1368 1702/1478/1368 1708/1485/1368
s 1
f 1702/1478/1359 1705/1481/1362 1708/1485/1366
f 1709/1487/1369 1712/1488/1370 1714/1489/1371 1713/1490/1372
f 1712/1488/1370 1716/1491/1373 1717/1492/1374 1714/1489/1371
f 1710/1493/1375 1715/1494/1376 1717/1492/1374 1716/1491/1373
f 1715/1494/1376 1719/1495/1377 1720/1496/1378 1717/1492/1374
s 0
f 1711/251/1379 1718/1497/1379 1720/1496/1379 1719/1495/1379
f 1718/1497/1380 1713/1490/1380 1714/1489/1380 1720/1496/1380
s 1
f 1714/1489/1371 1717/1492/1374 1720/1496/1378
f 1725/1498/1381 1728/1499/1382 1730/1500/1383 1729/1501/1384
f 1728/1499/1382 1732/1502/1385 1733/1503/1386 1730/1500/1383
s 0
f 1726/1504/1387 1731/1505/1387 1733/1503/1387 1732/1502/1387
f 1731/1505/1388 1735/1506/1388 1736/1507/1388 1733/1503/1388
s 1
f 1727/1508/1389 1734/1509/1390 1736/1507/1391 1735/1506/1392
f 1734/1509/1390 1729/1501/1384 1730/1500/1383 1736/1507/1391
f 1730/1500/1383 1733/1503/1386 1736/1507/1391
f 1741/1510/1393 1744/1511/1394 1746/1512/1395 1745/1513/1396
f 1744/1511/1394 1748/1514/1397 1749/1515/1398 1746/1512/1395
f 1742/1516/1399 1747/1517/1400 1749/1515/1398 1748/1514/1397
f 1747/1517/1400 1751/1518/1401 1752/1519/1402 1749/1515/1398
s 0
f 1743/1520/1403 1750/1521/1403 1752/1519/1403 1751/1518/1403
f 1750/1521/1404 1745/1513/1404 1746/1512/1404 1752/1519/1404
s 1
f 1746/1512/1395 1749/1515/1398 1752/1519/1402
f 1757/1522/1405 1760/1523/1406 1762/1524/1407 1761/1525/1408
f 1760/1523/1406 1764/1526/1409 1765/1527/1410 1762/1524/1407
s 0
f 1758/1528/1411 1763/1529/1411 1765/1527/1411 1764/1526/1411
f 1763/1529/1412 1767/1530/1412 1768/1531/1412 1765/1527/1412
s 1
f 1759/1532/1413 1766/1533/1414 1768/1531/1415 1767/1530/1416
f 1766/1533/1414 1761/1525/1408 1762/1524/1407 1768/1531/1415
f 1762/1524/1407 1765/1527/1410 1768/1531/1415
f 1769/1534/1417 1772/1535/1418 1774/1536/1419 1773/1537/1420
f 1772/1535/1418 1776/1538/1421 1777/1539/1422 1774/1536/1419
s 0
f 1770/305/1423 1775/1540/1423 1777/1539/1423 1776/1538/1423
f 1775/1540/1424 1779/1541/1424 1780/1542/1424 1777/1539/1424
s 1
f 1771/1543/1425 1778/1544/1426 1780/1542/1427 1779/1541/1428
f 1778/1544/1426 1773/1537/1420 1774/1536/1419 1780/1542/1427
f 1774/1536/1419 1777/1539/1422 1780/1542/1427
f 1785/1545/1429 1788/1546/1430 1790/1547/1431 1789/1548/1432
f 1788/1546/1430 1792/1549/1433 1793/1550/1434 1790/1547/1431
s 0
f 1786/1551/1435 1791/1552/1435 1793/1550/1435 1792/1549/1435
f 1791/1552/1436 1795/1553/1436 1796/1554/1436 1793/1550/1436
s 1
f 1787/1555/1437 1794/1556/1438 1796/1554/1439 1795/1553/1440
f 1794/1556/1438 1789/1548/1432 1790/1547/1431 1796/1554/1439
f 1790/1547/1431 1793/1550/1434 1796/1554/1439
f 1801/1557/1441 1804/1558/1442 1806/1559/1443 1805/1560/1444
f 1804/1558/1442 1808/1561/1445 1809/1562/1446 1806/1559/1443
s 0
f 1802/1563/1447 1807/1564/1447 1809/1562/1447 1808/1561/1447
f 1807/1564/1448 1811/1565/1448 1812/1566/1448 1809/1562/1448
s 1
f 1803/1567/1449 1810/1568/1450 1812/1566/1451 1811/1565/1452
f 1810/1568/1450 1805/1560/1444 1806/1559/1443 1812/1566/1451
f 1806/1559/1443 1809/1562/1446 1812/1566/1451
f 1817/1569/1453 1820/1570/1454 1822/1571/1455 1821/1572/1456
f 1820/1570/1454 1824/1573/1457 1825/1574/1458 1822/1571/1455
s 0
f 1818/1575/1459 1823/1576/1459 1825/1574/1459 1824/1573/1459
f 1823/1576/1460 1827/1577/1460 1828/1578/1460 1825/1574/1460
s 1
f 1819/1579/1461 1826/1580/1462 1828/1578/1463 1827/1577/1464
f 1826/1580/1462 1821/1572/1456 1822/1571/1455 1828/1578/1463
f 1822/1571/1455 1825/1574/1458 1828/1578/1463
f 1829/1581/1465 1832/1582/1466 1834/1583/1467 1833/1584/1468
f 1832/1582/1466 1836/1585/1469 1837/1586/1470 1834/1583/1467
s 0
f 1830/358/1471 1835/1587/1471 1837/1586/1471 1836/1585/1471
f 1835/1587/1472 1839/1588/1472 1840/1589/1472 1837/1586/1472
s 1
f 1831/1590/1473 1838/1591/1474 1840/1589/1475 1839/1588/1476
f 1838/1591/1474 1833/1584/1468 1834/1583/1467 1840/1589/1475
f 1834/1583/1467 1837/1586/1470 1840/1589/1475
f 1845/1592/1477 1848/1593/1478 1850/1594/1479 1849/1595/1480
f 1848/1593/1478 1852/1596/1481 1853/1597/1482 1850/1594/1479
s 0
f 1846/1598/1483 1851/1599/1483 1853/1597/1483 1852/1596/1483
f 1851/1599/1484 1855/1600/1484 1856/1601/1484 1853/1597/1484
s 1
f 1847/1602/1485 1854/1603/1486 1856/1601/1487 1855/1600/1488
f 1854/1603/1486 1849/1595/1480 1850/1594/1479 1856/1601/1487
f 1850/1594/1479 1853/1597/1482 1856/1601/1487
f 1861/1604/1489 1864/1605/1490 1866/1606/1491 1865/1607/1492
f 1864/1605/1490 1868/1608/1493 1869/1609/1494 1866/1606/1491
s 0
f 1862/1610/1495 1867/1611/1495 1869/1609/1495 1868/1608/1495
f 1867/1611/1496 1871/1612/1496 1872/1613/1496 1869/1609/1496
s 1
f 1863/1614/1497 1870/1615/1498 1872/1613/1499 1871/1612/1500
f 1870/1615/1498 1865/1607/1492 1866/1606/1491 1872/1613/1499
f 1866/1606/1491 1869/1609/1494 1872/1613/1499
f 1877/1616/1501 1880/1617/1502 1882/1618/1503 1881/1619/1504
f 1880/1617/1502 1884/1620/1505 1885/1621/1506 1882/1618/1503
f 1878/1622/1507 1883/1623/1508 1885/1621/1506 1884/1620/1505
f 1883/1623/1508 1887/1624/1509 1888/1625/1510 1885/1621/1506
s 0
f 1879/396/1511 1886/1626/1511 1888/1625/1511 1887/1624/1511
f 1886/1626/1512 1881/1619/1512 1882/1618/1512 1888/1625/1512
s 1
f 1882/1618/1503 1885/1621/1506 1888/1625/1510
f 1889/1627/1513 1892/1628/1514 1894/1629/1515 1893/1630/1516
f 1892/1628/1514 1896/1631/1517 1897/1632/1518 1894/1629/1515
s 0
f 1890/411/1519 1895/1633/1519 1897/1632/1519 1896/1631/1519
f 1895/1633/1520 1899/1634/1520 1900/1635/1520 1897/1632/1520
s 1
f 1891/1636/1521 1898/1637/1522 1900/1635/1523 1899/1634/1524
f 1898/1637/1522 1893/1630/1516 1894/1629/1515 1900/1635/1523
f 1894/1629/1515 1897/1632/1518 1900/1635/1523
f 1905/1638/1525 1908/1639/1526 1910/1640/1527 1909/1641/1528
f 1908/1639/1526 1912/1642/1529 1913/1643/1530 1910/1640/1527
s 0
f 1906/1644/1531 1911/1645/1531 1913/1643/1531 1912/1642/1531
f 1911/1645/1532 1915/1646/1532 1916/1647/1532 1913/1643/1532
s 1
f 1907/1648/1533 1914/1649/1534 1916/1647/1535 1915/1646/1536
f 1914/1649/1534 1909/1641/1528 1910/1640/1527 1916/1647/1535
f 1910/1640/1527 1913/1643/1530 1916/1647/1535
f 1921/1650/1537 1924/1651/1538 1926/1652/1539 1925/1653/1540
f 1924/1651/1538 1928/1654/1541 1929/1655/1542 1926/1652/1539
s 0
f 1922/1656/1543 1927/1657/1543 1929/1655/1543 1928/1654/1543
f 1927/1657/1544 1931/1658/1544 1932/1659/1544 1929/1655/1544
s 1
f 1923/1660/1545 1930/1661/1546 1932/1659/1547 1931/1658/1548
f 1930/1661/1546 1925/1653/1540 1926/1652/1539 1932/1659/1547
f 1926/1652/1539 1929/1655/1542 1932/1659/1547
f 1937/1662/1549 1940/1663/1550 1942/1664/1551 1941/1665/1552
f 1940/1663/1550 1944/1666/1553 1945/1667/1554 1942/1664/1551
f 1938/1668/1555 1943/1669/1556 1945/1667/1554 1944/1666/1553
f 1943/1669/1556 1947/1670/1557 1948/1671/1558 1945/1667/1554
s 0
f 1939/449/1559 1946/1672/1559 1948/1671/1559 1947/1670/1559
f 1946/1672/1560 1941/1665/1560 1942/1664/1560 1948/1671/1560
s 1
f 1942/1664/1551 1945/1667/1554 1948/1671/1558
f 1949/1673/1561 1952/1674/1562 1954/1675/1563 1953/1676/1564
f 1952/1674/1562 1956/1677/1565 1957/1678/1566 1954/1675/1563
s 0
f 1950/464/1567 1955/1679/1567 1957/1678/1567 1956/1677/1567
f 1955/1679/1568 1959/1680/1568 1960/1681/1568 1957/1678/1568
s 1
f 1951/1682/1569 1958/1683/1570 1960/1681/1571 1959/1680/1572
f 1958/1683/1570 1953/1676/1564 1954/1675/1563 1960/1681/1571
f 1954/1675/1563 1957/1678/1566 1960/1681/1571
f 1965/1684/1573 1968/1685/1574 1970/1686/1575 1969/1687/1576
f 1968/1685/1574 1972/1688/1577 1973/1689/1578 1970/1686/1575
s 0
f 1966/1690/1579 1971/1691/1579 1973/1689/1579 1972/1688/1579
f 1971/1691/1580 1975/1692/1580 1976/1693/1580 1973/1689/1580
s 1
f 1967/1694/1581 1974/1695/1582 1976/1693/1583 1975/1692/1584
f 1974/1695/1582 1969/1687/1576 1970/1686/1575 1976/1693/1583
f 1970/1686/1575 1973/1689/1578 1976/1693/1583
f 1981/1696/1585 1984/1697/1586 1986/1698/1587 1985/1699/1588
f 1984/1697/1586 1988/1700/1589 1989/1701/1590 1986/1698/1587
s 0
f 1982/1702/1591 1987/1703/1591 1989/1701/1591 1988/1700/1591
f 1987/1703/1592 1991/1704/1592 1992/1705/1592 1989/1701/1592
s 1
f 1983/1706/1593 1990/1707/1594 1992/1705/1595 1991/1704/1596
f 1990/1707/1594 1985/1699/1588 1986/1698/1587 1992/1705/1595
f 1986/1698/1587 1989/1701/1590 1992/1705/1595
f 1997/1708/1597 2000/1709/1598 2002/1710/1599 2001/1711/1600
f 2000/1709/1598 2004/1712/1601 2005/1713/1602 2002/1710/1599
s 0
f 1998/501/1603 2003/1714/1603 2005/1713/1603 2004/1712/1603
f 2003/1714/1604 2007/1715/1604 2008/1716/1604 2005/1713/1604
s 1
f 1999/1717/1605 2006/1718/1606 2008/1716/1607 2007/1715/1608
f 2006/1718/1606 2001/1711/1600 2002/1710/1599 2008/1716/1607
f 2002/1710/1599 2005/1713/1602 2008/1716/1607
f 2009/1719/1609 2012/1720/1610 2014/1721/1611 2013/1722/1612
f 2012/1720/1610 2016/1723/1613 2017/1724/1614 2014/1721/1611
s 0
f 2010/1725/1615 2015/1726/1615 2017/1724/1615 2016/1723/1615
f 2015/1726/1616 2019/1727/1616 2020/1728/1616 2017/1724/1616
s 1
f 2011/1729/1617 2018/1730/1618 2020/1728/1619 2019/1727/1620
f 2018/1730/1618 2013/1722/1612 2014/1721/1611 2020/1728/1619
f 2014/1721/1611 2017/1724/1614 2020/1728/1619
f 2025/1731/1621 2028/1732/1622 2030/1733/1623 2029/1734/1624
f 2028/1732/1622 2032/1735/1625 2033/1736/1626 2030/1733/1623
s 0
f 2026/1737/1627 2031/1738/1627 2033/1736/1627 2032/1735/1627
f 2031/1738/1628 2035/1739/1628 2036/1740/1628 2033/1736/1628
s 1
f 2027/1741/1629 2034/1742/1630 2036/1740/1631 2035/1739/1632
f 2034/1742/1630 2029/1734/1624 2030/1733/1623 2036/1740/1631
f 2030/1733/1623 2033/1736/1626 2036/1740/1631
f 2041/1743/1633 2044/1744/1634 2046/1745/1635 2045/1746/1636
f 2044/1744/1634 2048/1747/1637 2049/1748/1638 2046/1745/1635
s 0
f 2042/1749/1639 2047/1750/1639 2049/1748/1639 2048/1747/1639
f 2047/1750/1640 2051/1751/1640 2052/1752/1640 2049/1748/1640
s 1
f 2043/1753/1641 2050/1754/1642 2052/1752/1643 2051/1751/1644
f 2050/1754/1642 2045/1746/1636 2046/1745/1635 2052/1752/1643
f 2046/1745/1635 2049/1748/1638 2052/1752/1643
f 2057/1755/1645 2060/1756/1646 2062/1757/1647 2061/1758/1648
f 2060/1756/1646 2064/1759/1649 2065/1760/1650 2062/1757/1647
s 0
f 2058/1761/1651 2063/1762/1651 2065/1760/1651 2064/1759/1651
f 2063/1762/1652 2067/1763/1652 2068/1764/1652 2065/1760/1652
s 1
f 2059/1765/1653 2066/1766/1654 2068/1764/1655 2067/1763/1656
f 2066/1766/1654 2061/1758/1648 2062/1757/1647 2068/1764/1655
f 2062/1757/1647 2065/1760/1650 2068/1764/1655
f 2069/1767/1657 2072/1768/1658 2074/1769/1659 2073/1770/1660
f 2072/1768/1658 2076/1771/1661 2077/1772/1662 2074/1769/1659
s 0
f 2070/1773/1663 2075/1774/1663 2077/1772/1663 2076/1771/1663
f 2075/1774/1664 2079/1775/1664 2080/1776/1664 2077/1772/1664
s 1
f 2071/1777/1665 2078/1778/1666 2080/1776/1667 2079/1775/1668
f 2078/1778/1666 2073/1770/1660 2074/1769/1659 2080/1776/1667
f 2074/1769/1659 2077/1772/1662 2080/1776/1667
f 2085/1779/1669 2088/1780/1670 2090/1781/1671 2089/1782/1672
f 2088/1780/1670 2092/1783/1673 2093/1784/1674 2090/1781/1671
s 0
f 2086/1785/1675 2091/1786/1675 2093/1784/1675 2092/1783/1675
f 2091/1786/1676 2095/1787/1676 2096/1788/1676 2093/1784/1676
s 1
f 2087/1789/1677 2094/1790/1678 2096/1788/1679 2095/1787/1680
f 2094/1790/1678 2089/1782/1672 2090/1781/1671 2096/1788/1679
f 2090/1781/1671 2093/1784/1674 2096/1788/1679
f 2101/1791/1681 2104/1792/1682 2106/1793/1683 2105/1794/1684
f 2104/1792/1682 2108/1795/1685 2109/1796/1686 2106/1793/1683
s 0
f 2102/1797/1687 2107/1798/1687 2109/1796/1687 2108/1795/1687
f 2107/1798/1688 2111/1799/1688 2112/1800/1688 2109/1796/1688
s 1
f 2103/1801/1689 2110/1802/1690 2112/1800/1691 2111/1799/1692
f 2110/1802/1690 2105/1794/1684 2106/1793/1683 2112/1800/1691
f 2106/1793/1683 2109/1796/1686 2112/1800/1691
f 2117/1803/1693 2120/1804/1694 2122/1805/1695 2121/1806/1696
f 2120/1804/1694 2124/1807/1697 2125/1808/1698 2122/1805/1695
s 0
f 2118/1809/1699 2123/1810/1699 2125/1808/1699 2124/1807/1699
f 2123/1810/1700 2127/1811/1700 2128/1812/1700 2125/1808/1700
s 1
f 2119/1813/1701 2126/1814/1702 2128/1812/1703 2127/1811/1704
f 2126/1814/1702 2121/1806/1696 2122/1805/1695 2128/1812/1703
f 2122/1805/1695 2125/1808/1698 2128/1812/1703
f 2129/1815/1705 2132/1816/1706 2134/1817/1707 2133/1818/1708
f 2132/1816/1706 2136/1819/1709 2137/1820/1710 2134/1817/1707
s 0
f 2130/1821/1711 2135/1822/1711 2137/1820/1711 2136/1819/1711
f 2135/1822/1712 2139/1823/1712 2140/1824/1712 2137/1820/1712
s 1
f 2131/1825/1713 2138/1826/1714 2140/1824/1715 2139/1823/1716
f 2138/1826/1714 2133/1818/1708 2134/1817/1707 2140/1824/1715
f 2134/1817/1707 2137/1820/1710 2140/1824/1715
f 2145/1827/1717 2148/1828/1718 2150/1829/1719 2149/1830/1720
f 2148/1828/1718 2152/1831/1721 2153/1832/1722 2150/1829/1719
s 0
f 2146/1833/1723 2151/1834/1723 2153/1832/1723 2152/1831/1723
f 2151/1834/1724 2155/1835/1724 2156/1836/1724 2153/1832/1724
s 1
f 2147/1837/1725 2154/1838/1726 2156/1836/1727 2155/1835/1728
f 2154/1838/1726 2149/1830/1720 2150/1829/1719 2156/1836/1727
f 2150/1829/1719 2153/1832/1722 2156/1836/1727
f 2161/1839/1729 2164/1840/1730 2166/1841/1731 2165/1842/1732
f 2164/1840/1730 2168/1843/1733 2169/1844/1734 2166/1841/1731
s 0
f 2162/1845/1735 2167/1846/1735 2169/1844/1735 2168/1843/1735
f 2167/1846/1736 2171/1847/1736 2172/1848/1736 2169/1844/1736
s 1
f 2163/1849/1737 2170/1850/1738 2172/1848/1739 2171/1847/1740
f 2170/1850/1738 2165/1842/1732 2166/1841/1731 2172/1848/1739
f 2166/1841/1731 2169/1844/1734 2172/1848/1739
f 2177/1851/1741 2180/1852/1742 2182/1853/1743 2181/1854/1744
f 2180/1852/1742 2184/1855/1745 2185/1856/1746 2182/1853/1743
s 0
f 2178/1857/1747 2183/1858/1747 2185/1856/1747 2184/1855/1747
f 2183/1858/1748 2187/1859/1748 2188/1860/1748 2185/1856/1748
s 1
f 2179/1861/1749 2186/1862/1750 2188/1860/1751 2187/1859/1752
f 2186/1862/1750 2181/1854/1744 2182/1853/1743 2188/1860/1751
f 2182/1853/1743 2185/1856/1746 2188/1860/1751
f 2189/1863/1753 2192/1864/1754 2194/1865/1755 2193/1866/1756
f 2192/1864/1754 2196/1867/1757 2197/1868/1758 2194/1865/1755
s 0
f 2190/1869/1759 2195/1870/1759 2197/1868/1759 2196/1867/1759
f 2195/1870/1760 2199/1871/1760 2200/1872/1760 2197/1868/1760
s 1
f 2191/1873/1761 2198/1874/1762 2200/1872/1763 2199/1871/1764
f 2198/1874/1762 2193/1866/1756 2194/1865/1755 2200/1872/1763
f 2194/1865/1755 2197/1868/1758 2200/1872/1763
f 2205/1875/1765 2208/1876/1766 2210/1877/1767 2209/1878/1768
s 0
f 2208/1879/1769 2212/1880/1769 2213/1881/1769 2210/1882/1769
f 2206/1883/1770 2211/1884/1770 2213/1881/1770 2212/1880/1770
f 2211/1884/1771 2215/1885/1771 2216/1886/1771 2213/1881/1771
s 1
f 2207/1887/1772 2214/1888/1773 2216/1889/1774 2215/1890/1775
f 2214/1888/1773 2209/1878/1768 2210/1877/1767 2216/1889/1774
s 0
f 2210/1882/1776 2213/1881/1776 2216/1886/1776
s 1
f 2221/1891/1777 2224/1892/1778 2226/1893/1779 2225/1894/1780
s 0
f 2224/1895/1781 2228/1896/1781 2229/1897/1781 2226/1898/1781
f 2222/1899/1782 2227/1900/1782 2229/1897/1782 2228/1896/1782
f 2227/1900/1783 2231/1901/1783 2232/1902/1783 2229/1897/1783
s 1
f 2223/1903/1784 2230/1904/1785 2232/1905/1786 2231/1906/1787
f 2230/1904/1785 2225/1894/1780 2226/1893/1779 2232/1905/1786
s 0
f 2226/1898/1788 2229/1897/1788 2232/1902/1788
s 1
f 2237/1907/1789 2240/1908/1790 2242/1909/1791 2241/1910/1792
s 0
f 2240/1911/1793 2244/1912/1793 2245/1913/1793 2242/1914/1793
f 2238/1915/1794 2243/1916/1794 2245/1913/1794 2244/1912/1794
f 2243/1916/1795 2247/1917/1795 2248/1918/1795 2245/1913/1795
s 1
f 2239/1919/1796 2246/1920/1797 2248/1921/1798 2247/1922/1799
f 2246/1920/1797 2241/1910/1792 2242/1909/1791 2248/1921/1798
s 0
f 2242/1914/1800 2245/1913/1800 2248/1918/1800
s 1
f 2249/1923/1801 2252/1924/1802 2254/1925/1803 2253/1926/1804
s 0
f 2252/1927/1805 2256/1928/1805 2257/1929/1805 2254/1930/1805
f 2250/726/1806 2255/1931/1806 2257/1929/1806 2256/1928/1806
f 2255/1931/1807 2259/1932/1807 2260/1933/1807 2257/1929/1807
s 1
f 2251/1934/1808 2258/1935/1809 2260/1936/1810 2259/1937/1811
f 2258/1935/1809 2253/1926/1804 2254/1925/1803 2260/1936/1810
s 0
f 2254/1930/1812 2257/1929/1812 2260/1933/1812
s 1
f 2265/1938/1813 2268/1939/1814 2270/1940/1815 2269/1941/1816
s 0
f 2268/1942/1817 2272/1943/1817 2273/1944/1817 2270/1945/1817
f 2266/1946/1818 2271/1947/1818 2273/1944/1818 2272/1943/1818
f 2271/1947/1819 2275/1948/1819 2276/1949/1819 2273/1944/1819
s 1
f 2267/1950/1820 2274/1951/1821 2276/1952/1822 2275/1953/1823
f 2274/1951/1821 2269/1941/1816 2270/1940/1815 2276/1952/1822
s 0
f 2270/1945/1824 2273/1944/1824 2276/1949/1824
s 1
f 2281/1954/1825 2284/1955/1826 2286/1956/1827 2285/1957/1828
s 0
f 2284/1958/1829 2288/1959/1829 2289/1960/1829 2286/1961/1829
f 2282/1962/1830 2287/1963/1830 2289/1960/1830 2288/1959/1830
f 2287/1963/1831 2291/1964/1831 2292/1965/1831 2289/1960/1831
s 1
f 2283/1966/1832 2290/1967/1833 2292/1968/1834 2291/1969/1835
f 2290/1967/1833 2285/1957/1828 2286/1956/1827 2292/1968/1834
s 0
f 2286/1961/1836 2289/1960/1836 2292/1965/1836
s 1
f 2297/1970/1837 2300/1971/1838 2302/1972/1839 2301/1973/1840
s 0
f 2300/1974/1841 2304/1975/1841 2305/1976/1841 2302/1977/1841
f 2298/1978/1842 2303/1979/1842 2305/1976/1842 2304/1975/1842
f 2303/1979/1843 2307/1980/1843 2308/1981/1843 2305/1976/1843
s 1
f 2299/1982/1844 2306/1983/1845 2308/1984/1846 2307/1985/1847
f 2306/1983/1845 2301/1973/1840 2302/1972/1839 2308/1984/1846
s 0
f 2302/1977/1848 2305/1976/1848 2308/1981/1848
s 1
f 2309/1986/1849 2312/1987/1850 2314/1988/1851 2313/1989/1852
f 2312/1987/1850 2316/1990/1853 2317/1991/1854 2314/1988/1851
f 2310/1992/1855 2315/1993/1856 2317/1991/1854 2316/1990/1853
s 0
f 2315/1994/1857 2319/1995/1857 2320/1996/1857 2317/1997/1857
f 2311/1998/1858 2318/1999/1858 2320/1996/1858 2319/1995/1858
f 2318/1999/1859 2313/2000/1859 2314/2001/1859 2320/1996/1859
s 1
f 2314/1988/1851 2317/1991/1854 2320/2002/1860
f 2325/2003/1861 2328/2004/1862 2330/2005/1863 2329/2006/1864
f 2328/2004/1862 2332/2007/1865 2333/2008/1866 2330/2005/1863
f 2326/2009/1867 2331/2010/1868 2333/2008/1866 2332/2007/1865
s 0
f 2331/2011/1869 2335/2012/1869 2336/2013/1869 2333/2014/1869
f 2327/2015/1870 2334/2016/1870 2336/2013/1870 2335/2012/1870
f 2334/2016/1871 2329/2017/1871 2330/2018/1871 2336/2013/1871
s 1
f 2330/2005/1863 2333/2008/1866 2336/2019/1872
f 2341/2020/1873 2344/2021/1874 2346/2022/1875 2345/2023/1876
s 0
f 2344/2024/1877 2348/2025/1877 2349/2026/1877 2346/2027/1877
f 2342/2028/1878 2347/2029/1878 2349/2026/1878 2348/2025/1878
f 2347/2029/1879 2351/2030/1879 2352/2031/1879 2349/2026/1879
s 1
f 2343/2032/1880 2350/2033/1881 2352/2034/1882 2351/2035/1883
f 2350/2033/1881 2345/2023/1876 2346/2022/1875 2352/2034/1882
s 0
f 2346/2027/1884 2349/2026/1884 2352/2031/1884
s 1
f 2357/2036/1885 2360/2037/1886 2362/2038/1887 2361/2039/1888
s 0
f 2360/2040/1889 2364/2041/1889 2365/2042/1889 2362/2043/1889
f 2358/2044/1890 2363/2045/1890 2365/2042/1890 2364/2041/1890
f 2363/2045/1891 2367/2046/1891 2368/2047/1891 2365/2042/1891
s 1
f 2359/2048/1892 2366/2049/1893 2368/2050/1894 2367/2051/1895
f 2366/2049/1893 2361/2039/1888 2362/2038/1887 2368/2050/1894
s 0
f 2362/2043/1896 2365/2042/1896 2368/2047/1896
s 1
f 2369/2052/1897 2372/2053/1898 2374/2054/1899 2373/2055/1900
f 2372/2053/1898 2376/2056/1901 2377/2057/1902 2374/2054/1899
f 2370/2058/1903 2375/2059/1904 2377/2057/1902 2376/2056/1901
s 0
f 2375/2060/1905 2379/2061/1905 2380/2062/1905 2377/2063/1905
f 2371/828/1906 2378/2064/1906 2380/2062/1906 2379/2061/1906
f 2378/2064/1907 2373/2065/1907 2374/2066/1907 2380/2062/1907
s 1
f 2374/2054/1899 2377/2057/1902 2380/2067/1908
f 2385/2068/1909 2388/2069/1910 2390/2070/1911 2389/2071/1912
f 2388/2069/1910 2392/2072/1913 2393/2073/1914 2390/2070/1911
f 2386/2074/1915 2391/2075/1916 2393/2073/1914 2392/2072/1913
s 0
f 2391/2076/1917 2395/2077/1917 2396/2078/1917 2393/2079/1917
f 2387/2080/1918 2394/2081/1918 2396/2078/1918 2395/2077/1918
f 2394/2081/1919 2389/2082/1919 2390/2083/1919 2396/2078/1919
s 1
f 2390/2070/1911 2393/2073/1914 2396/2084/1920
f 2401/2085/1921 2404/2086/1922 2406/2087/1923 2405/2088/1924
s 0
f 2404/2089/1925 2408/2090/1925 2409/2091/1925 2406/2092/1925
f 2402/2093/1926 2407/2094/1926 2409/2091/1926 2408/2090/1926
f 2407/2094/1927 2411/2095/1927 2412/2096/1927 2409/2091/1927
s 1
f 2403/2097/1928 2410/2098/1929 2412/2099/1930 2411/2100/1931
f 2410/2098/1929 2405/2088/1924 2406/2087/1923 2412/2099/1930
s 0
f 2406/2092/1932 2409/2091/1932 2412/2096/1932
s 1
f 2417/2101/1933 2420/2102/1934 2422/2103/1935 2421/2104/1936
s 0
f 2420/2105/1937 2424/2106/1937 2425/2107/1937 2422/2108/1937
f 2418/869/1938 2423/2109/1938 2425/2107/1938 2424/2106/1938
f 2423/2109/1939 2427/2110/1939 2428/2111/1939 2425/2107/1939
s 1
f 2419/2112/1940 2426/2113/1941 2428/2114/1942 2427/2115/1943
f 2426/2113/1941 2421/2104/1936 2422/2103/1935 2428/2114/1942
s 0
f 2422/2108/1944 2425/2107/1944 2428/2111/1944
s 1
f 2429/2116/1945 2432/2117/1946 2434/2118/1947 2433/2119/1948
f 2432/2117/1946 2436/2120/1949 2437/2121/1950 2434/2118/1947
f 2430/2122/1951 2435/2123/1952 2437/2121/1950 2436/2120/1949
s 0
f 2435/2124/1953 2439/2125/1953 2440/2126/1953 2437/2127/1953
f 2431/880/1954 2438/2128/1954 2440/2126/1954 2439/2125/1954
f 2438/2128/1955 2433/2129/1955 2434/2130/1955 2440/2126/1955
s 1
f 2434/2118/1947 2437/2121/1950 2440/2131/1956
f 2445/2132/1957 2448/2133/1958 2450/2134/1959 2449/2135/1960
f 2448/2133/1958 2452/2136/1961 2453/2137/1962 2450/2134/1959
f 2446/2138/1963 2451/2139/1964 2453/2137/1962 2452/2136/1961
s 0
f 2451/2140/1965 2455/2141/1965 2456/2142/1965 2453/2143/1965
f 2447/2144/1966 2454/2145/1966 2456/2142/1966 2455/2141/1966
f 2454/2145/1967 2449/2146/1967 2450/2147/1967 2456/2142/1967
s 1
f 2450/2134/1959 2453/2137/1962 2456/2148/1968
f 2461/2149/1969 2464/2150/1970 2466/2151/1971 2465/2152/1972
s 0
f 2464/2153/1973 2468/2154/1973 2469/2155/1973 2466/2156/1973
f 2462/2157/1974 2467/2158/1974 2469/2155/1974 2468/2154/1974
f 2467/2158/1975 2471/2159/1975 2472/2160/1975 2469/2155/1975
s 1
f 2463/2161/1976 2470/2162/1977 2472/2163/1978 2471/2164/1979
f 2470/2162/1977 2465/2152/1972 2466/2151/1971 2472/2163/1978
s 0
f 2466/2156/1980 2469/2155/1980 2472/2160/1980
s 1
f 2477/2165/1981 2480/2166/1982 2482/2167/1983 2481/2168/1984
f 2480/2166/1982 2484/2169/1985 2485/2170/1986 2482/2167/1983
f 2478/2171/1987 2483/2172/1988 2485/2170/1986 2484/2169/1985
s 0
f 2483/2173/1989 2487/2174/1989 2488/2175/1989 2485/2176/1989
f 2479/2177/1990 2486/2178/1990 2488/2175/1990 2487/2174/1990
f 2486/2178/1991 2481/2179/1991 2482/2180/1991 2488/2175/1991
s 1
f 2482/2167/1983 2485/2170/1986 2488/2181/1992
f 2489/2182/1993 2492/2183/1994 2494/2184/1995 2493/2185/1996
f 2492/2183/1994 2496/2186/1997 2497/2187/1998 2494/2184/1995
f 2490/2188/1999 2495/2189/2000 2497/2187/1998 2496/2186/1997
s 0
f 2495/2190/2001 2499/2191/2001 2500/2192/2001 2497/2193/2001
f 2491/934/2002 2498/2194/2002 2500/2192/2002 2499/2191/2002
f 2498/2194/2003 2493/2195/2003 2494/2196/2003 2500/2192/2003
s 1
f 2494/2184/1995 2497/2187/1998 2500/2197/2004
f 2505/2198/2005 2508/2199/2006 2510/2200/2007 2509/2201/2008
f 2508/2199/2006 2512/2202/2009 2513/2203/2010 2510/2200/2007
f 2506/2204/2011 2511/2205/2012 2513/2203/2010 2512/2202/2009
s 0
f 2511/2206/2013 2515/2207/2013 2516/2208/2013 2513/2209/2013
f 2507/2210/2014 2514/2211/2014 2516/2208/2014 2515/2207/2014
f 2514/2211/2015 2509/2212/2015 2510/2213/2015 2516/2208/2015
s 1
f 2510/2200/2007 2513/2203/2010 2516/2214/2016
f 2521/2215/2017 2524/2216/2018 2526/2217/2019 2525/2218/2020
s 0
f 2524/2219/2021 2528/2220/2021 2529/2221/2021 2526/2222/2021
f 2522/2223/2022 2527/2224/2022 2529/2221/2022 2528/2220/2022
f 2527/2224/2023 2531/2225/2023 2532/2226/2023 2529/2221/2023
s 1
f 2523/2227/2024 2530/2228/2025 2532/2229/2026 2531/2230/2027
f 2530/2228/2025 2525/2218/2020 2526/2217/2019 2532/2229/2026
s 0
f 2526/2222/2028 2529/2221/2028 2532/2226/2028
s 1
f 2537/2231/2029 2540/2232/2030 2542/2233/2031 2541/2234/2032
f 2540/2232/2030 2544/2235/2033 2545/2236/2034 2542/2233/2031
f 2538/2237/2035 2543/2238/2036 2545/2236/2034 2544/2235/2033
s 0
f 2543/2239/2037 2547/2240/2037 2548/2241/2037 2545/2242/2037
f 2539/971/2038 2546/2243/2038 2548/2241/2038 2547/2240/2038
f 2546/2243/2039 2541/2244/2039 2542/2245/2039 2548/2241/2039
s 1
f 2542/2233/2031 2545/2236/2034 2548/2246/2040
f 2549/2247/2041 2552/2248/2042 2554/2249/2043 2553/2250/2044
f 2552/2248/2042 2556/2251/2045 2557/2252/2046 2554/2249/2043
f 2550/2253/2047 2555/2254/2048 2557/2252/2046 2556/2251/2045
s 0
f 2555/2255/2049 2559/2256/2049 2560/2257/2049 2557/2258/2049
f 2551/986/2050 2558/2259/2050 2560/2257/2050 2559/2256/2050
f 2558/2259/2051 2553/2260/2051 2554/2261/2051 2560/2257/2051
s 1
f 2554/2249/2043 2557/2252/2046 2560/2262/2052
f 2565/2263/2053 2568/2264/2054 2570/2265/2055 2569/2266/2056
f 2568/2264/2054 2572/2267/2057 2573/2268/2058 2570/2265/2055
f 2566/2269/2059 2571/2270/2060 2573/2268/2058 2572/2267/2057
s 0
f 2571/2271/2061 2575/2272/2061 2576/2273/2061 2573/2274/2061
f 2567/2275/2062 2574/2276/2062 2576/2273/2062 2575/2272/2062
f 2574/2276/2063 2569/2277/2063 2570/2278/2063 2576/2273/2063
s 1
f 2570/2265/2055 2573/2268/2058 2576/2279/2064
f 2581/2280/2065 2584/2281/2066 2586/2282/2067 2585/2283/2068
s 0
f 2584/2284/2069 2588/2285/2069 2589/2286/2069 2586/2287/2069
f 2582/2288/2070 2587/2289/2070 2589/2286/2070 2588/2285/2070
f 2587/2289/2071 2591/2290/2071 2592/2291/2071 2589/2286/2071
s 1
f 2583/2292/2072 2590/2293/2073 2592/2294/2074 2591/2295/2075
f 2590/2293/2073 2585/2283/2068 2586/2282/2067 2592/2294/2074
s 0
f 2586/2287/2076 2589/2286/2076 2592/2291/2076
s 1
f 2597/2296/2077 2600/2297/2078 2602/2298/2079 2601/2299/2080
f 2600/2297/2078 2604/2300/2081 2605/2301/2082 2602/2298/2079
f 2598/2302/2083 2603/2303/2084 2605/2301/2082 2604/2300/2081
s 0
f 2603/2304/2085 2607/2305/2085 2608/2306/2085 2605/2307/2085
f 2599/1024/2086 2606/2308/2086 2608/2306/2086 2607/2305/2086
f 2606/2308/2087 2601/2309/2087 2602/2310/2087 2608/2306/2087
s 1
f 2602/2298/2079 2605/2301/2082 2608/2311/2088
f 2609/2312/2089 2612/2313/2090 2614/2314/2091 2613/2315/2092
f 2612/2313/2090 2616/2316/2093 2617/2317/2094 2614/2314/2091
f 2610/2318/2095 2615/2319/2096 2617/2317/2094 2616/2316/2093
s 0
f 2615/2320/2097 2619/2321/2097 2620/2322/2097 2617/2323/2097
f 2611/2324/2098 2618/2325/2098 2620/2322/2098 2619/2321/2098
f 2618/2325/2099 2613/2326/2099 2614/2327/2099 2620/2322/2099
s 1
f 2614/2314/2091 2617/2317/2094 2620/2328/2100
f 2625/2329/2101 2628/2330/2102 2630/2331/2103 2629/2332/2104
f 2628/2330/2102 2632/2333/2105 2633/2334/2106 2630/2331/2103
f 2626/2335/2107 2631/2336/2108 2633/2334/2106 2632/2333/2105
s 0
f 2631/2337/2109 2635/2338/2109 2636/2339/2109 2633/2340/2109
f 2627/2341/2110 2634/2342/2110 2636/2339/2110 2635/2338/2110
f 2634/2342/2111 2629/2343/2111 2630/2344/2111 2636/2339/2111
s 1
f 2630/2331/2103 2633/2334/2106 2636/2345/2112
f 2641/2346/2113 2644/2347/2114 2646/2348/2115 2645/2349/2116
s 0
f 2644/2350/2117 2648/2351/2117 2649/2352/2117 2646/2353/2117
f 2642/2354/2118 2647/2355/2118 2649/2352/2118 2648/2351/2118
f 2647/2355/2119 2651/2356/2119 2652/2357/2119 2649/2352/2119
s 1
f 2643/2358/2120 2650/2359/2121 2652/2360/2122 2651/2361/2123
f 2650/2359/2121 2645/2349/2116 2646/2348/2115 2652/2360/2122
s 0
f 2646/2353/2124 2649/2352/2124 2652/2357/2124
s 1
f 2657/2362/2125 2660/2363/2126 2662/2364/2127 2661/2365/2128
f 2660/2363/2126 2664/2366/2129 2665/2367/2130 2662/2364/2127
f 2658/2368/2131 2663/2369/2132 2665/2367/2130 2664/2366/2129
s 0
f 2663/2370/2133 2667/2371/2133 2668/2372/2133 2665/2373/2133
f 2659/1078/2134 2666/2374/2134 2668/2372/2134 2667/2371/2134
f 2666/2374/2135 2661/2375/2135 2662/2376/2135 2668/2372/2135
s 1
f 2662/2364/2127 2665/2367/2130 2668/2377/2136
f 2669/2378/2137 2672/2379/2138 2674/2380/2139 2673/2381/2140
f 2672/2379/2138 2676/2382/2141 2677/2383/2142 2674/2380/2139
f 2670/2384/2143 2675/2385/2144 2677/2383/2142 2676/2382/2141
s 0
f 2675/2386/2145 2679/2387/2145 2680/2388/2145 2677/2389/2145
f 2671/2390/2146 2678/2391/2146 2680/2388/2146 2679/2387/2146
f 2678/2391/2147 2673/2392/2147 2674/2393/2147 2680/2388/2147
s 1
f 2674/2380/2139 2677/2383/2142 2680/2394/2148
f 2685/2395/2149 2688/2396/2150 2690/2397/2151 2689/2398/2152
f 2688/2396/2150 2692/2399/2153 2693/2400/2154 2690/2397/2151
f 2686/2401/2155 2691/2402/2156 2693/2400/2154 2692/2399/2153
s 0
f 2691/2403/2157 2695/2404/2157 2696/2405/2157 2693/2406/2157
f 2687/2407/2158 2694/2408/2158 2696/2405/2158 2695/2404/2158
f 2694/2408/2159 2689/2409/2159 2690/2410/2159 2696/2405/2159
s 1
f 2690/2397/2151 2693/2400/2154 2696/2411/2160
f 2701/2412/2161 2704/2413/2162 2706/2414/2163 2705/2415/2164
f 2704/2413/2162 2708/2416/2165 2709/2417/2166 2706/2414/2163
f 2702/2418/2167 2707/2419/2168 2709/2417/2166 2708/2416/2165
s 0
f 2707/2420/2169 2711/2421/2169 2712/2422/2169 2709/2423/2169
f 2703/2424/2170 2710/2425/2170 2712/2422/2170 2711/2421/2170
f 2710/2425/2171 2705/2426/2171 2706/2427/2171 2712/2422/2171
s 1
f 2706/2414/2163 2709/2417/2166 2712/2428/2172
f 2717/2429/2173 2720/2430/2174 2722/2431/2175 2721/2432/2176
f 2720/2430/2174 2724/2433/2177 2725/2434/2178 2722/2431/2175
f 2718/2435/2179 2723/2436/2180 2725/2434/2178 2724/2433/2177
s 0
f 2723/2437/2181 2727/2438/2181 2728/2439/2181 2725/2440/2181
f 2719/1130/2182 2726/2441/2182 2728/2439/2182 2727/2438/2182
f 2726/2441/2183 2721/2442/2183 2722/2443/2183 2728/2439/2183
s 1
f 2722/2431/2175 2725/2434/2178 2728/2444/2184
f 2729/2445/2185 2732/2446/2186 2734/2447/2187 2733/2448/2188
f 2732/2446/2186 2736/2449/2189 2737/2450/2190 2734/2447/2187
f 2730/2451/2191 2735/2452/2192 2737/2450/2190 2736/2449/2189
s 0
f 2735/2453/2193 2739/2454/2193 2740/2455/2193 2737/2456/2193
f 2731/2457/2194 2738/2458/2194 2740/2455/2194 2739/2454/2194
f 2738/2458/2195 2733/2459/2195 2734/2460/2195 2740/2455/2195
s 1
f 2734/2447/2187 2737/2450/2190 2740/2461/2196
f 2745/2462/2197 2748/2463/2198 2750/2464/2199 2749/2465/2200
f 2748/2463/2198 2752/2466/2201 2753/2467/2202 2750/2464/2199
f 2746/2468/2203 2751/2469/2204 2753/2467/2202 2752/2466/2201
s 0
f 2751/2470/2205 2755/2471/2205 2756/2472/2205 2753/2473/2205
f 2747/2474/2206 2754/2475/2206 2756/2472/2206 2755/2471/2206
f 2754/2475/2207 2749/2476/2207 2750/2477/2207 2756/2472/2207
s 1
f 2750/2464/2199 2753/2467/2202 2756/2478/2208
f 2761/2479/2209 2764/2480/2210 2766/2481/2211 2765/2482/2212
f 2764/2480/2210 2768/2483/2213 2769/2484/2214 2766/2481/2211
f 2762/2485/2215 2767/2486/2216 2769/2484/2214 2768/2483/2213
s 0
f 2767/2487/2217 2771/2488/2217 2772/2489/2217 2769/2490/2217
f 2763/2491/2218 2770/2492/2218 2772/2489/2218 2771/2488/2218
f 2770/2492/2219 2765/2493/2219 2766/2494/2219 2772/2489/2219
s 1
f 2766/2481/2211 2769/2484/2214 2772/2495/2220
f 2777/2496/2221 2780/2497/2222 2782/2498/2223 2781/2499/2224
f 2780/2497/2222 2784/2500/2225 2785/2501/2226 2782/2498/2223
f 2778/2502/2227 2783/2503/2228 2785/2501/2226 2784/2500/2225
s 0
f 2783/2504/2229 2787/2505/2229 2788/2506/2229 2785/2507/2229
f 2779/2508/2230 2786/2509/2230 2788/2506/2230 2787/2505/2230
f 2786/2509/2231 2781/2510/2231 2782/2511/2231 2788/2506/2231
s 1
f 2782/2498/2223 2785/2501/2226 2788/2512/2232
f 2789/2513/2233 2792/2514/2234 2794/2515/2235 2793/2516/2236
f 2792/2514/2234 2796/2517/2237 2797/2518/2238 2794/2515/2235
f 2790/2519/2239 2795/2520/2240 2797/2518/2238 2796/2517/2237
s 0
f 2795/2521/2241 2799/2522/2241 2800/2523/2241 2797/2524/2241
f 2791/2525/2242 2798/2526/2242 2800/2523/2242 2799/2522/2242
f 2798/2526/2243 2793/2527/2243 2794/2528/2243 2800/2523/2243
s 1
f 2794/2515/2235 2797/2518/2238 2800/2529/2244
f 2805/2530/2245 2808/2531/2246 2810/2532/2247 2809/2533/2248
f 2808/2531/2246 2812/2534/2249 2813/2535/2250 2810/2532/2247
f 2806/2536/2251 2811/2537/2252 2813/2535/2250 2812/2534/2249
s 0
f 2811/2538/2253 2815/2539/2253 2816/2540/2253 2813/2541/2253
f 2807/2542/2254 2814/2543/2254 2816/2540/2254 2815/2539/2254
f 2814/2543/2255 2809/2544/2255 2810/2545/2255 2816/2540/2255
s 1
f 2810/2532/2247 2813/2535/2250 2816/2546/2256
f 2821/2547/2257 2824/2548/2258 2826/2549/2259 2825/2550/2260
f 2824/2548/2258 2828/2551/2261 2829/2552/2262 2826/2549/2259
f 2822/2553/2263 2827/2554/2264 2829/2552/2262 2828/2551/2261
s 0
f 2827/2555/2265 2831/2556/2265 2832/2557/2265 2829/2558/2265
f 2823/2559/2266 2830/2560/2266 2832/2557/2266 2831/2556/2266
f 2830/2560/2267 2825/2561/2267 2826/2562/2267 2832/2557/2267
s 1
f 2826/2549/2259 2829/2552/2262 2832/2563/2268
f 2837/2564/2269 2840/2565/2270 2842/2566/2271 2841/2567/2272
f 2840/2565/2270 2844/2568/2273 2845/2569/2274 2842/2566/2271
f 2838/2570/2275 2843/2571/2276 2845/2569/2274 2844/2568/2273
s 0
f 2843/2572/2277 2847/2573/2277 2848/2574/2277 2845/2575/2277
f 2839/2576/2278 2846/2577/2278 2848/2574/2278 2847/2573/2278
f 2846/2577/2279 2841/2578/2279 2842/2579/2279 2848/2574/2279
s 1
f 2842/2566/2271 2845/2569/2274 2848/2580/2280
f 2849/2581/2281 2852/2582/2282 2854/2583/2283 2853/2584/2284
f 2852/2582/2282 2856/2585/2285 2857/2586/2286 2854/2583/2283
f 2850/2587/2287 2855/2588/2288 2857/2586/2286 2856/2585/2285
s 0
f 2855/2589/2289 2859/2590/2289 2860/2591/2289 2857/2592/2289
f 2851/2593/2290 2858/2594/2290 2860/2591/2290 2859/2590/2290
f 2858/2594/2291 2853/2595/2291 2854/2596/2291 2860/2591/2291
s 1
f 2854/2583/2283 2857/2586/2286 2860/2597/2292
f 2865/2598/2293 2868/2599/2294 2870/2600/2295 2869/2601/2296
f 2868/2599/2294 2872/2602/2297 2873/2603/2298 2870/2600/2295
f 2866/2604/2299 2871/2605/2300 2873/2603/2298 2872/2602/2297
s 0
f 2871/2606/2301 2875/2607/2301 2876/2608/2301 2873/2609/2301
f 2867/2610/2302 2874/2611/2302 2876/2608/2302 2875/2607/2302
f 2874/2611/2303 2869/2612/2303 2870/2613/2303 2876/2608/2303
s 1
f 2870/2600/2295 2873/2603/2298 2876/2614/2304
s 0
f 1034/2615/2305 1038/919/2305 1044/922/2305 1036/2616/2305
s 1
f 1036/2617/2306 1044/917/833 1040/914/830 1035/2618/2307
f 1035/2618/2307 1040/914/830 1037/913/829 1033/2619/2308
s 0
f 1038/919/2309 1050/934/2309 1056/937/2309 1043/920/2309
s 1
f 1043/923/836 1056/932/845 1052/929/842 1047/924/837
f 1047/924/837 1052/929/842 1049/928/841 1039/926/839
s 0
f 1050/934/2310 1061/2620/2310 1063/2621/2310 1055/935/2310
s 1
f 1055/938/848 1063/2622/2311 1064/2623/2312 1059/939/849
f 1059/939/849 1064/2623/2312 1062/2624/2313 1051/941/851
s 0
f 1023/911/2314 1034/2615/2314 1036/2616/2314 1030/912/2314
s 1
f 1030/909/828 1036/2617/2306 1035/2618/2307 1025/904/820
f 1025/904/820 1035/2618/2307 1033/2619/2308 1021/901/817
s 0
f 1061/2620/2315 1066/948/2315 1072/949/2315 1063/2621/2315
s 1
f 1063/2622/2311 1072/947/857 1068/944/854 1064/2623/2312
f 1064/2623/2312 1068/944/854 1065/943/853 1062/2624/2313
s 0
f 979/869/2316 990/880/2316 996/883/2316 986/870/2316
s 1
f 986/873/792 996/878/797 992/875/794 981/862/784
f 981/862/784 992/875/794 989/874/793 977/859/781
s 0
f 990/880/2317 1001/2625/2317 1003/2626/2317 995/881/2317
s 1
f 995/884/800 1003/2627/2318 1004/2628/2319 999/885/801
f 999/885/801 1004/2628/2319 1002/2629/2320 991/887/803
s 0
f 1094/2630/2321 1098/971/2321 1104/974/2321 1096/2631/2321
s 1
f 1096/2632/2322 1104/969/881 1100/966/878 1095/2633/2323
f 1095/2633/2323 1100/966/878 1097/965/877 1093/2634/2324
s 0
f 1098/971/2325 1110/986/2325 1116/989/2325 1103/972/2325
s 1
f 1103/975/884 1116/984/893 1112/981/890 1107/976/885
f 1107/976/885 1112/981/890 1109/980/889 1099/978/887
s 0
f 974/2635/2326 979/869/2326 987/872/2326 976/2636/2326
s 1
f 976/2637/2327 987/867/789 983/866/788 975/2638/2328
f 975/2638/2328 983/866/788 978/865/787 973/2639/2329
s 0
f 1110/986/2330 1121/2640/2330 1123/2641/2330 1115/987/2330
s 1
f 1115/990/896 1123/2642/2331 1124/2643/2332 1119/991/897
f 1119/991/897 1124/2643/2332 1122/2644/2333 1111/993/899
s 0
f 1001/2625/2334 1006/895/2334 1012/896/2334 1003/2626/2334
s 1
f 1003/2627/2318 1012/893/809 1008/890/806 1004/2628/2319
f 1004/2628/2319 1008/890/806 1005/889/805 1002/2629/2320
s 0
f 1083/963/2335 1094/2630/2335 1096/2631/2335 1090/964/2335
s 1
f 1090/962/876 1096/2632/2322 1095/2633/2323 1085/957/868
f 1085/957/868 1095/2633/2323 1093/2634/2324 1081/954/865
s 0
f 963/857/2336 974/2635/2336 976/2636/2336 970/858/2336
s 1
f 970/856/780 976/2637/2327 975/2638/2328 965/851/772
f 965/851/772 975/2638/2328 973/2639/2329 961/848/769
s 0
f 1121/2640/2337 1126/1001/2337 1132/1002/2337 1123/2641/2337
s 1
f 1123/2642/2331 1132/999/905 1128/996/902 1124/2643/2332
f 1124/2643/2332 1128/996/902 1125/995/901 1122/2644/2333
s 0
f 1018/2645/2338 1023/911/2338 1031/912/2338 1020/2646/2338
s 1
f 1020/2647/2339 1031/909/825 1027/908/824 1019/2648/2340
f 1019/2648/2340 1027/908/824 1022/907/823 1017/2649/2341
s 0
f 1066/948/2342 1077/2650/2342 1079/2651/2342 1071/949/2342
s 1
f 1071/947/860 1079/2652/2343 1080/2653/2344 1075/950/861
f 1075/950/861 1080/2653/2344 1078/2654/2345 1067/952/863
s 0
f 1006/895/2346 1018/2645/2346 1020/2646/2346 1011/896/2346
s 1
f 1011/893/812 1020/2647/2339 1019/2648/2340 1015/897/813
f 1015/897/813 1019/2648/2340 1017/2649/2341 1007/899/815
s 0
f 1077/2650/2347 1083/963/2347 1091/964/2347 1079/2651/2347
s 1
f 1079/2652/2343 1091/962/873 1087/961/872 1080/2653/2344
f 1080/2653/2344 1087/961/872 1082/960/871 1078/2654/2345
s 0
f 919/817/2348 930/828/2348 936/831/2348 926/818/2348
s 1
f 926/821/744 936/826/749 932/823/746 921/810/736
f 921/810/736 932/823/746 929/822/745 917/807/733
s 0
f 930/828/2349 941/2655/2349 943/2656/2349 935/829/2349
s 1
f 935/832/752 943/2657/2350 944/2658/2351 939/833/753
f 939/833/753 944/2658/2351 942/2659/2352 931/835/755
s 0
f 1154/2660/2353 1158/1024/2353 1164/1027/2353 1156/2661/2353
s 1
f 1156/2662/2354 1164/1022/929 1160/1019/926 1155/2663/2355
f 1155/2663/2355 1160/1019/926 1157/1018/925 1153/2664/2356
s 0
f 1158/1024/2357 1170/1039/2357 1176/1042/2357 1163/1025/2357
s 1
f 1163/1028/932 1176/1037/941 1172/1034/938 1167/1029/933
f 1167/1029/933 1172/1034/938 1169/1033/937 1159/1031/935
s 0
f 941/2655/2358 946/842/2358 952/843/2358 943/2656/2358
s 1
f 943/2657/2350 952/841/761 948/838/758 944/2658/2351
f 944/2658/2351 948/838/758 945/837/757 942/2659/2352
s 0
f 1143/1016/2359 1154/2660/2359 1156/2661/2359 1150/1017/2359
s 1
f 1150/1015/924 1156/2662/2354 1155/2663/2355 1145/1010/916
f 1145/1010/916 1155/2663/2355 1153/2664/2356 1141/1007/913
s 0
f 914/2665/2360 919/817/2360 927/820/2360 916/2666/2360
s 1
f 916/2667/2361 927/815/741 923/814/740 915/2668/2362
f 915/2668/2362 923/814/740 918/813/739 913/2669/2363
s 0
f 1170/1039/2364 1181/2670/2364 1183/2671/2364 1175/1040/2364
s 1
f 1175/1043/944 1183/2672/2365 1184/2673/2366 1179/1044/945
f 1179/1044/945 1184/2673/2366 1182/2674/2367 1171/1046/947
s 0
f 903/805/2368 914/2665/2368 916/2666/2368 910/806/2368
s 1
f 910/804/732 916/2667/2361 915/2668/2362 905/799/724
f 905/799/724 915/2668/2362 913/2669/2363 901/796/721
s 0
f 1181/2670/2369 1186/1054/2369 1192/1055/2369 1183/2671/2369
s 1
f 1183/2672/2365 1192/1052/953 1188/1049/950 1184/2673/2366
f 1184/2673/2366 1188/1049/950 1185/1048/949 1182/2674/2367
s 0
f 958/2675/2370 963/857/2370 971/858/2370 960/2676/2370
s 1
f 960/2677/2371 971/856/777 967/855/776 959/2678/2372
f 959/2678/2372 967/855/776 962/854/775 957/2679/2373
s 0
f 1126/1001/2374 1137/2680/2374 1139/2681/2374 1131/1002/2374
s 1
f 1131/999/908 1139/2682/2375 1140/2683/2376 1135/1003/909
f 1135/1003/909 1140/2683/2376 1138/2684/2377 1127/1005/911
s 0
f 946/842/2378 958/2675/2378 960/2676/2378 951/843/2378
s 1
f 951/841/764 960/2677/2371 959/2678/2372 955/844/765
f 955/844/765 959/2678/2372 957/2679/2373 947/846/767
s 0
f 1137/2680/2379 1143/1016/2379 1151/1017/2379 1139/2681/2379
s 1
f 1139/2682/2375 1151/1015/921 1147/1014/920 1140/2683/2376
f 1140/2683/2376 1147/1014/920 1142/1013/919 1138/2684/2377
s 0
f 898/2685/2380 903/805/2380 911/806/2380 900/2686/2380
s 1
f 900/2687/2381 911/804/729 907/803/728 899/2688/2382
f 899/2688/2382 907/803/728 902/802/727 897/2689/2383
s 0
f 1186/1054/2384 1197/2690/2384 1199/2691/2384 1191/1055/2384
s 1
f 1191/1052/956 1199/2692/2385 1200/2693/2386 1195/1056/957
f 1195/1056/957 1200/2693/2386 1198/2694/2387 1187/1058/959
s 0
f 859/765/2388 870/776/2388 876/779/2388 866/766/2388
s 1
f 866/769/696 876/774/701 872/771/698 861/758/688
f 861/758/688 872/771/698 869/770/697 857/755/685
s 0
f 870/776/2389 881/2695/2389 883/2696/2389 875/777/2389
s 1
f 875/780/704 883/2697/2390 884/2698/2391 879/781/705
f 879/781/705 884/2698/2391 882/2699/2392 871/783/707
s 0
f 1214/2700/2393 1218/1078/2393 1224/1081/2393 1216/2701/2393
s 1
f 1216/2702/2394 1224/1076/977 1220/1073/974 1215/2703/2395
f 1215/2703/2395 1220/1073/974 1217/1072/973 1213/2704/2396
s 0
f 1218/1078/2397 1230/1093/2397 1236/1096/2397 1223/1079/2397
s 1
f 1223/1082/980 1236/1091/989 1232/1088/986 1227/1083/981
f 1227/1083/981 1232/1088/986 1229/1087/985 1219/1085/983
s 0
f 881/2695/2398 886/790/2398 892/791/2398 883/2696/2398
s 1
f 883/2697/2390 892/789/713 888/786/710 884/2698/2391
f 884/2698/2391 888/786/710 885/785/709 882/2699/2392
s 0
f 1203/1070/2399 1214/2700/2399 1216/2701/2399 1210/1071/2399
s 1
f 1210/1068/972 1216/2702/2394 1215/2703/2395 1205/1063/964
f 1205/1063/964 1215/2703/2395 1213/2704/2396 1201/1060/961
s 0
f 854/2705/2400 859/765/2400 867/768/2400 856/2706/2400
s 1
f 856/2707/2401 867/763/693 863/762/692 855/2708/2402
f 855/2708/2402 863/762/692 858/761/691 853/2709/2403
s 0
f 1230/1093/2404 1241/2710/2404 1243/2711/2404 1235/1094/2404
s 1
f 1235/1097/992 1243/2712/2405 1244/2713/2406 1239/1098/993
f 1239/1098/993 1244/2713/2406 1242/2714/2407 1231/1100/995
s 0
f 886/790/2408 898/2685/2408 900/2686/2408 891/791/2408
s 1
f 891/789/716 900/2687/2381 899/2688/2382 895/792/717
f 895/792/717 899/2688/2382 897/2689/2383 887/794/719
s 0
f 1197/2690/2409 1203/1070/2409 1211/1071/2409 1199/2691/2409
s 1
f 1199/2692/2385 1211/1068/969 1207/1067/968 1200/2693/2386
f 1200/2693/2386 1207/1067/968 1202/1066/967 1198/2694/2387
s 0
f 843/753/2410 854/2705/2410 856/2706/2410 850/754/2410
s 1
f 850/751/684 856/2707/2401 855/2708/2402 845/746/676
f 845/746/676 855/2708/2402 853/2709/2403 841/743/673
s 0
f 1241/2710/2411 1246/1107/2411 1252/1108/2411 1243/2711/2411
s 1
f 1243/2712/2405 1252/1106/1001 1248/1103/998 1244/2713/2406
f 1244/2713/2406 1248/1103/998 1245/1102/997 1242/2714/2407
s 0
f 838/2715/2412 843/753/2412 851/754/2412 840/2716/2412
s 1
f 840/2717/2413 851/751/681 847/750/680 839/2718/2414
f 839/2718/2414 847/750/680 842/749/679 837/2719/2415
s 0
f 1246/1107/2416 1257/2720/2416 1259/2721/2416 1251/1108/2416
s 1
f 1251/1106/1004 1259/2722/2417 1260/2723/2418 1255/1109/1005
f 1255/1109/1005 1260/2723/2418 1258/2724/2419 1247/1111/1007
s 0
f 827/741/2420 838/2715/2420 840/2716/2420 834/742/2420
s 1
f 834/739/672 840/2717/2413 839/2718/2414 829/734/664
f 829/734/664 839/2718/2414 837/2719/2415 825/731/661
s 0
f 1257/2720/2421 1262/1118/2421 1268/1119/2421 1259/2721/2421
s 1
f 1259/2722/2417 1268/1117/1013 1264/1114/1010 1260/2723/2418
f 1260/2723/2418 1264/1114/1010 1261/1113/1009 1258/2724/2419
s 0
f 811/726/2422 821/2725/2422 823/2726/2422 818/727/2422
s 1
f 818/730/660 823/2727/2423 824/2728/2424 813/719/652
f 813/719/652 824/2728/2424 822/2729/2425 809/716/649
s 0
f 821/2725/2426 827/741/2426 835/742/2426 823/2726/2426
s 1
f 823/2727/2423 835/739/669 831/738/668 824/2728/2424
f 824/2728/2424 831/738/668 826/737/667 822/2729/2425
s 0
f 1262/1118/2427 1273/2730/2427 1275/2731/2427 1267/1119/2427
s 1
f 1267/1117/1016 1275/2732/2428 1276/2733/2429 1271/1120/1017
f 1271/1120/1017 1276/2733/2429 1274/2734/2430 1263/1122/1019
s 0
f 1273/2730/2431 1278/1130/2431 1284/1133/2431 1275/2731/2431
s 1
f 1275/2732/2428 1284/1128/1025 1280/1125/1022 1276/2733/2429
f 1276/2733/2429 1280/1125/1022 1277/1124/1021 1274/2734/2430
s 0
f 799/711/2432 811/726/2432 819/729/2432 806/712/2432
s 1
f 806/715/648 819/724/657 815/723/656 801/704/640
f 801/704/640 815/723/656 810/722/655 797/701/637
s 0
f 1278/1130/2433 1290/1145/2433 1296/1148/2433 1283/1131/2433
s 1
f 1283/1134/1028 1296/1143/1037 1292/1140/1034 1287/1135/1029
f 1287/1135/1029 1292/1140/1034 1289/1139/1033 1279/1137/1031
s 0
f 794/2735/2434 799/711/2434 807/714/2434 796/2736/2434
s 1
f 796/2737/2435 807/709/645 803/708/644 795/2738/2436
f 795/2738/2436 803/708/644 798/707/643 793/2739/2437
s 0
f 1290/1145/2438 1301/2740/2438 1303/2741/2438 1295/1146/2438
s 1
f 1295/1149/1040 1303/2742/2439 1304/2743/2440 1299/1150/1041
f 1299/1150/1041 1304/2743/2440 1302/2744/2441 1291/1152/1043
s 0
f 783/699/2442 794/2735/2442 796/2736/2442 790/700/2442
s 1
f 790/698/636 796/2737/2435 795/2738/2436 785/693/628
f 785/693/628 795/2738/2436 793/2739/2437 781/690/625
s 0
f 1301/2740/2443 1306/1160/2443 1312/1161/2443 1303/2741/2443
s 1
f 1303/2742/2439 1312/1158/1049 1308/1155/1046 1304/2743/2440
f 1304/2743/2440 1308/1155/1046 1305/1154/1045 1302/2744/2441
s 0
f 778/2745/2444 783/699/2444 791/700/2444 780/2746/2444
s 1
f 780/2747/2445 791/698/633 787/697/632 779/2748/2446
f 779/2748/2446 787/697/632 782/696/631 777/2749/2447
s 0
f 1306/1160/2448 1317/2750/2448 1319/2751/2448 1311/1161/2448
s 1
f 1311/1158/1052 1319/2752/2449 1320/2753/2450 1315/1162/1053
f 1315/1162/1053 1320/2753/2450 1318/2754/2451 1307/1164/1055
s 0
f 767/688/2452 778/2745/2452 780/2746/2452 774/689/2452
s 1
f 774/687/624 780/2747/2445 779/2748/2446 769/682/616
f 769/682/616 779/2748/2446 777/2749/2447 765/679/613
s 0
f 1317/2750/2453 1322/1171/2453 1328/1172/2453 1319/2751/2453
s 1
f 1319/2752/2449 1328/1170/1061 1324/1167/1058 1320/2753/2450
f 1320/2753/2450 1324/1167/1058 1321/1166/1057 1318/2754/2451
s 0
f 762/2755/2454 767/688/2454 775/689/2454 764/2756/2454
s 1
f 764/2757/2455 775/687/621 771/686/620 763/2758/2456
f 763/2758/2456 771/686/620 766/685/619 761/2759/2457
s 0
f 1322/1171/2458 1333/2760/2458 1335/2761/2458 1327/1172/2458
s 1
f 1327/1170/1064 1335/2762/2459 1336/2763/2460 1331/1173/1065
f 1331/1173/1065 1336/2763/2460 1334/2764/2461 1323/1175/1067
s 0
f 751/674/2462 762/2755/2462 764/2756/2462 758/675/2462
s 1
f 758/678/612 764/2757/2455 763/2758/2456 753/667/604
f 753/667/604 763/2758/2456 761/2759/2457 749/664/601
s 0
f 1333/2760/2463 1338/1183/2463 1344/1186/2463 1335/2761/2463
s 1
f 1335/2762/2459 1344/1181/1073 1340/1178/1070 1336/2763/2460
f 1336/2763/2460 1340/1178/1070 1337/1177/1069 1334/2764/2461
s 0
f 739/659/2464 751/674/2464 759/677/2464 746/660/2464
s 1
f 746/663/600 759/672/609 755/671/608 741/652/592
f 741/652/592 755/671/608 750/670/607 737/649/589
s 0
f 1338/1183/2465 1350/1198/2465 1356/1201/2465 1343/1184/2465
s 1
f 1343/1187/1076 1356/1196/1085 1352/1193/1082 1347/1188/1077
f 1347/1188/1077 1352/1193/1082 1349/1192/1081 1339/1190/1079
s 0
f 734/2765/2466 739/659/2466 747/662/2466 736/2766/2466
s 1
f 736/2767/2467 747/657/597 743/656/596 735/2768/2468
f 735/2768/2468 743/656/596 738/655/595 733/2769/2469
s 0
f 1350/1198/2470 1361/2770/2470 1363/2771/2470 1355/1199/2470
s 1
f 1355/1202/1088 1363/2772/2471 1364/2773/2472 1359/1203/1089
f 1359/1203/1089 1364/2773/2472 1362/2774/2473 1351/1205/1091
s 0
f 2910/2775/2474 2917/2776/2474 2919/2777/2474 2912/2778/2474
f 2912/2778/2475 2919/2777/2475 2920/2779/2475 2911/2780/2475
f 2911/2781/2476 2920/2782/2476 2918/2783/2476 2909/2784/2476
f 2909/2784/2477 2913/2785/2477 2915/2786/2477 2911/2781/2477
f 2911/2780/2478 2915/2787/2478 2916/2788/2478 2912/2778/2478
f 2912/2778/2479 2916/2788/2479 2914/2789/2479 2910/2775/2479
f 723/647/2480 734/2765/2480 736/2766/2480 730/648/2480
s 1
f 730/646/588 736/2767/2467 735/2768/2468 725/641/580
f 725/641/580 735/2768/2468 733/2769/2469 721/638/577
s 0
f 2882/2790/2481 2886/2791/2481 2888/2792/2481 2884/2793/2481
f 2884/2793/2482 2888/2792/2482 2887/2794/2482 2883/2795/2482
f 2883/2796/2483 2887/2797/2483 2885/2798/2483 2881/2799/2483
f 2881/2799/2484 2893/2800/2484 2895/2801/2484 2883/2796/2484
f 2883/2795/2485 2895/2802/2485 2896/2803/2485 2884/2793/2485
f 2884/2793/2486 2896/2803/2486 2894/2804/2486 2882/2790/2486
f 2890/2805/2487 2894/2804/2487 2896/2803/2487 2892/2806/2487
f 2892/2806/2488 2896/2803/2488 2895/2802/2488 2891/2807/2488
f 2891/2808/2489 2895/2801/2489 2893/2800/2489 2889/2809/2489
f 2889/2809/2490 2897/2810/2490 2899/2811/2490 2891/2808/2490
f 2891/2807/2491 2899/2812/2491 2900/2813/2491 2892/2806/2491
f 2892/2806/2492 2900/2813/2492 2898/2814/2492 2890/2805/2492
f 2897/2810/2493 2905/2815/2493 2907/2816/2493 2899/2811/2493
f 2899/2812/2494 2907/2817/2494 2908/2818/2494 2900/2813/2494
f 2900/2813/2495 2908/2818/2495 2906/2819/2495 2898/2814/2495
f 2902/2820/2496 2906/2819/2496 2908/2818/2496 2904/2821/2496
f 2904/2821/2497 2908/2818/2497 2907/2817/2497 2903/2822/2497
f 2903/2823/2498 2907/2824/2498 2905/2825/2498 2901/2826/2498
f 2901/2826/2499 2918/2783/2499 2920/2782/2499 2903/2823/2499
f 2903/2822/2500 2920/2779/2500 2919/2777/2500 2904/2821/2500
f 2904/2821/2501 2919/2777/2501 2917/2776/2501 2902/2820/2501
f 2886/2791/2481 2925/2827/2481 2927/2828/2481 2888/2792/2481
f 2888/2792/2502 2927/2828/2502 2928/2829/2502 2887/2794/2502
f 2887/2797/2483 2928/2830/2483 2926/2831/2483 2885/2798/2483
f 2921/2832/2503 2926/2831/2503 2928/2830/2503 2923/2833/2503
f 2923/2834/2504 2928/2829/2504 2927/2828/2504 2924/2835/2504
f 2924/2835/2505 2927/2828/2505 2925/2827/2505 2922/2836/2505
f 2930/2837/2506 2933/2838/2506 2935/2839/2506 2932/2840/2506
f 2932/2841/2507 2935/2842/2507 2936/2843/2507 2931/2844/2507
f 2931/2844/2508 2936/2843/2508 2934/2845/2508 2929/2846/2508
f 2933/2838/2509 2937/2847/2509 2939/2848/2509 2935/2839/2509
f 2935/2842/2510 2939/2849/2510 2940/2850/2510 2936/2843/2510
f 2936/2843/2511 2940/2850/2511 2938/2851/2511 2934/2845/2511
f 1361/2770/2512 1366/1213/2512 1372/1214/2512 1363/2771/2512
s 1
f 1363/2772/2471 1372/1211/1097 1368/1208/1094 1364/2773/2472
f 1364/2773/2472 1368/1208/1094 1365/1207/1093 1362/2774/2473
s 0
f 2913/2785/2477 2930/2837/2477 2932/2840/2477 2915/2786/2477
f 2915/2787/2513 2932/2841/2513 2931/2844/2513 2916/2788/2513
f 2916/2788/2479 2931/2844/2479 2929/2846/2479 2914/2789/2479
f 2937/2847/2509 2949/2852/2509 2951/2853/2509 2939/2848/2509
f 2939/2849/2510 2951/2854/2510 2952/2855/2510 2940/2850/2510
f 2940/2850/2511 2952/2855/2511 2950/2856/2511 2938/2851/2511
f 2949/2852/2514 2953/2857/2514 2955/2858/2514 2951/2853/2514
f 2951/2854/2515 2955/2859/2515 2956/2860/2515 2952/2855/2515
f 2952/2855/2516 2956/2860/2516 2954/2861/2516 2950/2856/2516
f 718/2862/2517 723/647/2517 731/648/2517 720/2863/2517
s 1
f 720/2864/2518 731/646/585 727/645/584 719/2865/2519
f 719/2865/2519 727/645/584 722/644/583 717/2866/2520
s 0
f 2941/2867/2521 2945/2868/2521 2947/2869/2521 2943/2870/2521
f 2943/2871/2522 2947/2872/2522 2948/2873/2522 2944/2874/2522
f 2944/2874/2523 2948/2873/2523 2946/2875/2523 2942/2876/2523
f 2922/2836/2505 2946/2875/2505 2948/2873/2505 2924/2835/2505
f 2924/2835/2504 2948/2873/2504 2947/2872/2504 2923/2834/2504
f 2923/2833/2503 2947/2869/2503 2945/2868/2503 2921/2832/2503
f 2958/2877/2524 2962/2878/2524 2964/2879/2524 2960/2880/2524
f 2960/2880/2525 2964/2879/2525 2963/2881/2525 2959/2882/2525
f 2959/2883/2526 2963/2884/2526 2961/2885/2526 2957/2886/2526
f 2942/2876/2523 2958/2877/2523 2960/2880/2523 2944/2874/2523
f 2944/2874/2522 2960/2880/2522 2959/2882/2522 2943/2871/2522
f 2943/2870/2521 2959/2883/2521 2957/2886/2521 2941/2867/2521
f 1366/1213/2527 1377/2887/2527 1379/2888/2527 1371/1214/2527
s 1
f 1371/1211/1100 1379/2889/2528 1380/2890/2529 1375/1215/1101
f 1375/1215/1101 1380/2890/2529 1378/2891/2530 1367/1217/1103
s 0
f 2953/2857/2514 2969/2892/2514 2971/2893/2514 2955/2858/2514
f 2955/2859/2515 2971/2894/2515 2972/2895/2515 2956/2860/2515
f 2956/2860/2516 2972/2895/2516 2970/2896/2516 2954/2861/2516
f 2966/2897/2531 2970/2896/2531 2972/2895/2531 2968/2898/2531
f 2968/2898/2532 2972/2895/2532 2971/2894/2532 2967/2899/2532
f 2967/2900/2533 2971/2893/2533 2969/2892/2533 2965/2901/2533
f 2965/2901/2533 2985/2902/2533 2987/2903/2533 2967/2900/2533
f 2967/2899/2534 2987/2904/2534 2988/2905/2534 2968/2898/2534
f 2968/2898/2531 2988/2905/2531 2986/2906/2531 2966/2897/2531
f 2985/2902/2535 2989/2907/2535 2991/2908/2535 2987/2903/2535
f 2987/2904/2536 2991/2909/2536 2992/2910/2536 2988/2905/2536
f 2988/2905/2537 2992/2910/2537 2990/2911/2537 2986/2906/2537
f 707/636/2538 718/2862/2538 720/2863/2538 714/637/2538
s 1
f 714/635/576 720/2864/2518 719/2865/2519 709/630/568
f 709/630/568 719/2865/2519 717/2866/2520 705/627/565
s 0
f 2973/2912/2539 2977/2913/2539 2979/2914/2539 2975/2915/2539
f 2975/2916/2540 2979/2917/2540 2980/2918/2540 2976/2919/2540
f 2976/2919/2541 2980/2918/2541 2978/2920/2541 2974/2921/2541
f 2977/2913/2542 2981/2922/2542 2983/2923/2542 2979/2914/2542
f 2979/2917/2543 2983/2924/2543 2984/2925/2543 2980/2918/2543
f 2980/2918/2544 2984/2925/2544 2982/2926/2544 2978/2920/2544
f 2962/2878/2524 2982/2926/2524 2984/2925/2524 2964/2879/2524
f 2964/2879/2545 2984/2925/2545 2983/2924/2545 2963/2881/2545
f 2963/2884/2526 2983/2923/2526 2981/2922/2526 2961/2885/2526
f 2974/2921/2541 2994/2927/2541 2996/2928/2541 2976/2919/2541
f 2976/2919/2540 2996/2928/2540 2995/2929/2540 2975/2916/2540
f 2975/2915/2546 2995/2930/2546 2993/2931/2546 2973/2912/2546
f 1377/2887/2547 1382/1225/2547 1388/1226/2547 1379/2888/2547
s 1
f 1379/2889/2528 1388/1223/1109 1384/1220/1106 1380/2890/2529
f 1380/2890/2529 1384/1220/1106 1381/1219/1105 1378/2891/2530
s 0
f 2989/2907/2535 3001/2932/2535 3003/2933/2535 2991/2908/2535
f 2991/2909/2548 3003/2934/2548 3004/2935/2548 2992/2910/2548
f 2992/2910/2537 3004/2935/2537 3002/2936/2537 2990/2911/2537
f 2998/2937/2549 3002/2936/2549 3004/2935/2549 3000/2938/2549
f 3000/2938/2550 3004/2935/2550 3003/2934/2550 2999/2939/2550
f 2999/2940/2551 3003/2933/2551 3001/2932/2551 2997/2941/2551
f 2997/2941/2551 3013/2942/2551 3015/2943/2551 2999/2940/2551
f 2999/2939/2550 3015/2944/2550 3016/2945/2550 3000/2938/2550
f 3000/2938/2549 3016/2945/2549 3014/2946/2549 2998/2937/2549
f 3013/2942/2552 3017/2947/2552 3019/2948/2552 3015/2943/2552
f 3015/2944/2553 3019/2949/2553 3020/2950/2553 3016/2945/2553
f 3016/2945/2554 3020/2950/2554 3018/2951/2554 3014/2946/2554
f 702/2952/2555 707/636/2555 715/637/2555 704/2953/2555
s 1
f 704/2954/2556 715/635/573 711/634/572 703/2955/2557
f 703/2955/2557 711/634/572 706/633/571 701/2956/2558
s 0
f 3005/2957/2559 3009/2958/2559 3011/2959/2559 3007/2960/2559
f 3007/2961/2560 3011/2962/2560 3012/2963/2560 3008/2964/2560
f 3008/2964/2561 3012/2963/2561 3010/2965/2561 3006/2966/2561
f 2994/2927/2541 3010/2965/2541 3012/2963/2541 2996/2928/2541
f 2996/2928/2540 3012/2963/2540 3011/2962/2540 2995/2929/2540
f 2995/2930/2546 3011/2959/2546 3009/2958/2546 2993/2931/2546
f 3006/2966/2561 3022/2967/2561 3024/2968/2561 3008/2964/2561
f 3008/2964/2562 3024/2968/2562 3023/2969/2562 3007/2961/2562
f 3007/2960/2559 3023/2970/2559 3021/2971/2559 3005/2957/2559
f 1382/1225/2563 1393/2972/2563 1395/2973/2563 1387/1226/2563
s 1
f 1387/1223/1112 1395/2974/2564 1396/2975/2565 1391/1227/1113
f 1391/1227/1113 1396/2975/2565 1394/2976/2566 1383/1229/1115
s 0
f 3017/2947/2552 3025/2977/2552 3027/2978/2552 3019/2948/2552
f 3019/2949/2567 3027/2979/2567 3028/2980/2567 3020/2950/2567
f 3020/2950/2554 3028/2980/2554 3026/2981/2554 3018/2951/2554
f 3025/2977/2552 3037/2982/2552 3039/2983/2552 3027/2978/2552
f 3027/2979/2553 3039/2984/2553 3040/2985/2553 3028/2980/2553
f 3028/2980/2554 3040/2985/2554 3038/2986/2554 3026/2981/2554
f 3037/2982/2568 3041/2987/2568 3043/2988/2568 3039/2983/2568
f 3039/2984/2569 3043/2989/2569 3044/2990/2569 3040/2985/2569
f 3040/2985/2570 3044/2990/2570 3042/2991/2570 3038/2986/2570
f 691/622/2571 702/2952/2571 704/2953/2571 698/623/2571
s 1
f 698/626/564 704/2954/2556 703/2955/2557 693/615/556
f 693/615/556 703/2955/2557 701/2956/2558 689/612/553
s 0
f 3029/2992/2572 3033/2993/2572 3035/2994/2572 3031/2995/2572
f 3031/2996/2573 3035/2997/2573 3036/2998/2573 3032/2999/2573
f 3032/2999/2574 3036/2998/2574 3034/3000/2574 3030/3001/2574
f 3022/2967/2561 3034/3000/2561 3036/2998/2561 3024/2968/2561
f 3024/2968/2560 3036/2998/2560 3035/2997/2560 3023/2969/2560
f 3023/2970/2559 3035/2994/2559 3033/2993/2559 3021/2971/2559
f 3030/3001/2574 3046/3002/2574 3048/3003/2574 3032/2999/2574
f 3032/2999/2575 3048/3003/2575 3047/3004/2575 3031/2996/2575
f 3031/2995/2572 3047/3005/2572 3045/3006/2572 3029/2992/2572
f 1393/2972/2576 1398/1237/2576 1404/1240/2576 1395/2973/2576
s 1
f 1395/2974/2564 1404/1235/1121 1400/1232/1118 1396/2975/2565
f 1396/2975/2565 1400/1232/1118 1397/1231/1117 1394/2976/2566
s 0
f 3041/2987/2568 3049/3007/2568 3051/3008/2568 3043/2988/2568
f 3043/2989/2577 3051/3009/2577 3052/3010/2577 3044/2990/2577
f 3044/2990/2570 3052/3010/2570 3050/3011/2570 3042/2991/2570
f 3049/3007/2568 3061/3012/2568 3063/3013/2568 3051/3008/2568
f 3051/3009/2577 3063/3014/2577 3064/3015/2577 3052/3010/2577
f 3052/3010/2578 3064/3015/2578 3062/3016/2578 3050/3011/2578
f 679/607/2579 691/622/2579 699/625/2579 686/608/2579
s 1
f 686/611/552 699/620/561 695/619/560 681/600/544
f 681/600/544 695/619/560 690/618/559 677/597/541
s 0
f 3053/3017/2580 3057/3018/2580 3059/3019/2580 3055/3020/2580
f 3055/3021/2581 3059/3022/2581 3060/3023/2581 3056/3024/2581
f 3056/3024/2582 3060/3023/2582 3058/3025/2582 3054/3026/2582
f 3046/3002/2574 3058/3025/2574 3060/3023/2574 3048/3003/2574
f 3048/3003/2573 3060/3023/2573 3059/3022/2573 3047/3004/2573
f 3047/3005/2583 3059/3019/2583 3057/3018/2583 3045/3006/2583
f 3054/3026/2584 3066/3027/2584 3068/3028/2584 3056/3024/2584
f 3056/3024/2581 3068/3028/2581 3067/3029/2581 3055/3021/2581
f 3055/3020/2580 3067/3030/2580 3065/3031/2580 3053/3017/2580
f 1398/1237/2585 1410/1252/2585 1416/1255/2585 1403/1238/2585
s 1
f 1403/1241/1124 1416/1250/1133 1412/1247/1130 1407/1242/1125
f 1407/1242/1125 1412/1247/1130 1409/1246/1129 1399/1244/1127
s 0
f 3061/3012/2568 3069/3032/2568 3071/3033/2568 3063/3013/2568
f 3063/3014/2577 3071/3034/2577 3072/3035/2577 3064/3015/2577
f 3064/3015/2570 3072/3035/2570 3070/3036/2570 3062/3016/2570
f 3069/3032/2586 3073/3037/2586 3075/3038/2586 3071/3033/2586
f 3071/3034/2587 3075/3039/2587 3076/3040/2587 3072/3035/2587
f 3072/3035/2588 3076/3040/2588 3074/3041/2588 3070/3036/2588
f 674/3042/2589 679/607/2589 687/610/2589 676/3043/2589
s 1
f 676/3044/2590 687/605/549 683/604/548 675/3045/2591
f 675/3045/2591 683/604/548 678/603/547 673/3046/2592
s 0
f 3066/3027/2582 3082/3047/2582 3084/3048/2582 3068/3028/2582
f 3068/3028/2581 3084/3048/2581 3083/3049/2581 3067/3029/2581
f 3067/3030/2580 3083/3050/2580 3081/3051/2580 3065/3031/2580
f 3073/3037/2593 3077/3052/2593 3079/3053/2593 3075/3038/2593
f 3075/3039/2594 3079/3054/2594 3080/3055/2594 3076/3040/2594
f 3076/3040/2588 3080/3055/2588 3078/3056/2588 3074/3041/2588
f 3082/3047/2582 3089/3057/2582 3091/3058/2582 3084/3048/2582
f 3084/3048/2595 3091/3058/2595 3092/3059/2595 3083/3049/2595
f 3083/3050/2580 3092/3060/2580 3090/3061/2580 3081/3051/2580
f 3085/3062/2596 3090/3061/2596 3092/3060/2596 3087/3063/2596
f 3087/3064/2597 3092/3059/2597 3091/3058/2597 3088/3065/2597
f 3088/3065/2598 3091/3058/2598 3089/3057/2598 3086/3066/2598
f 1410/1252/2599 1421/3067/2599 1423/3068/2599 1415/1253/2599
s 1
f 1415/1256/1136 1423/3069/2600 1424/3070/2601 1419/1257/1137
f 1419/1257/1137 1424/3070/2601 1422/3071/2602 1411/1259/1139
s 0
f 3077/3052/2593 3093/3072/2593 3095/3073/2593 3079/3053/2593
f 3079/3054/2587 3095/3074/2587 3096/3075/2587 3080/3055/2587
f 3080/3055/2588 3096/3075/2588 3094/3076/2588 3078/3056/2588
f 3093/3072/2603 3097/3077/2603 3099/3078/2603 3095/3073/2603
f 3095/3074/2604 3099/3079/2604 3100/3080/2604 3096/3075/2604
f 3096/3075/2605 3100/3080/2605 3098/3081/2605 3094/3076/2605
f 663/595/2606 674/3042/2606 676/3043/2606 670/596/2606
s 1
f 670/594/540 676/3044/2590 675/3045/2591 665/589/532
f 665/589/532 675/3045/2591 673/3046/2592 661/586/529
s 0
f 3086/3066/2598 3106/3082/2598 3108/3083/2598 3088/3065/2598
f 3088/3065/2607 3108/3083/2607 3107/3084/2607 3087/3064/2607
f 3087/3063/2596 3107/3085/2596 3105/3086/2596 3085/3062/2596
f 3097/3077/2603 3101/3087/2603 3103/3088/2603 3099/3078/2603
f 3099/3079/2608 3103/3089/2608 3104/3090/2608 3100/3080/2608
f 3100/3080/2605 3104/3090/2605 3102/3091/2605 3098/3081/2605
f 3106/3082/2598 3113/3092/2598 3115/3093/2598 3108/3083/2598
f 3108/3083/2597 3115/3093/2597 3116/3094/2597 3107/3084/2597
f 3107/3085/2596 3116/3095/2596 3114/3096/2596 3105/3086/2596
f 3109/3097/2609 3114/3096/2609 3116/3095/2609 3111/3098/2609
f 3111/3099/2610 3116/3094/2610 3115/3093/2610 3112/3100/2610
f 3112/3100/2611 3115/3093/2611 3113/3092/2611 3110/3101/2611
f 3101/3087/2603 3121/3102/2603 3123/3103/2603 3103/3088/2603
f 3103/3089/2604 3123/3104/2604 3124/3105/2604 3104/3090/2604
f 3104/3090/2605 3124/3105/2605 3122/3106/2605 3102/3091/2605
f 3118/3107/2612 3122/3106/2612 3124/3105/2612 3120/3108/2612
f 3120/3108/2613 3124/3105/2613 3123/3104/2613 3119/3109/2613
f 3119/3110/2614 3123/3103/2614 3121/3102/2614 3117/3111/2614
f 1421/3067/2615 1426/1266/2615 1432/1267/2615 1423/3068/2615
s 1
f 1423/3069/2600 1432/1265/1145 1428/1262/1142 1424/3070/2601
f 1424/3070/2601 1428/1262/1142 1425/1261/1141 1422/3071/2602
s 0
f 658/3112/2616 663/595/2616 671/596/2616 660/3113/2616
s 1
f 660/3114/2617 671/594/537 667/593/536 659/3115/2618
f 659/3115/2618 667/593/536 662/592/535 657/3116/2619
s 0
f 3126/3117/2620 3134/3118/2620 3136/3119/2620 3128/3120/2620
f 3128/3120/2621 3136/3119/2621 3135/3121/2621 3127/3122/2621
f 3127/3123/2622 3135/3124/2622 3133/3125/2622 3125/3126/2622
f 3110/3101/2611 3126/3117/2611 3128/3120/2611 3112/3100/2611
f 3112/3100/2610 3128/3120/2610 3127/3122/2610 3111/3099/2610
f 3111/3098/2609 3127/3123/2609 3125/3126/2609 3109/3097/2609
f 3117/3111/2614 3129/3127/2614 3131/3128/2614 3119/3110/2614
f 3119/3109/2613 3131/3129/2613 3132/3130/2613 3120/3108/2613
f 3120/3108/2612 3132/3130/2612 3130/3131/2612 3118/3107/2612
f 3134/3118/2620 3137/3132/2620 3139/3133/2620 3136/3119/2620
f 3136/3119/2623 3139/3133/2623 3140/3134/2623 3135/3121/2623
f 3135/3124/2622 3140/3135/2622 3138/3136/2622 3133/3125/2622
f 3137/3132/2624 3142/3137/2624 3144/3138/2624 3139/3133/2624
f 3139/3133/2625 3144/3138/2625 3143/3139/2625 3140/3134/2625
f 3140/3135/2626 3143/3140/2626 3141/3141/2626 3138/3136/2626
f 1426/1266/2627 1437/3142/2627 1439/3143/2627 1431/1267/2627
s 1
f 1431/1265/1148 1439/3144/2628 1440/3145/2629 1435/1268/1149
f 1435/1268/1149 1440/3145/2629 1438/3146/2630 1427/1270/1151
s 0
f 3129/3127/2631 3153/3147/2631 3155/3148/2631 3131/3128/2631
f 3131/3129/2613 3155/3149/2613 3156/3150/2613 3132/3130/2613
f 3132/3130/2612 3156/3150/2612 3154/3151/2612 3130/3131/2612
f 3150/3152/2632 3154/3151/2632 3156/3150/2632 3152/3153/2632
f 3152/3153/2633 3156/3150/2633 3155/3149/2633 3151/3154/2633
f 3151/3155/2634 3155/3148/2634 3153/3147/2634 3149/3156/2634
f 3146/3157/2635 3150/3152/2635 3152/3153/2635 3148/3158/2635
f 3148/3158/2636 3152/3153/2636 3151/3154/2636 3147/3159/2636
f 3147/3160/2637 3151/3155/2637 3149/3156/2637 3145/3161/2637
f 647/584/2638 658/3112/2638 660/3113/2638 654/585/2638
s 1
f 654/582/528 660/3114/2617 659/3115/2618 649/577/520
f 649/577/520 659/3115/2618 657/3116/2619 645/574/517
s 0
f 3158/3162/2639 3170/3163/2639 3172/3164/2639 3160/3165/2639
f 3160/3165/2640 3172/3164/2640 3171/3166/2640 3159/3167/2640
f 3159/3168/2641 3171/3169/2641 3169/3170/2641 3157/3171/2641
f 3142/3137/2624 3158/3162/2624 3160/3165/2624 3144/3138/2624
f 3144/3138/2642 3160/3165/2642 3159/3167/2642 3143/3139/2642
f 3143/3140/2626 3159/3168/2626 3157/3171/2626 3141/3141/2626
f 3145/3161/2637 3161/3172/2637 3163/3173/2637 3147/3160/2637
f 3147/3159/2643 3163/3174/2643 3164/3175/2643 3148/3158/2643
f 3148/3158/2635 3164/3175/2635 3162/3176/2635 3146/3157/2635
f 3161/3172/2644 3165/3177/2644 3167/3178/2644 3163/3173/2644
f 3163/3174/2645 3167/3179/2645 3168/3180/2645 3164/3175/2645
f 3164/3175/2646 3168/3180/2646 3166/3181/2646 3162/3176/2646
f 3170/3163/2639 3177/3182/2639 3179/3183/2639 3172/3164/2639
f 3172/3164/2640 3179/3183/2640 3180/3184/2640 3171/3166/2640
f 3171/3169/2641 3180/3185/2641 3178/3186/2641 3169/3170/2641
f 3173/3187/2647 3178/3186/2647 3180/3185/2647 3175/3188/2647
f 3175/3189/2648 3180/3184/2648 3179/3183/2648 3176/3190/2648
f 3176/3190/2649 3179/3183/2649 3177/3182/2649 3174/3191/2649
f 3165/3177/2644 3185/3192/2644 3187/3193/2644 3167/3178/2644
f 3167/3179/2645 3187/3194/2645 3188/3195/2645 3168/3180/2645
f 3168/3180/2646 3188/3195/2646 3186/3196/2646 3166/3181/2646
f 3182/3197/2650 3186/3196/2650 3188/3195/2650 3184/3198/2650
f 3184/3198/2651 3188/3195/2651 3187/3194/2651 3183/3199/2651
f 3183/3200/2652 3187/3193/2652 3185/3192/2652 3181/3201/2652
s 1
f 1/1/1 1438/3146/2630 1440/3145/2629 4/2/2
f 4/2/2 1440/3145/2629 1439/3144/2628 8/5/5
s 0
f 8/7/2653 1439/3143/2653 1437/3142/2653 2/6/2653
f 3174/3191/2649 3193/3202/2649 3195/3203/2649 3176/3190/2649
f 3176/3190/2648 3195/3203/2648 3196/3204/2648 3175/3189/2648
f 3175/3188/2647 3196/3205/2647 3194/3206/2647 3173/3187/2647
f 642/3207/2654 647/584/2654 655/585/2654 644/3208/2654
s 1
f 644/3209/2655 655/582/525 651/581/524 643/3210/2656
f 643/3210/2656 651/581/524 646/580/523 641/3211/2657
s 0
f 3190/3212/2658 3198/3213/2658 3200/3214/2658 3192/3215/2658
f 3192/3215/2659 3200/3214/2659 3199/3216/2659 3191/3217/2659
f 3191/3218/2660 3199/3219/2660 3197/3220/2660 3189/3221/2660
f 3189/3221/2661 3194/3206/2661 3196/3205/2661 3191/3218/2661
f 3191/3217/2662 3196/3204/2662 3195/3203/2662 3192/3215/2662
f 3192/3215/2663 3195/3203/2663 3193/3202/2663 3190/3212/2663
f 3202/3222/2664 3205/3223/2664 3207/3224/2664 3204/3225/2664
f 3204/3225/2665 3207/3224/2665 3208/3226/2665 3203/3227/2665
f 3203/3228/2666 3208/3229/2666 3206/3230/2666 3201/3231/2666
f 3181/3201/2652 3206/3230/2652 3208/3229/2652 3183/3200/2652
f 3183/3199/2651 3208/3226/2651 3207/3224/2651 3184/3198/2651
f 3184/3198/2650 3207/3224/2650 3205/3223/2650 3182/3197/2650
f 3198/3213/2658 3213/3232/2658 3215/3233/2658 3200/3214/2658
f 3200/3214/2667 3215/3233/2667 3216/3234/2667 3199/3216/2667
f 3199/3219/2660 3216/3235/2660 3214/3236/2660 3197/3220/2660
f 2/6/2668 13/3237/2668 15/3238/2668 7/7/2668
s 1
f 7/8/8 15/3239/2669 16/3240/2670 11/9/9
f 11/9/9 16/3240/2670 14/3241/2671 3/11/11
s 0
f 3201/3231/2666 3229/3242/2666 3231/3243/2666 3203/3228/2666
f 3203/3227/2672 3231/3244/2672 3232/3245/2672 3204/3225/2672
f 3204/3225/2664 3232/3245/2664 3230/3246/2664 3202/3222/2664
f 3229/3242/2673 3237/3247/2673 3239/3248/2673 3231/3243/2673
f 3231/3244/2674 3239/3249/2674 3240/3250/2674 3232/3245/2674
f 3232/3245/2675 3240/3250/2675 3238/3251/2675 3230/3246/2675
f 3226/3252/2676 3238/3251/2676 3240/3250/2676 3228/3253/2676
f 3228/3253/2677 3240/3250/2677 3239/3249/2677 3227/3254/2677
f 3227/3255/2678 3239/3248/2678 3237/3247/2678 3225/3256/2678
f 3225/3256/2679 3233/3257/2679 3235/3258/2679 3227/3255/2679
f 3227/3254/2680 3235/3259/2680 3236/3260/2680 3228/3253/2680
f 3228/3253/2681 3236/3260/2681 3234/3261/2681 3226/3252/2681
f 3218/3262/2682 3234/3261/2682 3236/3260/2682 3220/3263/2682
f 3220/3263/2683 3236/3260/2683 3235/3259/2683 3219/3264/2683
f 3219/3265/2684 3235/3258/2684 3233/3257/2684 3217/3266/2684
f 3217/3266/2685 3221/3267/2685 3223/3268/2685 3219/3265/2685
f 3219/3264/2686 3223/3269/2686 3224/3270/2686 3220/3263/2686
f 3220/3263/2687 3224/3270/2687 3222/3271/2687 3218/3262/2687
f 3210/3272/2688 3222/3271/2688 3224/3270/2688 3212/3273/2688
f 3212/3273/2689 3224/3270/2689 3223/3269/2689 3211/3274/2689
f 3211/3275/2690 3223/3268/2690 3221/3267/2690 3209/3276/2690
f 3209/3276/2691 3214/3236/2691 3216/3235/2691 3211/3275/2691
f 3211/3274/2692 3216/3234/2692 3215/3233/2692 3212/3273/2692
f 3212/3273/2693 3215/3233/2693 3213/3232/2693 3210/3272/2693
f 631/569/2694 642/3207/2694 644/3208/2694 638/570/2694
s 1
f 638/573/516 644/3209/2655 643/3210/2656 633/562/508
f 633/562/508 643/3210/2656 641/3211/2657 629/559/505
s 0
f 13/3237/2695 18/21/2695 24/24/2695 15/3238/2695
s 1
f 15/3239/2669 24/19/17 20/16/14 16/3240/2670
f 16/3240/2670 20/16/14 17/15/13 14/3241/2671
s 0
f 619/554/2696 631/569/2696 639/572/2696 626/555/2696
s 1
f 626/558/504 639/567/513 635/566/512 621/547/496
f 621/547/496 635/566/512 630/565/511 617/544/493
s 0
f 18/21/2697 30/36/2697 36/39/2697 23/22/2697
s 1
f 23/25/20 36/34/29 32/31/26 27/26/21
f 27/26/21 32/31/26 29/30/25 19/28/23
s 0
f 614/3277/2698 619/554/2698 627/557/2698 616/3278/2698
s 1
f 616/3279/2699 627/552/501 623/551/500 615/3280/2700
f 615/3280/2700 623/551/500 618/550/499 613/3281/2701
s 0
f 30/36/2702 41/3282/2702 43/3283/2702 35/37/2702
s 1
f 35/40/32 43/3284/2703 44/3285/2704 39/41/33
f 39/41/33 44/3285/2704 42/3286/2705 31/43/35
s 0
f 603/542/2706 614/3277/2706 616/3278/2706 610/543/2706
s 1
f 610/540/492 616/3279/2699 615/3280/2700 605/535/484
f 605/535/484 615/3280/2700 613/3281/2701 601/532/481
s 0
f 41/3282/2707 46/51/2707 52/52/2707 43/3283/2707
s 1
f 43/3284/2703 52/49/41 48/46/38 44/3285/2704
f 44/3285/2704 48/46/38 45/45/37 42/3286/2705
s 0
f 598/3287/2708 603/542/2708 611/543/2708 600/3288/2708
s 1
f 600/3289/2709 611/540/489 607/539/488 599/3290/2710
f 599/3290/2710 607/539/488 602/538/487 597/3291/2711
s 0
f 46/51/2712 57/3292/2712 59/3293/2712 51/52/2712
s 1
f 51/49/44 59/3294/2713 60/3295/2714 55/53/45
f 55/53/45 60/3295/2714 58/3296/2715 47/55/47
s 0
f 587/530/2716 598/3287/2716 600/3288/2716 594/531/2716
s 1
f 594/529/480 600/3289/2709 599/3290/2710 589/524/472
f 589/524/472 599/3290/2710 597/3291/2711 585/521/469
s 0
f 57/3292/2717 62/62/2717 68/63/2717 59/3293/2717
s 1
f 59/3294/2713 68/61/53 64/58/50 60/3295/2714
f 60/3295/2714 64/58/50 61/57/49 58/3296/2715
s 0
f 582/3297/2718 587/530/2718 595/531/2718 584/3298/2718
s 1
f 584/3299/2719 595/529/477 591/528/476 583/3300/2720
f 583/3300/2720 591/528/476 586/527/475 581/3301/2721
s 0
f 62/62/2722 73/3302/2722 75/3303/2722 67/63/2722
s 1
f 67/61/56 75/3304/2723 76/3305/2724 71/64/57
f 71/64/57 76/3305/2724 74/3306/2725 63/66/59
s 0
f 571/516/2726 582/3297/2726 584/3298/2726 578/517/2726
s 1
f 578/520/468 584/3299/2719 583/3300/2720 573/509/460
f 573/509/460 583/3300/2720 581/3301/2721 569/506/457
s 0
f 73/3302/2727 78/74/2727 84/77/2727 75/3303/2727
s 1
f 75/3304/2723 84/72/65 80/69/62 76/3305/2724
f 76/3305/2724 80/69/62 77/68/61 74/3306/2725
s 0
f 559/501/2728 571/516/2728 579/519/2728 566/502/2728
s 1
f 566/505/456 579/514/465 575/513/464 561/494/448
f 561/494/448 575/513/464 570/512/463 557/491/445
s 0
f 78/74/2729 90/89/2729 96/92/2729 83/75/2729
s 1
f 83/78/68 96/87/77 92/84/74 87/79/69
f 87/79/69 92/84/74 89/83/73 79/81/71
s 0
f 554/3307/2730 559/501/2730 567/504/2730 556/3308/2730
s 1
f 556/3309/2731 567/499/453 563/498/452 555/3310/2732
f 555/3310/2732 563/498/452 558/497/451 553/3311/2733
s 0
f 543/489/2734 554/3307/2734 556/3308/2734 550/490/2734
s 1
f 550/488/444 556/3309/2731 555/3310/2732 545/483/436
f 545/483/436 555/3310/2732 553/3311/2733 541/480/433
s 0
f 538/3312/2735 543/489/2735 551/490/2735 540/3313/2735
s 1
f 540/3314/2736 551/488/441 547/487/440 539/3315/2737
f 539/3315/2737 547/487/440 542/486/439 537/3316/2738
s 0
f 107/108/2739 117/3317/2739 119/3318/2739 114/109/2739
s 1
f 114/106/96 119/3319/2740 120/3320/2741 109/101/88
f 109/101/88 120/3320/2741 118/3321/2742 105/98/85
s 0
f 102/3322/2743 107/108/2743 115/109/2743 104/3323/2743
s 1
f 104/3324/2744 115/106/93 111/105/92 103/3325/2745
f 103/3325/2745 111/105/92 106/104/91 101/3326/2746
s 0
f 90/89/2747 102/3322/2747 104/3323/2747 95/90/2747
s 1
f 95/93/80 104/3324/2744 103/3325/2745 99/94/81
f 99/94/81 103/3325/2745 101/3326/2746 91/96/83
s 0
f 527/478/2748 538/3312/2748 540/3313/2748 534/479/2748
s 1
f 534/477/432 540/3314/2736 539/3315/2737 529/472/424
f 529/472/424 539/3315/2737 537/3316/2738 525/469/421
s 0
f 117/3317/2749 122/115/2749 128/116/2749 119/3318/2749
s 1
f 119/3319/2740 128/114/101 124/111/98 120/3320/2741
f 120/3320/2741 124/111/98 121/110/97 118/3321/2742
s 0
f 522/3327/2750 527/478/2750 535/479/2750 524/3328/2750
s 1
f 524/3329/2751 535/477/429 531/476/428 523/3330/2752
f 523/3330/2752 531/476/428 526/475/427 521/3331/2753
s 0
f 122/115/2754 133/3332/2754 135/3333/2754 127/116/2754
s 1
f 127/114/104 135/3334/2755 136/3335/2756 131/117/105
f 131/117/105 136/3335/2756 134/3336/2757 123/119/107
s 0
f 483/437/2758 493/3337/2758 495/3338/2758 490/438/2758
s 1
f 490/436/396 495/3339/2759 496/3340/2760 485/431/388
f 485/431/388 496/3340/2760 494/3341/2761 481/428/385
s 0
f 478/3342/2762 483/437/2762 491/438/2762 480/3343/2762
s 1
f 480/3344/2763 491/436/393 487/435/392 479/3345/2764
f 479/3345/2764 487/435/392 482/434/391 477/3346/2765
s 0
f 167/161/2766 177/3347/2766 179/3348/2766 174/162/2766
s 1
f 174/159/144 179/3349/2767 180/3350/2768 169/154/136
f 169/154/136 180/3350/2768 178/3351/2769 165/151/133
s 0
f 162/3352/2770 167/161/2770 175/162/2770 164/3353/2770
s 1
f 164/3354/2771 175/159/141 171/158/140 163/3355/2772
f 163/3355/2772 171/158/140 166/157/139 161/3356/2773
s 0
f 511/464/2774 522/3327/2774 524/3328/2774 518/465/2774
s 1
f 518/468/420 524/3329/2751 523/3330/2752 513/457/412
f 513/457/412 523/3330/2752 521/3331/2753 509/454/409
s 0
f 133/3332/2775 138/127/2775 144/130/2775 135/3333/2775
s 1
f 135/3334/2755 144/125/113 140/122/110 136/3335/2756
f 136/3335/2756 140/122/110 137/121/109 134/3336/2757
s 0
f 467/426/2776 478/3342/2776 480/3343/2776 474/427/2776
s 1
f 474/424/384 480/3344/2763 479/3345/2764 469/419/376
f 469/419/376 479/3345/2764 477/3346/2765 465/416/373
s 0
f 177/3347/2777 182/168/2777 188/169/2777 179/3348/2777
s 1
f 179/3349/2767 188/167/149 184/164/146 180/3350/2768
f 180/3350/2768 184/164/146 181/163/145 178/3351/2769
s 0
f 499/449/2778 511/464/2778 519/467/2778 506/450/2778
s 1
f 506/453/408 519/462/417 515/461/416 501/442/400
f 501/442/400 515/461/416 510/460/415 497/439/397
s 0
f 493/3337/2779 499/449/2779 507/452/2779 495/3338/2779
s 1
f 495/3339/2759 507/447/405 503/446/404 496/3340/2760
f 496/3340/2760 503/446/404 498/445/403 494/3341/2761
s 0
f 151/146/2780 162/3352/2780 164/3353/2780 158/147/2780
s 1
f 158/150/132 164/3354/2771 163/3355/2772 153/139/124
f 153/139/124 163/3355/2772 161/3356/2773 149/136/121
s 0
f 138/127/2781 151/146/2781 159/149/2781 143/128/2781
s 1
f 143/131/116 159/144/129 155/143/128 147/132/117
f 147/132/117 155/143/128 150/142/127 139/134/119
s 0
f 462/3357/2782 467/426/2782 475/427/2782 464/3358/2782
s 1
f 464/3359/2783 475/424/381 471/423/380 463/3360/2784
f 463/3360/2784 471/423/380 466/422/379 461/3361/2785
s 0
f 182/168/2786 193/3362/2786 195/3363/2786 187/169/2786
s 1
f 187/167/152 195/3364/2787 196/3365/2788 191/170/153
f 191/170/153 196/3365/2788 194/3366/2789 183/172/155
s 0
f 423/384/2790 433/3367/2790 435/3368/2790 430/385/2790
s 1
f 430/382/348 435/3369/2791 436/3370/2792 425/377/340
f 425/377/340 436/3370/2792 434/3371/2793 421/374/337
s 0
f 418/3372/2794 423/384/2794 431/385/2794 420/3373/2794
s 1
f 420/3374/2795 431/382/345 427/381/344 419/3375/2796
f 419/3375/2796 427/381/344 422/380/343 417/3376/2797
s 0
f 227/213/2798 237/3377/2798 239/3378/2798 234/214/2798
s 1
f 234/212/192 239/3379/2799 240/3380/2800 229/207/184
f 229/207/184 240/3380/2800 238/3381/2801 225/204/181
s 0
f 222/3382/2802 227/213/2802 235/214/2802 224/3383/2802
s 1
f 224/3384/2803 235/212/189 231/211/188 223/3385/2804
f 223/3385/2804 231/211/188 226/210/187 221/3386/2805
s 0
f 407/372/2806 418/3372/2806 420/3373/2806 414/373/2806
s 1
f 414/371/336 420/3374/2795 419/3375/2796 409/366/328
f 409/366/328 419/3375/2796 417/3376/2797 405/363/325
s 0
f 237/3377/2807 242/220/2807 248/221/2807 239/3378/2807
s 1
f 239/3379/2799 248/219/197 244/216/194 240/3380/2800
f 240/3380/2800 244/216/194 241/215/193 238/3381/2801
s 0
f 402/3387/2808 407/372/2808 415/373/2808 404/3388/2808
s 1
f 404/3389/2809 415/371/333 411/370/332 403/3390/2810
f 403/3390/2810 411/370/332 406/369/331 401/3391/2811
s 0
f 242/220/2812 253/3392/2812 255/3393/2812 247/221/2812
s 1
f 247/219/200 255/3394/2813 256/3395/2814 251/222/201
f 251/222/201 256/3395/2814 254/3396/2815 243/224/203
s 0
f 451/411/2816 462/3357/2816 464/3358/2816 458/412/2816
s 1
f 458/415/372 464/3359/2783 463/3360/2784 453/404/364
f 453/404/364 463/3360/2784 461/3361/2785 449/401/361
s 0
f 193/3362/2817 198/180/2817 204/183/2817 195/3363/2817
s 1
f 195/3364/2787 204/178/161 200/175/158 196/3365/2788
f 196/3365/2788 200/175/158 197/174/157 194/3366/2789
s 0
f 439/396/2818 451/411/2818 459/414/2818 446/397/2818
s 1
f 446/400/360 459/409/369 455/408/368 441/389/352
f 441/389/352 455/408/368 450/407/367 437/386/349
s 0
f 433/3367/2819 439/396/2819 447/399/2819 435/3368/2819
s 1
f 435/3369/2791 447/394/357 443/393/356 436/3370/2792
f 436/3370/2792 443/393/356 438/392/355 434/3371/2793
s 0
f 211/199/2820 222/3382/2820 224/3383/2820 218/200/2820
s 1
f 218/203/180 224/3384/2803 223/3385/2804 213/192/172
f 213/192/172 223/3385/2804 221/3386/2805 209/189/169
s 0
f 198/180/2821 211/199/2821 219/202/2821 203/181/2821
s 1
f 203/184/164 219/197/177 215/196/176 207/185/165
f 207/185/165 215/196/176 210/195/175 199/187/167
s 0
f 363/331/2822 373/3397/2822 375/3398/2822 370/332/2822
s 1
f 370/330/300 375/3399/2823 376/3400/2824 365/325/292
f 365/325/292 376/3400/2824 374/3401/2825 361/322/289
s 0
f 358/3402/2826 363/331/2826 371/332/2826 360/3403/2826
s 1
f 360/3404/2827 371/330/297 367/329/296 359/3405/2828
f 359/3405/2828 367/329/296 362/328/295 357/3406/2829
s 0
f 287/266/2830 297/3407/2830 299/3408/2830 294/267/2830
s 1
f 294/264/240 299/3409/2831 300/3410/2832 289/259/232
f 289/259/232 300/3410/2832 298/3411/2833 285/256/229
s 0
f 282/3412/2834 287/266/2834 295/267/2834 284/3413/2834
s 1
f 284/3414/2835 295/264/237 291/263/236 283/3415/2836
f 283/3415/2836 291/263/236 286/262/235 281/3416/2837
s 0
f 347/320/2838 358/3402/2838 360/3403/2838 354/321/2838
s 1
f 354/318/288 360/3404/2827 359/3405/2828 349/313/280
f 349/313/280 359/3405/2828 357/3406/2829 345/310/277
s 0
f 297/3407/2839 302/274/2839 308/275/2839 299/3408/2839
s 1
f 299/3409/2831 308/272/245 304/269/242 300/3410/2832
f 300/3410/2832 304/269/242 301/268/241 298/3411/2833
s 0
f 342/3417/2840 347/320/2840 355/321/2840 344/3418/2840
s 1
f 344/3419/2841 355/318/285 351/317/284 343/3420/2842
f 343/3420/2842 351/317/284 346/316/283 341/3421/2843
s 0
f 302/274/2844 313/3422/2844 315/3423/2844 307/275/2844
s 1
f 307/272/248 315/3424/2845 316/3425/2846 311/276/249
f 311/276/249 316/3425/2846 314/3426/2847 303/278/251
s 0
f 391/358/2848 402/3387/2848 404/3388/2848 398/359/2848
s 1
f 398/362/324 404/3389/2809 403/3390/2810 393/351/316
f 393/351/316 403/3390/2810 401/3391/2811 389/348/313
s 0
f 253/3392/2849 258/232/2849 264/235/2849 255/3393/2849
s 1
f 255/3394/2813 264/230/209 260/227/206 256/3395/2814
f 256/3395/2814 260/227/206 257/226/205 254/3396/2815
s 0
f 379/343/2850 391/358/2850 399/361/2850 386/344/2850
s 1
f 386/347/312 399/356/321 395/355/320 381/336/304
f 381/336/304 395/355/320 390/354/319 377/333/301
s 0
f 373/3397/2851 379/343/2851 387/346/2851 375/3398/2851
s 1
f 375/3399/2823 387/341/309 383/340/308 376/3400/2824
f 376/3400/2824 383/340/308 378/339/307 374/3401/2825
s 0
f 271/251/2852 282/3412/2852 284/3413/2852 278/252/2852
s 1
f 278/255/228 284/3414/2835 283/3415/2836 273/244/220
f 273/244/220 283/3415/2836 281/3416/2837 269/241/217
s 0
f 258/232/2853 271/251/2853 279/254/2853 263/233/2853
s 1
f 263/236/212 279/249/225 275/248/224 267/237/213
f 267/237/213 275/248/224 270/247/223 259/239/215
s 0
f 331/305/2854 342/3417/2854 344/3418/2854 338/306/2854
s 1
f 338/309/276 344/3419/2841 343/3420/2842 333/298/268
f 333/298/268 343/3420/2842 341/3421/2843 329/295/265
s 0
f 319/290/2855 331/305/2855 339/308/2855 326/291/2855
s 1
f 326/294/264 339/303/273 335/302/272 321/283/256
f 321/283/256 335/302/272 330/301/271 317/280/253
s 0
f 313/3422/2856 319/290/2856 327/293/2856 315/3423/2856
s 1
f 315/3424/2845 327/288/261 323/287/260 316/3425/2846
f 316/3425/2846 323/287/260 318/286/259 314/3426/2847
f 2474/3427/2857 2477/2165/1981 2481/2168/1984 2476/3428/2858
s 0
f 2476/3429/2859 2481/2179/2859 2486/2178/2859 2475/3430/2859
f 2475/3430/2860 2486/2178/2860 2479/2177/2860 2473/2615/2860
s 1
f 2478/2171/1987 2489/2182/1993 2493/2185/1996 2483/2172/1988
s 0
f 2483/2173/2861 2493/2195/2861 2498/2194/2861 2487/2174/2861
f 2487/2174/2862 2498/2194/2862 2491/934/2862 2479/2177/2862
s 1
f 2490/2188/1999 2501/3431/2863 2503/3432/2864 2495/2189/2000
s 0
f 2495/2190/2865 2503/3433/2865 2504/3434/2865 2499/2191/2865
f 2499/2191/2866 2504/3434/2866 2502/2620/2866 2491/934/2866
s 1
f 2461/2149/1969 2474/3427/2857 2476/3428/2858 2464/2150/1970
s 0
f 2464/2153/2867 2476/3429/2867 2475/3430/2867 2468/2154/2867
f 2468/2154/2868 2475/3430/2868 2473/2615/2868 2462/2157/2868
s 1
f 2501/3431/2863 2505/2198/2005 2509/2201/2008 2503/3432/2864
s 0
f 2503/3433/2869 2509/2212/2869 2514/2211/2869 2504/3434/2869
f 2504/3434/2870 2514/2211/2870 2507/2210/2870 2502/2620/2870
s 1
f 2417/2101/1933 2429/2116/1945 2433/2119/1948 2420/2102/1934
s 0
f 2420/2105/2871 2433/2129/2871 2438/2128/2871 2424/2106/2871
f 2424/2106/2872 2438/2128/2872 2431/880/2872 2418/869/2872
s 1
f 2430/2122/1951 2441/3435/2873 2443/3436/2874 2435/2123/1952
s 0
f 2435/2124/2875 2443/3437/2875 2444/3438/2875 2439/2125/2875
f 2439/2125/2876 2444/3438/2876 2442/3439/2876 2431/880/2876
s 1
f 2534/3440/2877 2537/2231/2029 2541/2234/2032 2536/3441/2878
s 0
f 2536/3442/2879 2541/2244/2879 2546/2243/2879 2535/3443/2879
f 2535/3443/2880 2546/2243/2880 2539/971/2880 2533/2630/2880
s 1
f 2538/2237/2035 2549/2247/2041 2553/2250/2044 2543/2238/2036
s 0
f 2543/2239/2881 2553/2260/2881 2558/2259/2881 2547/2240/2881
f 2547/2240/2882 2558/2259/2882 2551/986/2882 2539/971/2882
s 1
f 2414/3444/2883 2419/2112/1940 2427/2115/1943 2416/3445/2884
s 0
f 2416/3446/2885 2427/2110/2885 2423/2109/2885 2415/3447/2885
f 2415/3447/2886 2423/2109/2886 2418/869/2886 2413/3448/2886
s 1
f 2550/2253/2047 2561/3449/2887 2563/3450/2888 2555/2254/2048
s 0
f 2555/2255/2889 2563/3451/2889 2564/3452/2889 2559/2256/2889
f 2559/2256/2890 2564/3452/2890 2562/3453/2890 2551/986/2890
s 1
f 2441/3435/2873 2445/2132/1957 2449/2135/1960 2443/3436/2874
s 0
f 2443/3437/2891 2449/2146/2891 2454/2145/2891 2444/3438/2891
f 2444/3438/2892 2454/2145/2892 2447/2144/2892 2442/3439/2892
s 1
f 2521/2215/2017 2534/3440/2877 2536/3441/2878 2524/2216/2018
s 0
f 2524/2219/2893 2536/3442/2893 2535/3443/2893 2528/2220/2893
f 2528/2220/2894 2535/3443/2894 2533/2630/2894 2522/2223/2894
s 1
f 2401/2085/1921 2414/3444/2883 2416/3445/2884 2404/2086/1922
s 0
f 2404/2089/2895 2416/3446/2895 2415/3447/2895 2408/2090/2895
f 2408/2090/2896 2415/3447/2896 2413/3448/2896 2402/2093/2896
s 1
f 2561/3449/2887 2565/2263/2053 2569/2266/2056 2563/3450/2888
s 0
f 2563/3451/2897 2569/2277/2897 2574/2276/2897 2564/3452/2897
f 2564/3452/2898 2574/2276/2898 2567/2275/2898 2562/3453/2898
s 1
f 2458/3454/2899 2463/2161/1976 2471/2164/1979 2460/3455/2900
s 0
f 2460/3456/2901 2471/2159/2901 2467/2158/2901 2459/3457/2901
f 2459/3457/2902 2467/2158/2902 2462/2157/2902 2457/3458/2902
s 1
f 2506/2204/2011 2517/3459/2903 2519/3460/2904 2511/2205/2012
s 0
f 2511/2206/2905 2519/3461/2905 2520/3462/2905 2515/2207/2905
f 2515/2207/2906 2520/3462/2906 2518/2650/2906 2507/2210/2906
s 1
f 2446/2138/1963 2458/3454/2899 2460/3455/2900 2451/2139/1964
s 0
f 2451/2140/2907 2460/3456/2907 2459/3457/2907 2455/2141/2907
f 2455/2141/2908 2459/3457/2908 2457/3458/2908 2447/2144/2908
s 1
f 2517/3459/2903 2523/2227/2024 2531/2230/2027 2519/3460/2904
s 0
f 2519/3461/2909 2531/2225/2909 2527/2224/2909 2520/3462/2909
f 2520/3462/2910 2527/2224/2910 2522/2223/2910 2518/2650/2910
s 1
f 2357/2036/1885 2369/2052/1897 2373/2055/1900 2360/2037/1886
s 0
f 2360/2040/2911 2373/2065/2911 2378/2064/2911 2364/2041/2911
f 2364/2041/2912 2378/2064/2912 2371/828/2912 2358/2044/2912
s 1
f 2370/2058/1903 2381/3463/2913 2383/3464/2914 2375/2059/1904
s 0
f 2375/2060/2915 2383/3465/2915 2384/3466/2915 2379/2061/2915
f 2379/2061/2916 2384/3466/2916 2382/2655/2916 2371/828/2916
s 1
f 2594/3467/2917 2597/2296/2077 2601/2299/2080 2596/3468/2918
s 0
f 2596/3469/2919 2601/2309/2919 2606/2308/2919 2595/3470/2919
f 2595/3470/2920 2606/2308/2920 2599/1024/2920 2593/2660/2920
s 1
f 2598/2302/2083 2609/2312/2089 2613/2315/2092 2603/2303/2084
s 0
f 2603/2304/2921 2613/2326/2921 2618/2325/2921 2607/2305/2921
f 2607/2305/2922 2618/2325/2922 2611/2324/2922 2599/1024/2922
s 1
f 2381/3463/2913 2385/2068/1909 2389/2071/1912 2383/3464/2914
s 0
f 2383/3465/2923 2389/2082/2923 2394/2081/2923 2384/3466/2923
f 2384/3466/2924 2394/2081/2924 2387/2080/2924 2382/2655/2924
s 1
f 2581/2280/2065 2594/3467/2917 2596/3468/2918 2584/2281/2066
s 0
f 2584/2284/2925 2596/3469/2925 2595/3470/2925 2588/2285/2925
f 2588/2285/2926 2595/3470/2926 2593/2660/2926 2582/2288/2926
s 1
f 2354/3471/2927 2359/2048/1892 2367/2051/1895 2356/3472/2928
s 0
f 2356/3473/2929 2367/2046/2929 2363/2045/2929 2355/3474/2929
f 2355/3474/2930 2363/2045/2930 2358/2044/2930 2353/2665/2930
s 1
f 2610/2318/2095 2621/3475/2931 2623/3476/2932 2615/2319/2096
s 0
f 2615/2320/2933 2623/3477/2933 2624/3478/2933 2619/2321/2933
f 2619/2321/2934 2624/3478/2934 2622/2670/2934 2611/2324/2934
s 1
f 2341/2020/1873 2354/3471/2927 2356/3472/2928 2344/2021/1874
s 0
f 2344/2024/2935 2356/3473/2935 2355/3474/2935 2348/2025/2935
f 2348/2025/2936 2355/3474/2936 2353/2665/2936 2342/2028/2936
s 1
f 2621/3475/2931 2625/2329/2101 2629/2332/2104 2623/3476/2932
s 0
f 2623/3477/2937 2629/2343/2937 2634/2342/2937 2624/3478/2937
f 2624/3478/2938 2634/2342/2938 2627/2341/2938 2622/2670/2938
s 1
f 2398/3479/2939 2403/2097/1928 2411/2100/1931 2400/3480/2940
s 0
f 2400/3481/2941 2411/2095/2941 2407/2094/2941 2399/3482/2941
f 2399/3482/2942 2407/2094/2942 2402/2093/2942 2397/3483/2942
s 1
f 2566/2269/2059 2577/3484/2943 2579/3485/2944 2571/2270/2060
s 0
f 2571/2271/2945 2579/2681/2945 2580/3486/2945 2575/2272/2945
f 2575/2272/2946 2580/3486/2946 2578/2680/2946 2567/2275/2946
s 1
f 2386/2074/1915 2398/3479/2939 2400/3480/2940 2391/2075/1916
s 0
f 2391/2076/2947 2400/3481/2947 2399/3482/2947 2395/2077/2947
f 2395/2077/2948 2399/3482/2948 2397/3483/2948 2387/2080/2948
s 1
f 2577/3484/2943 2583/2292/2072 2591/2295/2075 2579/3485/2944
s 0
f 2579/2681/2949 2591/2290/2949 2587/2289/2949 2580/3486/2949
f 2580/3486/2950 2587/2289/2950 2582/2288/2950 2578/2680/2950
s 1
f 2338/3487/2951 2343/2032/1880 2351/2035/1883 2340/3488/2952
s 0
f 2340/3489/2953 2351/2030/2953 2347/2029/2953 2339/3490/2953
f 2339/3490/2954 2347/2029/2954 2342/2028/2954 2337/3491/2954
s 1
f 2626/2335/2107 2637/3492/2955 2639/3493/2956 2631/2336/2108
s 0
f 2631/2337/2957 2639/2691/2957 2640/3494/2957 2635/2338/2957
f 2635/2338/2958 2640/3494/2958 2638/2690/2958 2627/2341/2958
s 1
f 2297/1970/1837 2309/1986/1849 2313/1989/1852 2300/1971/1838
s 0
f 2300/1974/2959 2313/2000/2959 2318/1999/2959 2304/1975/2959
f 2304/1975/2960 2318/1999/2960 2311/1998/2960 2298/1978/2960
s 1
f 2310/1992/1855 2321/3495/2961 2323/3496/2962 2315/1993/1856
s 0
f 2315/1994/2963 2323/3497/2963 2324/3498/2963 2319/1995/2963
f 2319/1995/2964 2324/3498/2964 2322/2695/2964 2311/1998/2964
s 1
f 2654/3499/2965 2657/2362/2125 2661/2365/2128 2656/3500/2966
s 0
f 2656/3501/2967 2661/2375/2967 2666/2374/2967 2655/3502/2967
f 2655/3502/2968 2666/2374/2968 2659/1078/2968 2653/2700/2968
s 1
f 2658/2368/2131 2669/2378/2137 2673/2381/2140 2663/2369/2132
s 0
f 2663/2370/2969 2673/2392/2969 2678/2391/2969 2667/2371/2969
f 2667/2371/2970 2678/2391/2970 2671/2390/2970 2659/1078/2970
s 1
f 2321/3495/2961 2325/2003/1861 2329/2006/1864 2323/3496/2962
s 0
f 2323/3497/2971 2329/2017/2971 2334/2016/2971 2324/3498/2971
f 2324/3498/2972 2334/2016/2972 2327/2015/2972 2322/2695/2972
s 1
f 2641/2346/2113 2654/3499/2965 2656/3500/2966 2644/2347/2114
s 0
f 2644/2350/2973 2656/3501/2973 2655/3502/2973 2648/2351/2973
f 2648/2351/2974 2655/3502/2974 2653/2700/2974 2642/2354/2974
s 1
f 2294/3503/2975 2299/1982/1844 2307/1985/1847 2296/3504/2976
s 0
f 2296/3505/2977 2307/1980/2977 2303/1979/2977 2295/3506/2977
f 2295/3506/2978 2303/1979/2978 2298/1978/2978 2293/2705/2978
s 1
f 2670/2384/2143 2681/3507/2979 2683/3508/2980 2675/2385/2144
s 0
f 2675/2386/2981 2683/3509/2981 2684/3510/2981 2679/2387/2981
f 2679/2387/2982 2684/3510/2982 2682/3511/2982 2671/2390/2982
s 1
f 2326/2009/1867 2338/3487/2951 2340/3488/2952 2331/2010/1868
s 0
f 2331/2011/2983 2340/3489/2983 2339/3490/2983 2335/2012/2983
f 2335/2012/2984 2339/3490/2984 2337/3491/2984 2327/2015/2984
s 1
f 2637/3492/2955 2643/2358/2120 2651/2361/2123 2639/3493/2956
s 0
f 2639/2691/2985 2651/2356/2985 2647/2355/2985 2640/3494/2985
f 2640/3494/2986 2647/2355/2986 2642/2354/2986 2638/2690/2986
s 1
f 2281/1954/1825 2294/3503/2975 2296/3504/2976 2284/1955/1826
s 0
f 2284/1958/2987 2296/3505/2987 2295/3506/2987 2288/1959/2987
f 2288/1959/2988 2295/3506/2988 2293/2705/2988 2282/1962/2988
s 1
f 2681/3507/2979 2685/2395/2149 2689/2398/2152 2683/3508/2980
s 0
f 2683/3509/2989 2689/2409/2989 2694/2408/2989 2684/3510/2989
f 2684/3510/2990 2694/2408/2990 2687/2407/2990 2682/3511/2990
s 1
f 2278/3512/2991 2283/1966/1832 2291/1969/1835 2280/3513/2992
s 0
f 2280/2716/2993 2291/1964/2993 2287/1963/2993 2279/3514/2993
f 2279/3514/2994 2287/1963/2994 2282/1962/2994 2277/2715/2994
s 1
f 2686/2401/2155 2697/3515/2995 2699/3516/2996 2691/2402/2156
s 0
f 2691/2403/2997 2699/2721/2997 2700/3517/2997 2695/2404/2997
f 2695/2404/2998 2700/3517/2998 2698/2720/2998 2687/2407/2998
s 1
f 2265/1938/1813 2278/3512/2991 2280/3513/2992 2268/1939/1814
s 0
f 2268/1942/2999 2280/2716/2999 2279/3514/2999 2272/1943/2999
f 2272/1943/3000 2279/3514/3000 2277/2715/3000 2266/1946/3000
s 1
f 2697/3515/2995 2701/2412/2161 2705/2415/2164 2699/3516/2996
s 0
f 2699/2721/3001 2705/2426/3001 2710/2425/3001 2700/3517/3001
f 2700/3517/3002 2710/2425/3002 2703/2424/3002 2698/2720/3002
s 1
f 2249/1923/1801 2261/3518/3003 2263/3519/3004 2252/1924/1802
s 0
f 2252/1927/3005 2263/3520/3005 2264/3521/3005 2256/1928/3005
f 2256/1928/3006 2264/3521/3006 2262/2725/3006 2250/726/3006
s 1
f 2261/3518/3003 2267/1950/1820 2275/1953/1823 2263/3519/3004
s 0
f 2263/3520/3007 2275/1948/3007 2271/1947/3007 2264/3521/3007
f 2264/3521/3008 2271/1947/3008 2266/1946/3008 2262/2725/3008
s 1
f 2702/2418/2167 2713/3522/3009 2715/3523/3010 2707/2419/2168
s 0
f 2707/2420/3011 2715/3524/3011 2716/3525/3011 2711/2421/3011
f 2711/2421/3012 2716/3525/3012 2714/2730/3012 2703/2424/3012
s 1
f 2713/3522/3009 2717/2429/2173 2721/2432/2176 2715/3523/3010
s 0
f 2715/3524/3013 2721/2442/3013 2726/2441/3013 2716/3525/3013
f 2716/3525/3014 2726/2441/3014 2719/1130/3014 2714/2730/3014
s 1
f 2237/1907/1789 2251/1934/1808 2259/1937/1811 2240/1908/1790
s 0
f 2240/1911/3015 2259/1932/3015 2255/1931/3015 2244/1912/3015
f 2244/1912/3016 2255/1931/3016 2250/726/3016 2238/1915/3016
s 1
f 2718/2435/2179 2729/2445/2185 2733/2448/2188 2723/2436/2180
s 0
f 2723/2437/3017 2733/2459/3017 2738/2458/3017 2727/2438/3017
f 2727/2438/3018 2738/2458/3018 2731/2457/3018 2719/1130/3018
s 1
f 2234/3526/3019 2239/1919/1796 2247/1922/1799 2236/3527/3020
s 0
f 2236/3528/3021 2247/1917/3021 2243/1916/3021 2235/3529/3021
f 2235/3529/3022 2243/1916/3022 2238/1915/3022 2233/2735/3022
s 1
f 2730/2451/2191 2741/3530/3023 2743/3531/3024 2735/2452/2192
s 0
f 2735/2453/3025 2743/3532/3025 2744/3533/3025 2739/2454/3025
f 2739/2454/3026 2744/3533/3026 2742/2740/3026 2731/2457/3026
s 1
f 2221/1891/1777 2234/3526/3019 2236/3527/3020 2224/1892/1778
s 0
f 2224/1895/3027 2236/3528/3027 2235/3529/3027 2228/1896/3027
f 2228/1896/3028 2235/3529/3028 2233/2735/3028 2222/1899/3028
s 1
f 2741/3530/3023 2745/2462/2197 2749/2465/2200 2743/3531/3024
s 0
f 2743/3532/3029 2749/2476/3029 2754/2475/3029 2744/3533/3029
f 2744/3533/3030 2754/2475/3030 2747/2474/3030 2742/2740/3030
s 1
f 2218/3534/3031 2223/1903/1784 2231/1906/1787 2220/3535/3032
s 0
f 2220/3536/3033 2231/1901/3033 2227/1900/3033 2219/3537/3033
f 2219/3537/3034 2227/1900/3034 2222/1899/3034 2217/2745/3034
s 1
f 2746/2468/2203 2757/3538/3035 2759/3539/3036 2751/2469/2204
s 0
f 2751/2470/3037 2759/3540/3037 2760/3541/3037 2755/2471/3037
f 2755/2471/3038 2760/3541/3038 2758/2750/3038 2747/2474/3038
s 1
f 2205/1875/1765 2218/3534/3031 2220/3535/3032 2208/1876/1766
s 0
f 2208/1879/3039 2220/3536/3039 2219/3537/3039 2212/1880/3039
f 2212/1880/3040 2219/3537/3040 2217/2745/3040 2206/1883/3040
s 1
f 2757/3538/3035 2761/2479/2209 2765/2482/2212 2759/3539/3036
s 0
f 2759/3540/3041 2765/2493/3041 2770/2492/3041 2760/3541/3041
f 2760/3541/3042 2770/2492/3042 2763/2491/3042 2758/2750/3042
s 1
f 2202/3542/3043 2207/1887/1772 2215/1890/1775 2204/3543/3044
s 0
f 2204/3544/3045 2215/1885/3045 2211/1884/3045 2203/3545/3045
f 2203/3545/3046 2211/1884/3046 2206/1883/3046 2201/3546/3046
s 1
f 2762/2485/2215 2773/3547/3047 2775/3548/3048 2767/2486/2216
s 0
f 2767/2487/3049 2775/3549/3049 2776/3550/3049 2771/2488/3049
f 2771/2488/3050 2776/3550/3050 2774/2760/3050 2763/2491/3050
s 1
f 2189/1863/1753 2202/3542/3043 2204/3543/3044 2192/1864/1754
f 2192/1864/1754 2204/3543/3044 2203/3551/3051 2196/1867/1757
s 0
f 2196/1867/3052 2203/3545/3052 2201/3546/3052 2190/1869/3052
s 1
f 2773/3547/3047 2777/2496/2221 2781/2499/2224 2775/3548/3048
s 0
f 2775/3549/3053 2781/2510/3053 2786/2509/3053 2776/3550/3053
f 2776/3550/3054 2786/2509/3054 2779/2508/3054 2774/2760/3054
s 1
f 2177/1851/1741 2191/1873/1761 2199/1871/1764 2180/1852/1742
f 2180/1852/1742 2199/1871/1764 2195/1870/3055 2184/1855/1745
s 0
f 2184/1855/3056 2195/1870/3056 2190/1869/3056 2178/1857/3056
s 1
f 2778/2502/2227 2789/2513/2233 2793/2516/2236 2783/2503/2228
s 0
f 2783/2504/3057 2793/2527/3057 2798/2526/3057 2787/2505/3057
f 2787/2505/3058 2798/2526/3058 2791/2525/3058 2779/2508/3058
s 1
f 2174/3552/3059 2179/1861/1749 2187/1859/1752 2176/3553/3060
f 2176/3553/3060 2187/1859/1752 2183/1858/3061 2175/3554/3062
s 0
f 2175/3554/3063 2183/1858/3063 2178/1857/3063 2173/2765/3063
s 1
f 2790/2519/2239 2801/3555/3064 2803/3556/3065 2795/2520/2240
s 0
f 2795/2521/3066 2803/3557/3066 2804/3558/3066 2799/2522/3066
f 2799/2522/3067 2804/3558/3067 2802/2770/3067 2791/2525/3067
f 3242/3559/3068 3245/3560/3068 3247/3561/3068 3244/3562/3068
f 3244/2795/3069 3247/2794/3069 3248/2792/3069 3243/2793/3069
f 3243/2793/3070 3248/2792/3070 3246/2791/3070 3241/3563/3070
s 1
f 2161/1839/1729 2174/3552/3059 2176/3553/3060 2164/1840/1730
f 2164/1840/1730 2176/3553/3060 2175/3554/3062 2168/1843/1733
s 0
f 2168/1843/3071 2175/3554/3071 2173/2765/3071 2162/1845/3071
f 3269/3564/3072 3273/3565/3072 3275/3566/3072 3271/3567/3072
f 3271/2787/3073 3275/2780/3073 3276/3568/3073 3272/2788/3073
f 3272/2788/3074 3276/3568/3074 3274/2775/3074 3270/3569/3074
f 3273/3565/3075 3277/3570/3075 3279/3571/3075 3275/3566/3075
f 3275/2780/3076 3279/2779/3076 3280/2777/3076 3276/3568/3076
f 3276/3568/3077 3280/2777/3077 3278/2776/3077 3274/2775/3077
f 3262/3572/3078 3278/2776/3078 3280/2777/3078 3264/2821/3078
f 3264/2821/3079 3280/2777/3079 3279/2779/3079 3263/3573/3079
f 3263/3574/3080 3279/3571/3080 3277/3570/3080 3261/3575/3080
f 3261/3575/3081 3265/3576/3081 3267/3577/3081 3263/3574/3081
f 3263/3573/3082 3267/2817/3082 3268/3578/3082 3264/2821/3082
f 3264/2821/3083 3268/3578/3083 3266/3579/3083 3262/3572/3083
f 3258/3580/3084 3266/3579/3084 3268/3578/3084 3260/3581/3084
f 3260/3581/3085 3268/3578/3085 3267/2817/3085 3259/3582/3085
f 3259/3583/3086 3267/3584/3086 3265/3585/3086 3257/3586/3086
f 3250/2805/3087 3258/3580/3087 3260/3581/3087 3252/3587/3087
f 3252/3587/3088 3260/3581/3088 3259/3582/3088 3251/2807/3088
f 3251/3588/3089 3259/3583/3089 3257/3586/3089 3249/3589/3089
f 3249/3589/3090 3253/3590/3090 3255/3591/3090 3251/3588/3090
f 3251/2807/3091 3255/2802/3091 3256/2803/3091 3252/3587/3091
f 3252/3587/3092 3256/2803/3092 3254/3592/3092 3250/2805/3092
f 3241/3563/3093 3254/3592/3093 3256/2803/3093 3243/2793/3093
f 3243/2793/3094 3256/2803/3094 3255/2802/3094 3244/2795/3094
f 3244/3562/3095 3255/3591/3095 3253/3590/3095 3242/3559/3095
f 3245/3560/3068 3285/3593/3068 3287/3594/3068 3247/3561/3068
f 3247/2794/3069 3287/3595/3069 3288/3596/3069 3248/2792/3069
f 3248/2792/3070 3288/3596/3070 3286/3597/3070 3246/2791/3070
f 3282/2836/3096 3286/3597/3096 3288/3596/3096 3284/2835/3096
f 3284/2835/3097 3288/3596/3097 3287/3595/3097 3283/2834/3097
f 3283/3598/3098 3287/3594/3098 3285/3593/3098 3281/3599/3098
f 3294/3600/3099 3297/3601/3099 3299/3602/3099 3296/3603/3099
f 3296/2842/3100 3299/2841/3100 3300/3604/3100 3295/2843/3100
f 3295/2843/3101 3300/3604/3101 3298/2846/3101 3293/3605/3101
f 3270/3569/3074 3298/2846/3074 3300/3604/3074 3272/2788/3074
f 3272/2788/3102 3300/3604/3102 3299/2841/3102 3271/2787/3102
f 3271/3567/3072 3299/3602/3072 3297/3601/3072 3269/3564/3072
s 1
f 2801/3555/3064 2805/2530/2245 2809/2533/2248 2803/3556/3065
s 0
f 2803/3557/3103 2809/2544/3103 2814/2543/3103 2804/3558/3103
f 2804/3558/3104 2814/2543/3104 2807/2542/3104 2802/2770/3104
f 3289/3606/3105 3294/3600/3105 3296/3603/3105 3291/3607/3105
f 3291/2849/3106 3296/2842/3106 3295/2843/3106 3292/2850/3106
f 3292/2850/3107 3295/2843/3107 3293/3605/3107 3290/3608/3107
s 1
f 2158/3609/3108 2163/1849/1737 2171/1847/1740 2160/3610/3109
f 2160/3610/3109 2171/1847/1740 2167/1846/3110 2159/3611/3111
s 0
f 2159/3611/3112 2167/1846/3112 2162/1845/3112 2157/3612/3112
f 3281/3599/3098 3305/3613/3098 3307/3614/3098 3283/3598/3098
f 3283/2834/3097 3307/2872/3097 3308/2873/3097 3284/2835/3097
f 3284/2835/3096 3308/2873/3096 3306/3615/3096 3282/2836/3096
f 3302/2876/3113 3306/3615/3113 3308/2873/3113 3304/2874/3113
f 3304/2874/3114 3308/2873/3114 3307/2872/3114 3303/2871/3114
f 3303/3616/3115 3307/3614/3115 3305/3613/3115 3301/3617/3115
f 3290/3608/3107 3313/2856/3107 3315/2855/3107 3292/2850/3107
f 3292/2850/3106 3315/2855/3106 3316/2854/3106 3291/2849/3106
f 3291/3607/3105 3316/3618/3105 3314/3619/3105 3289/3606/3105
f 3309/3620/3116 3314/3619/3116 3316/3618/3116 3311/3621/3116
f 3311/3622/3117 3316/2854/3117 3315/2855/3117 3312/3623/3117
f 3312/3623/3118 3315/2855/3118 3313/2856/3118 3310/3624/3118
f 3301/3617/3115 3321/3625/3115 3323/3626/3115 3303/3616/3115
f 3303/2871/3114 3323/3627/3114 3324/2880/3114 3304/2874/3114
f 3304/2874/3113 3324/2880/3113 3322/3628/3113 3302/2876/3113
f 3318/2878/3119 3322/3628/3119 3324/2880/3119 3320/2879/3119
f 3320/2879/3120 3324/2880/3120 3323/3627/3120 3319/2881/3120
f 3319/3629/3121 3323/3626/3121 3321/3625/3121 3317/3630/3121
f 3325/3631/3122 3329/3632/3122 3331/3633/3122 3327/3634/3122
f 3327/2899/3123 3331/2894/3123 3332/2895/3123 3328/2898/3123
f 3328/2898/3124 3332/2895/3124 3330/2896/3124 3326/2897/3124
f 3310/3624/3118 3330/2896/3118 3332/2895/3118 3312/3623/3118
f 3312/3623/3117 3332/2895/3117 3331/2894/3117 3311/3622/3117
f 3311/3621/3116 3331/3633/3116 3329/3632/3116 3309/3620/3116
s 1
f 2806/2536/2251 2817/3635/3125 2819/3636/3126 2811/2537/2252
s 0
f 2811/2538/3127 2819/3637/3127 2820/3638/3127 2815/2539/3127
f 2815/2539/3128 2820/3638/3128 2818/3639/3128 2807/2542/3128
s 1
f 2145/1827/1717 2158/3609/3108 2160/3610/3109 2148/1828/1718
f 2148/1828/1718 2160/3610/3109 2159/3611/3111 2152/1831/1721
s 0
f 2152/1831/3129 2159/3611/3129 2157/3612/3129 2146/1833/3129
f 3317/3630/3121 3341/3640/3121 3343/3641/3121 3319/3629/3121
f 3319/2881/3130 3343/2924/3130 3344/3642/3130 3320/2879/3130
f 3320/2879/3119 3344/3642/3119 3342/2926/3119 3318/2878/3119
f 3338/2920/3131 3342/2926/3131 3344/3642/3131 3340/3643/3131
f 3340/3643/3132 3344/3642/3132 3343/2924/3132 3339/2917/3132
f 3339/3644/3133 3343/3641/3133 3341/3640/3133 3337/3645/3133
f 3334/2921/3134 3338/2920/3134 3340/3643/3134 3336/2919/3134
f 3336/2919/3135 3340/3643/3135 3339/2917/3135 3335/2916/3135
f 3335/3646/3136 3339/3644/3136 3337/3645/3136 3333/3647/3136
f 3345/3648/3137 3349/3649/3137 3351/3650/3137 3347/3651/3137
f 3347/3652/3138 3351/3653/3138 3352/3654/3138 3348/2910/3138
f 3348/2910/3139 3352/3654/3139 3350/3655/3139 3346/3656/3139
f 3326/2897/3124 3350/3655/3124 3352/3654/3124 3328/2898/3124
f 3328/2898/3140 3352/3654/3140 3351/3653/3140 3327/2899/3140
f 3327/3634/3122 3351/3650/3122 3349/3649/3122 3325/3631/3122
f 3333/3647/3141 3353/3657/3141 3355/3658/3141 3335/3646/3141
f 3335/2916/3135 3355/3659/3135 3356/2928/3135 3336/2919/3135
f 3336/2919/3134 3356/2928/3134 3354/3660/3134 3334/2921/3134
f 3357/3661/3142 3361/3662/3142 3363/3663/3142 3359/3664/3142
f 3359/2939/3143 3363/3665/3143 3364/3666/3143 3360/2938/3143
f 3360/2938/3144 3364/3666/3144 3362/2936/3144 3358/2937/3144
f 3346/3656/3139 3362/2936/3139 3364/3666/3139 3348/2910/3139
f 3348/2910/3145 3364/3666/3145 3363/3665/3145 3347/3652/3145
f 3347/3651/3137 3363/3663/3137 3361/3662/3137 3345/3648/3137
s 1
f 2817/3635/3125 2821/2547/2257 2825/2550/2260 2819/3636/3126
s 0
f 2819/3637/3146 2825/2561/3146 2830/2560/3146 2820/3638/3146
f 2820/3638/3147 2830/2560/3147 2823/2559/3147 2818/3639/3147
s 1
f 2142/3667/3148 2147/1837/1725 2155/1835/1728 2144/3668/3149
f 2144/3668/3149 2155/1835/1728 2151/1834/3150 2143/3669/3151
s 0
f 2143/3669/3152 2151/1834/3152 2146/1833/3152 2141/3670/3152
f 3353/3657/3141 3365/3671/3141 3367/3672/3141 3355/3658/3141
f 3355/3659/3135 3367/2962/3135 3368/2963/3135 3356/2928/3135
f 3356/2928/3134 3368/2963/3134 3366/3673/3134 3354/3660/3134
f 3365/3671/3153 3369/3674/3153 3371/3675/3153 3367/3672/3153
f 3367/2962/3154 3371/2961/3154 3372/2964/3154 3368/2963/3154
f 3368/2963/3155 3372/2964/3155 3370/2966/3155 3366/3673/3155
f 3358/2937/3144 3377/2946/3144 3379/3676/3144 3360/2938/3144
f 3360/2938/3143 3379/3676/3143 3380/3677/3143 3359/2939/3143
f 3359/3664/3142 3380/3678/3142 3378/3679/3142 3357/3661/3142
f 3373/3680/3156 3378/3679/3156 3380/3678/3156 3375/3681/3156
f 3375/2949/3157 3380/3677/3157 3379/3676/3157 3376/2950/3157
f 3376/2950/3158 3379/3676/3158 3377/2946/3158 3374/2951/3158
f 3369/3674/3153 3381/3682/3153 3383/3683/3153 3371/3675/3153
f 3371/2961/3159 3383/3684/3159 3384/3685/3159 3372/2964/3159
f 3372/2964/3155 3384/3685/3155 3382/3686/3155 3370/2966/3155
f 3374/2951/3158 3386/2981/3158 3388/2980/3158 3376/2950/3158
f 3376/2950/3160 3388/2980/3160 3387/2979/3160 3375/2949/3160
f 3375/3681/3156 3387/3687/3156 3385/3688/3156 3373/3680/3156
s 1
f 2822/2553/2263 2833/3689/3161 2835/3690/3162 2827/2554/2264
s 0
f 2827/2555/3163 2835/3691/3163 2836/3692/3163 2831/2556/3163
f 2831/2556/3164 2836/3692/3164 2834/2972/3164 2823/2559/3164
s 1
f 2129/1815/1705 2142/3667/3148 2144/3668/3149 2132/1816/1706
f 2132/1816/1706 2144/3668/3149 2143/3669/3151 2136/1819/1709
s 0
f 2136/1819/3165 2143/3669/3165 2141/3670/3165 2130/1821/3165
f 3381/3682/3153 3389/3693/3153 3391/3694/3153 3383/3683/3153
f 3383/3684/3154 3391/2997/3154 3392/2998/3154 3384/3685/3154
f 3384/3685/3155 3392/2998/3155 3390/3695/3155 3382/3686/3155
f 3389/3693/3166 3393/3696/3166 3395/3697/3166 3391/3694/3166
f 3391/2997/3167 3395/2996/3167 3396/2999/3167 3392/2998/3167
f 3392/2998/3168 3396/2999/3168 3394/3001/3168 3390/3695/3168
f 3386/2981/3158 3401/2986/3158 3403/3698/3158 3388/2980/3158
f 3388/2980/3157 3403/3698/3157 3404/2984/3157 3387/2979/3157
f 3387/3687/3156 3404/3699/3156 3402/3700/3156 3385/3688/3156
f 3397/3701/3169 3402/3700/3169 3404/3699/3169 3399/3702/3169
f 3399/2989/3170 3404/2984/3170 3403/3698/3170 3400/2990/3170
f 3400/2990/3171 3403/3698/3171 3401/2986/3171 3398/3703/3171
f 3393/3696/3166 3405/3704/3166 3407/3705/3166 3395/3697/3166
f 3395/2996/3172 3407/3004/3172 3408/3003/3172 3396/2999/3172
f 3396/2999/3168 3408/3003/3168 3406/3002/3168 3394/3001/3168
f 3398/3703/3171 3410/3706/3171 3412/3707/3171 3400/2990/3171
f 3400/2990/3173 3412/3707/3173 3411/3708/3173 3399/2989/3173
f 3399/3702/3169 3411/3709/3169 3409/3710/3169 3397/3701/3169
s 1
f 2833/3689/3161 2837/2564/2269 2841/2567/2272 2835/3690/3162
s 0
f 2835/3691/3174 2841/2578/3174 2846/2577/3174 2836/3692/3174
f 2836/3692/3175 2846/2577/3175 2839/2576/3175 2834/2972/3175
f 3414/3026/3176 3417/3025/3176 3419/3023/3176 3416/3024/3176
f 3416/3024/3177 3419/3023/3177 3420/3022/3177 3415/3021/3177
f 3415/3711/3178 3420/3712/3178 3418/3713/3178 3413/3714/3178
s 1
f 2117/1803/1693 2131/1825/1713 2139/1823/1716 2120/1804/1694
f 2120/1804/1694 2139/1823/1716 2135/1822/3179 2124/1807/1697
s 0
f 2124/1807/3180 2135/1822/3180 2130/1821/3180 2118/1809/3180
f 3405/3704/3181 3418/3713/3181 3420/3712/3181 3407/3705/3181
f 3407/3004/3167 3420/3022/3167 3419/3023/3167 3408/3003/3167
f 3408/3003/3168 3419/3023/3168 3417/3025/3168 3406/3002/3168
f 3410/3706/3182 3422/3016/3182 3424/3015/3182 3412/3707/3182
f 3412/3707/3173 3424/3015/3173 3423/3715/3173 3411/3708/3173
f 3411/3709/3169 3423/3716/3169 3421/3717/3169 3409/3710/3169
f 3413/3714/3178 3425/3718/3178 3427/3719/3178 3415/3711/3178
f 3415/3021/3177 3427/3029/3177 3428/3028/3177 3416/3024/3177
f 3416/3024/3183 3428/3028/3183 3426/3027/3183 3414/3026/3183
f 3430/3720/3184 3434/3721/3184 3436/3722/3184 3432/3723/3184
f 3432/3723/3185 3436/3722/3185 3435/3724/3185 3431/3725/3185
f 3431/3726/3186 3435/3727/3186 3433/3728/3186 3429/3729/3186
f 3422/3016/3171 3430/3720/3171 3432/3723/3171 3424/3015/3171
f 3424/3015/3173 3432/3723/3173 3431/3725/3173 3423/3715/3173
f 3423/3716/3169 3431/3726/3169 3429/3729/3169 3421/3717/3169
s 1
f 2838/2570/2275 2849/2581/2281 2853/2584/2284 2843/2571/2276
s 0
f 2843/2572/3187 2853/2595/3187 2858/2594/3187 2847/2573/3187
f 2847/2573/3188 2858/2594/3188 2851/2593/3188 2839/2576/3188
f 3434/3721/3184 3438/3730/3184 3440/3731/3184 3436/3722/3184
f 3436/3722/3189 3440/3731/3189 3439/3732/3189 3435/3724/3189
f 3435/3727/3190 3439/3733/3190 3437/3734/3190 3433/3728/3190
f 3425/3718/3178 3441/3735/3178 3443/3736/3178 3427/3719/3178
f 3427/3029/3177 3443/3737/3177 3444/3048/3177 3428/3028/3177
f 3428/3028/3176 3444/3048/3176 3442/3738/3176 3426/3027/3176
s 1
f 2114/3739/3191 2119/1813/1701 2127/1811/1704 2116/3740/3192
f 2116/3740/3192 2127/1811/1704 2123/1810/3193 2115/3741/3194
s 0
f 2115/3741/3195 2123/1810/3195 2118/1809/3195 2113/3042/3195
f 3446/3742/3196 3449/3743/3196 3451/3744/3196 3448/3745/3196
f 3448/3059/3197 3451/3064/3197 3452/3746/3197 3447/3058/3197
f 3447/3058/3198 3452/3746/3198 3450/3747/3198 3445/3748/3198
f 3441/3735/3178 3446/3742/3178 3448/3745/3178 3443/3736/3178
f 3443/3737/3199 3448/3059/3199 3447/3058/3199 3444/3048/3199
f 3444/3048/3176 3447/3058/3176 3445/3748/3176 3442/3738/3176
f 3438/3730/3184 3453/3749/3184 3455/3750/3184 3440/3731/3184
f 3440/3731/3185 3455/3750/3185 3456/3751/3185 3439/3732/3185
f 3439/3733/3190 3456/3752/3190 3454/3753/3190 3437/3734/3190
s 1
f 2850/2587/2287 2861/3754/3200 2863/3755/3201 2855/2588/2288
s 0
f 2855/2589/3202 2863/3756/3202 2864/3757/3202 2859/2590/3202
f 2859/2590/3203 2864/3757/3203 2862/3067/3203 2851/2593/3203
f 3453/3749/3204 3458/3081/3204 3460/3080/3204 3455/3750/3204
f 3455/3750/3205 3460/3080/3205 3459/3079/3205 3456/3751/3205
f 3456/3752/3206 3459/3758/3206 3457/3759/3206 3454/3753/3206
f 3449/3743/3196 3461/3760/3196 3463/3761/3196 3451/3744/3196
f 3451/3064/3207 3463/3762/3207 3464/3763/3207 3452/3746/3207
f 3452/3746/3198 3464/3763/3198 3462/3764/3198 3450/3747/3198
s 1
f 2101/1791/1681 2114/3739/3191 2116/3740/3192 2104/1792/1682
f 2104/1792/1682 2116/3740/3192 2115/3741/3194 2108/1795/1685
s 0
f 2108/1795/3208 2115/3741/3208 2113/3042/3208 2102/1797/3208
f 3458/3081/3204 3466/3091/3204 3468/3090/3204 3460/3080/3204
f 3460/3080/3209 3468/3090/3209 3467/3089/3209 3459/3079/3209
f 3459/3758/3206 3467/3765/3206 3465/3766/3206 3457/3759/3206
f 3470/3767/3210 3473/3768/3210 3475/3769/3210 3472/3770/3210
f 3472/3771/3211 3475/3099/3211 3476/3100/3211 3471/3093/3211
f 3471/3093/3212 3476/3100/3212 3474/3101/3212 3469/3772/3212
f 3461/3760/3196 3470/3767/3196 3472/3770/3196 3463/3761/3196
f 3463/3762/3197 3472/3771/3197 3471/3093/3197 3464/3763/3197
f 3464/3763/3198 3471/3093/3198 3469/3772/3198 3462/3764/3198
f 3466/3091/3204 3481/3106/3204 3483/3105/3204 3468/3090/3204
f 3468/3090/3205 3483/3105/3205 3484/3104/3205 3467/3089/3205
f 3467/3765/3206 3484/3773/3206 3482/3774/3206 3465/3766/3206
s 1
f 2861/3754/3200 2865/2598/2293 2869/2601/2296 2863/3755/3201
s 0
f 2863/3756/3213 2869/2612/3213 2874/2611/3213 2864/3757/3213
f 2864/3757/3214 2874/2611/3214 2867/2610/3214 2862/3067/3214
f 3477/3775/3215 3482/3774/3215 3484/3773/3215 3479/3776/3215
f 3479/3109/3216 3484/3104/3216 3483/3105/3216 3480/3108/3216
f 3480/3108/3217 3483/3105/3217 3481/3106/3217 3478/3107/3217
f 3478/3107/3217 3486/3777/3217 3488/3130/3217 3480/3108/3217
f 3480/3108/3216 3488/3130/3216 3487/3129/3216 3479/3109/3216
f 3479/3776/3215 3487/3778/3215 3485/3779/3215 3477/3775/3215
f 3490/3118/3218 3493/3117/3218 3495/3120/3218 3492/3119/3218
f 3492/3119/3219 3495/3120/3219 3496/3122/3219 3491/3121/3219
f 3491/3780/3220 3496/3781/3220 3494/3782/3220 3489/3783/3220
s 1
f 2098/3784/3221 2103/1801/1689 2111/1799/1692 2100/3785/3222
f 2100/3785/3222 2111/1799/1692 2107/1798/3223 2099/3786/3224
s 0
f 2099/3786/3225 2107/1798/3225 2102/1797/3225 2097/3112/3225
f 3473/3768/3210 3494/3782/3210 3496/3781/3210 3475/3769/3210
f 3475/3099/3211 3496/3122/3211 3495/3120/3211 3476/3100/3211
f 3476/3100/3212 3495/3120/3212 3493/3117/3212 3474/3101/3212
f 3498/3137/3226 3501/3132/3226 3503/3133/3226 3500/3138/3226
f 3500/3138/3227 3503/3133/3227 3504/3134/3227 3499/3139/3227
f 3499/3787/3228 3504/3788/3228 3502/3789/3228 3497/3790/3228
f 3489/3783/3220 3502/3789/3220 3504/3788/3220 3491/3780/3220
f 3491/3121/3229 3504/3134/3229 3503/3133/3229 3492/3119/3229
f 3492/3119/3218 3503/3133/3218 3501/3132/3218 3490/3118/3218
s 1
f 2866/2604/2299 2877/3791/3230 2879/3792/3231 2871/2605/2300
s 0
f 2871/2606/3232 2879/3793/3232 2880/3794/3232 2875/2607/3232
f 2875/2607/3233 2880/3794/3233 2878/3142/3233 2867/2610/3233
f 3505/3795/3234 3509/3796/3234 3511/3797/3234 3507/3798/3234
f 3507/3159/3235 3511/3154/3235 3512/3799/3235 3508/3158/3235
f 3508/3158/3236 3512/3799/3236 3510/3800/3236 3506/3157/3236
f 3509/3796/3237 3513/3801/3237 3515/3802/3237 3511/3797/3237
f 3511/3154/3238 3515/3803/3238 3516/3804/3238 3512/3799/3238
f 3512/3799/3239 3516/3804/3239 3514/3805/3239 3510/3800/3239
f 3486/3777/3217 3514/3805/3217 3516/3804/3217 3488/3130/3217
f 3488/3130/3216 3516/3804/3216 3515/3803/3216 3487/3129/3216
f 3487/3778/3240 3515/3802/3240 3513/3801/3240 3485/3779/3240
f 3506/3157/3236 3521/3176/3236 3523/3175/3236 3508/3158/3236
f 3508/3158/3241 3523/3175/3241 3524/3174/3241 3507/3159/3241
f 3507/3798/3234 3524/3806/3234 3522/3807/3234 3505/3795/3234
f 3521/3176/3242 3526/3808/3242 3528/3809/3242 3523/3175/3242
f 3523/3175/3243 3528/3809/3243 3527/3810/3243 3524/3174/3243
f 3524/3806/3244 3527/3811/3244 3525/3812/3244 3522/3807/3244
f 3497/3790/3228 3517/3813/3228 3519/3814/3228 3499/3787/3228
f 3499/3139/3245 3519/3815/3245 3520/3816/3245 3500/3138/3245
f 3500/3138/3226 3520/3816/3226 3518/3162/3226 3498/3137/3226
f 3517/3813/3246 3529/3817/3246 3531/3818/3246 3519/3814/3246
f 3519/3815/3247 3531/3166/3247 3532/3164/3247 3520/3816/3247
f 3520/3816/3248 3532/3164/3248 3530/3163/3248 3518/3162/3248
s 1
f 2085/1779/1669 2098/3784/3221 2100/3785/3222 2088/1780/1670
f 2088/1780/1670 2100/3785/3222 2099/3786/3224 2092/1783/1673
s 0
f 2092/1783/3249 2099/3786/3249 2097/3112/3249 2086/1785/3249
f 3534/3819/3250 3537/3820/3250 3539/3183/3250 3536/3821/3250
f 3536/3821/3251 3539/3183/3251 3540/3184/3251 3535/3822/3251
f 3535/3823/3252 3540/3824/3252 3538/3825/3252 3533/3826/3252
f 3529/3817/3246 3538/3825/3246 3540/3824/3246 3531/3818/3246
f 3531/3166/3247 3540/3184/3247 3539/3183/3247 3532/3164/3247
f 3532/3164/3248 3539/3183/3248 3537/3820/3248 3530/3163/3248
f 3526/3808/3242 3545/3196/3242 3547/3195/3242 3528/3809/3242
f 3528/3809/3243 3547/3195/3243 3548/3194/3243 3527/3810/3243
f 3527/3811/3244 3548/3827/3244 3546/3828/3244 3525/3812/3244
f 1443/1284/3253 2878/3142/3253 2880/3794/3253 1450/1285/3253
f 1450/1285/3254 2880/3794/3254 2879/3793/3254 1445/1286/3254
s 1
f 1445/1275/1156 2879/3792/3231 2877/3791/3230 1441/1272/1153
s 0
f 3541/3829/3255 3546/3828/3255 3548/3827/3255 3543/3830/3255
f 3543/3831/3256 3548/3194/3256 3547/3195/3256 3544/3832/3256
f 3544/3832/3257 3547/3195/3257 3545/3196/3257 3542/3833/3257
f 3554/3223/3258 3558/3222/3258 3560/3225/3258 3556/3224/3258
f 3556/3224/3259 3560/3225/3259 3559/3834/3259 3555/3226/3259
f 3555/3835/3260 3559/3836/3260 3557/3837/3260 3553/3838/3260
f 3542/3833/3257 3554/3223/3257 3556/3224/3257 3544/3832/3257
f 3544/3832/3256 3556/3224/3256 3555/3226/3256 3543/3831/3256
f 3543/3830/3255 3555/3835/3255 3553/3838/3255 3541/3829/3255
f 3562/3213/3261 3565/3212/3261 3567/3839/3261 3564/3214/3261
f 3564/3214/3262 3567/3839/3262 3568/3217/3262 3563/3216/3262
f 3563/3840/3263 3568/3841/3263 3566/3842/3263 3561/3843/3263
s 1
f 2082/3844/3264 2087/1789/1677 2095/1787/1680 2084/3845/3265
f 2084/3845/3265 2095/1787/1680 2091/1786/3266 2083/3846/3267
s 0
f 2083/3846/3268 2091/1786/3268 2086/1785/3268 2081/3207/3268
f 3533/3826/3252 3549/3847/3252 3551/3848/3252 3535/3823/3252
f 3535/3822/3251 3551/3204/3251 3552/3203/3251 3536/3821/3251
f 3536/3821/3250 3552/3203/3250 3550/3849/3250 3534/3819/3250
f 3549/3847/3269 3566/3842/3269 3568/3841/3269 3551/3848/3269
f 3551/3204/3270 3568/3217/3270 3567/3839/3270 3552/3203/3270
f 3552/3203/3271 3567/3839/3271 3565/3212/3271 3550/3849/3271
s 1
f 1442/1278/1159 1453/3850/3272 1455/3851/3273 1447/1279/1160
f 1447/1279/1160 1455/3851/3273 1456/3852/3274 1451/1282/1161
s 0
f 1451/1282/3275 1456/3852/3275 1454/3237/3275 1443/1284/3275
f 3561/3843/3263 3569/3853/3263 3571/3854/3263 3563/3840/3263
f 3563/3216/3276 3571/3234/3276 3572/3855/3276 3564/3214/3276
f 3564/3214/3261 3572/3855/3261 3570/3232/3261 3562/3213/3261
f 3569/3853/3277 3581/3856/3277 3583/3857/3277 3571/3854/3277
f 3571/3234/3278 3583/3274/3278 3584/3273/3278 3572/3855/3278
f 3572/3855/3279 3584/3273/3279 3582/3858/3279 3570/3232/3279
f 3574/3859/3280 3582/3858/3280 3584/3273/3280 3576/3860/3280
f 3576/3860/3281 3584/3273/3281 3583/3274/3281 3575/3269/3281
f 3575/3861/3282 3583/3857/3282 3581/3856/3282 3573/3862/3282
f 3573/3862/3283 3577/3863/3283 3579/3864/3283 3575/3861/3283
f 3575/3269/3284 3579/3264/3284 3580/3263/3284 3576/3860/3284
f 3576/3860/3285 3580/3263/3285 3578/3262/3285 3574/3859/3285
f 3577/3863/3286 3589/3865/3286 3591/3866/3286 3579/3864/3286
f 3579/3264/3287 3591/3867/3287 3592/3868/3287 3580/3263/3287
f 3580/3263/3288 3592/3868/3288 3590/3869/3288 3578/3262/3288
f 3586/3870/3289 3590/3869/3289 3592/3868/3289 3588/3871/3289
f 3588/3871/3290 3592/3868/3290 3591/3867/3290 3587/3872/3290
f 3587/3873/3291 3591/3866/3291 3589/3865/3291 3585/3874/3291
f 3585/3874/3292 3593/3875/3292 3595/3876/3292 3587/3873/3292
f 3587/3872/3293 3595/3249/3293 3596/3877/3293 3588/3871/3293
f 3588/3871/3294 3596/3877/3294 3594/3878/3294 3586/3870/3294
f 3593/3875/3295 3597/3879/3295 3599/3880/3295 3595/3876/3295
f 3595/3249/3296 3599/3881/3296 3600/3245/3296 3596/3877/3296
f 3596/3877/3297 3600/3245/3297 3598/3246/3297 3594/3878/3297
f 3558/3222/3258 3598/3246/3258 3600/3245/3258 3560/3225/3258
f 3560/3225/3298 3600/3245/3298 3599/3881/3298 3559/3834/3298
f 3559/3836/3260 3599/3880/3260 3597/3879/3260 3557/3837/3260
s 1
f 2069/1767/1657 2082/3844/3264 2084/3845/3265 2072/1768/1658
f 2072/1768/1658 2084/3845/3265 2083/3846/3267 2076/1771/1661
s 0
f 2076/1771/3299 2083/3846/3299 2081/3207/3299 2070/1773/3299
s 1
f 1453/3850/3272 1457/1289/1165 1461/1292/1168 1455/3851/3273
f 1455/3851/3273 1461/1292/1168 1466/1300/3300 1456/3852/3274
s 0
f 1456/3852/3301 1466/1300/3301 1459/1299/3301 1454/3237/3301
s 1
f 2057/1755/1645 2071/1777/1665 2079/1775/1668 2060/1756/1646
f 2060/1756/1646 2079/1775/1668 2075/1774/3302 2064/1759/1649
s 0
f 2064/1759/3303 2075/1774/3303 2070/1773/3303 2058/1761/3303
s 1
f 1458/1295/1171 1469/1301/1177 1473/1304/1180 1463/1296/1172
f 1463/1296/1172 1473/1304/1180 1478/1312/3304 1467/1297/1173
s 0
f 1467/1297/3305 1478/1312/3305 1471/1311/3305 1459/1299/3305
s 1
f 2054/3882/3306 2059/1765/1653 2067/1763/1656 2056/3883/3307
f 2056/3883/3307 2067/1763/1656 2063/1762/3308 2055/3884/3309
s 0
f 2055/3884/3310 2063/1762/3310 2058/1761/3310 2053/3277/3310
s 1
f 1470/1307/1183 1481/3885/3311 1483/3886/3312 1475/1308/1184
f 1475/1308/1184 1483/3886/3312 1484/3887/3313 1479/1309/1185
s 0
f 1479/1309/3314 1484/3887/3314 1482/3888/3314 1471/1311/3314
s 1
f 2041/1743/1633 2054/3882/3306 2056/3883/3307 2044/1744/1634
f 2044/1744/1634 2056/3883/3307 2055/3884/3309 2048/1747/1637
s 0
f 2048/1747/3315 2055/3884/3315 2053/3277/3315 2042/1749/3315
s 1
f 1481/3885/3311 1485/1313/1189 1489/1316/1192 1483/3886/3312
f 1483/3886/3312 1489/1316/1192 1494/1324/3316 1484/3887/3313
s 0
f 1484/3887/3317 1494/1324/3317 1487/1323/3317 1482/3888/3317
s 1
f 2038/3889/3318 2043/1753/1641 2051/1751/1644 2040/3890/3319
f 2040/3890/3319 2051/1751/1644 2047/1750/3320 2039/3891/3321
s 0
f 2039/3891/3322 2047/1750/3322 2042/1749/3322 2037/3892/3322
s 1
f 1486/1319/1195 1497/3893/3323 1499/3894/3324 1491/1320/1196
f 1491/1320/1196 1499/3894/3324 1500/3895/3325 1495/1321/1197
s 0
f 1495/1321/3326 1500/3895/3326 1498/3292/3326 1487/1323/3326
s 1
f 2025/1731/1621 2038/3889/3318 2040/3890/3319 2028/1732/1622
f 2028/1732/1622 2040/3890/3319 2039/3891/3321 2032/1735/1625
s 0
f 2032/1735/3327 2039/3891/3327 2037/3892/3327 2026/1737/3327
s 1
f 1497/3893/3323 1501/1325/1201 1505/1328/1204 1499/3894/3324
f 1499/3894/3324 1505/1328/1204 1510/1336/3328 1500/3895/3325
s 0
f 1500/3895/3329 1510/1336/3329 1503/1335/3329 1498/3292/3329
s 1
f 2022/3896/3330 2027/1741/1629 2035/1739/1632 2024/3897/3331
f 2024/3897/3331 2035/1739/1632 2031/1738/3332 2023/3898/3333
s 0
f 2023/3898/3334 2031/1738/3334 2026/1737/3334 2021/3297/3334
s 1
f 1502/1331/1207 1513/3899/3335 1515/3900/3336 1507/1332/1208
f 1507/1332/1208 1515/3900/3336 1516/3901/3337 1511/1333/1209
s 0
f 1511/1333/3338 1516/3901/3338 1514/3302/3338 1503/1335/3338
s 1
f 2009/1719/1609 2022/3896/3330 2024/3897/3331 2012/1720/1610
f 2012/1720/1610 2024/3897/3331 2023/3898/3333 2016/1723/1613
s 0
f 2016/1723/3339 2023/3898/3339 2021/3297/3339 2010/1725/3339
s 1
f 1513/3899/3335 1517/1337/1213 1521/1340/1216 1515/3900/3336
f 1515/3900/3336 1521/1340/1216 1526/1348/3340 1516/3901/3337
s 0
f 1516/3901/3341 1526/1348/3341 1519/1347/3341 1514/3302/3341
s 1
f 1997/1708/1597 2011/1729/1617 2019/1727/1620 2000/1709/1598
f 2000/1709/1598 2019/1727/1620 2015/1726/3342 2004/1712/1601
s 0
f 2004/1712/3343 2015/1726/3343 2010/1725/3343 1998/501/3343
s 1
f 1518/1343/1219 1529/1349/1225 1533/1352/1228 1523/1344/1220
f 1523/1344/1220 1533/1352/1228 1538/1359/3344 1527/1345/1221
s 0
f 1527/1345/3345 1538/1359/3345 1531/89/3345 1519/1347/3345
s 1
f 1994/3902/3346 1999/1717/1605 2007/1715/1608 1996/3903/3347
f 1996/3903/3347 2007/1715/1608 2003/1714/3348 1995/3904/3349
s 0
f 1995/3904/3350 2003/1714/3350 1998/501/3350 1993/3905/3350
s 1
f 1981/1696/1585 1994/3902/3346 1996/3903/3347 1984/1697/1586
f 1984/1697/1586 1996/3903/3347 1995/3904/3349 1988/1700/1589
s 0
f 1988/1700/3351 1995/3904/3351 1993/3905/3351 1982/1702/3351
s 1
f 1978/3906/3352 1983/1706/1593 1991/1704/1596 1980/3907/3353
f 1980/3907/3353 1991/1704/1596 1987/1703/3354 1979/3908/3355
s 0
f 1979/3908/3356 1987/1703/3356 1982/1702/3356 1977/3312/3356
s 1
f 1545/1360/1237 1557/3909/3357 1559/3910/3358 1548/1361/1238
f 1548/1361/1238 1559/3910/3358 1560/3911/3359 1552/1364/1241
s 0
f 1552/1364/3360 1560/3911/3360 1558/3912/3360 1546/1366/3360
s 1
f 1530/1355/1231 1541/3913/3361 1543/3914/3362 1535/1356/1232
f 1535/1356/1232 1543/3914/3362 1544/3915/3363 1539/1357/1233
s 0
f 1539/1357/3364 1544/3915/3364 1542/3322/3364 1531/89/3364
s 1
f 1541/3913/3361 1547/1370/1245 1555/1368/1248 1543/3914/3362
f 1543/3914/3362 1555/1368/1248 1551/1367/3365 1544/3915/3363
s 0
f 1544/3915/3366 1551/1367/3366 1546/1366/3366 1542/3322/3366
s 1
f 1965/1684/1573 1978/3906/3352 1980/3907/3353 1968/1685/1574
f 1968/1685/1574 1980/3907/3353 1979/3908/3355 1972/1688/1577
s 0
f 1972/1688/3367 1979/3908/3367 1977/3312/3367 1966/1690/3367
s 1
f 1557/3909/3357 1561/1372/1249 1565/1375/1252 1559/3910/3358
f 1559/3910/3358 1565/1375/1252 1570/1383/3368 1560/3911/3359
s 0
f 1560/3911/3369 1570/1383/3369 1563/1382/3369 1558/3912/3369
s 1
f 1962/3916/3370 1967/1694/1581 1975/1692/1584 1964/3917/3371
f 1964/3917/3371 1975/1692/1584 1971/1691/3372 1963/3918/3373
s 0
f 1963/3918/3374 1971/1691/3374 1966/1690/3374 1961/3919/3374
s 1
f 1562/1378/1255 1573/3920/3375 1575/3921/3376 1567/1379/1256
f 1567/1379/1256 1575/3921/3376 1576/3922/3377 1571/1380/1257
s 0
f 1571/1380/3378 1576/3922/3378 1574/3332/3378 1563/1382/3378
s 1
f 1921/1650/1537 1933/3923/3379 1935/3924/3380 1924/1651/1538
f 1924/1651/1538 1935/3924/3380 1936/3925/3381 1928/1654/1541
s 0
f 1928/1654/3382 1936/3925/3382 1934/3926/3382 1922/1656/3382
s 1
f 1918/3927/3383 1923/1660/1545 1931/1658/1548 1920/3928/3384
f 1920/3928/3384 1931/1658/1548 1927/1657/3385 1919/3929/3386
s 0
f 1919/3929/3387 1927/1657/3387 1922/1656/3387 1917/3342/3387
s 1
f 1605/1406/1285 1617/3930/3388 1619/3931/3389 1608/1407/1286
f 1608/1407/1286 1619/3931/3389 1620/3932/3390 1612/1410/1289
s 0
f 1612/1410/3391 1620/3932/3391 1618/3933/3391 1606/1412/3391
s 1
f 1602/3934/3392 1607/1416/1293 1615/1414/1296 1604/3935/3393
f 1604/3935/3393 1615/1414/1296 1611/1413/3394 1603/3936/3395
s 0
f 1603/3936/3396 1611/1413/3396 1606/1412/3396 1601/3937/3396
s 1
f 1949/1673/1561 1962/3916/3370 1964/3917/3371 1952/1674/1562
f 1952/1674/1562 1964/3917/3371 1963/3918/3373 1956/1677/1565
s 0
f 1956/1677/3397 1963/3918/3397 1961/3919/3397 1950/464/3397
s 1
f 1573/3920/3375 1577/1384/1261 1581/1387/1264 1575/3921/3376
f 1575/3921/3376 1581/1387/1264 1586/1394/3398 1576/3922/3377
s 0
f 1576/3922/3399 1586/1394/3399 1579/127/3399 1574/3332/3399
s 1
f 1905/1638/1525 1918/3927/3383 1920/3928/3384 1908/1639/1526
f 1908/1639/1526 1920/3928/3384 1919/3929/3386 1912/1642/1529
s 0
f 1912/1642/3400 1919/3929/3400 1917/3342/3400 1906/1644/3400
s 1
f 1617/3930/3388 1621/1418/1297 1625/1421/1300 1619/3931/3389
f 1619/3931/3389 1625/1421/1300 1630/1429/3401 1620/3932/3390
s 0
f 1620/3932/3402 1630/1429/3402 1623/1428/3402 1618/3933/3402
s 1
f 1933/3923/3379 1937/1662/1549 1941/1665/1552 1935/3924/3380
f 1935/3924/3380 1941/1665/1552 1946/1672/3403 1936/3925/3381
s 0
f 1936/3925/3404 1946/1672/3404 1939/449/3404 1934/3926/3404
s 1
f 1938/1668/1555 1951/1682/1569 1959/1680/1572 1943/1669/1556
f 1943/1669/1556 1959/1680/1572 1955/1679/3405 1947/1670/1557
s 0
f 1947/1670/3406 1955/1679/3406 1950/464/3406 1939/449/3406
s 1
f 1589/1395/1273 1602/3934/3392 1604/3935/3393 1592/1396/1274
f 1592/1396/1274 1604/3935/3393 1603/3936/3395 1596/1399/1277
s 0
f 1596/1399/3407 1603/3936/3407 1601/3937/3407 1590/146/3407
s 1
f 1578/1390/1267 1591/1404/1281 1599/1402/1284 1583/1391/1268
f 1583/1391/1268 1599/1402/1284 1595/1401/3408 1587/1392/1269
s 0
f 1587/1392/3409 1595/1401/3409 1590/146/3409 1579/127/3409
s 1
f 1902/3938/3410 1907/1648/1533 1915/1646/1536 1904/3939/3411
f 1904/3939/3411 1915/1646/1536 1911/1645/3412 1903/3940/3413
s 0
f 1903/3940/3414 1911/1645/3414 1906/1644/3414 1901/3357/3414
s 1
f 1622/1424/1303 1633/3941/3415 1635/3942/3416 1627/1425/1304
f 1627/1425/1304 1635/3942/3416 1636/3943/3417 1631/1426/1305
s 0
f 1631/1426/3418 1636/3943/3418 1634/3362/3418 1623/1428/3418
s 1
f 1861/1604/1489 1873/3944/3419 1875/3945/3420 1864/1605/1490
f 1864/1605/1490 1875/3945/3420 1876/3946/3421 1868/1608/1493
s 0
f 1868/1608/3422 1876/3946/3422 1874/3367/3422 1862/1610/3422
s 1
f 1858/3947/3423 1863/1614/1497 1871/1612/1500 1860/3948/3424
f 1860/3948/3424 1871/1612/1500 1867/1611/3425 1859/3949/3426
s 0
f 1859/3949/3427 1867/1611/3427 1862/1610/3427 1857/3950/3427
s 1
f 1665/1452/1333 1677/3951/3428 1679/3952/3429 1668/1453/1334
f 1668/1453/1334 1679/3952/3429 1680/3953/3430 1672/1456/1337
s 0
f 1672/1456/3431 1680/3953/3431 1678/3954/3431 1666/1458/3431
s 1
f 1662/3955/3432 1667/1462/1341 1675/1460/1344 1664/3956/3433
f 1664/3956/3433 1675/1460/1344 1671/1459/3434 1663/3957/3435
s 0
f 1663/3957/3436 1671/1459/3436 1666/1458/3436 1661/3382/3436
s 1
f 1845/1592/1477 1858/3947/3423 1860/3948/3424 1848/1593/1478
f 1848/1593/1478 1860/3948/3424 1859/3949/3426 1852/1596/1481
s 0
f 1852/1596/3437 1859/3949/3437 1857/3950/3437 1846/1598/3437
s 1
f 1677/3951/3428 1681/1464/1345 1685/1467/1348 1679/3952/3429
f 1679/3952/3429 1685/1467/1348 1690/1475/3438 1680/3953/3430
s 0
f 1680/3953/3439 1690/1475/3439 1683/1474/3439 1678/3954/3439
s 1
f 1842/3958/3440 1847/1602/1485 1855/1600/1488 1844/3959/3441
f 1844/3959/3441 1855/1600/1488 1851/1599/3442 1843/3960/3443
s 0
f 1843/3960/3444 1851/1599/3444 1846/1598/3444 1841/3387/3444
s 1
f 1682/1470/1351 1693/3961/3445 1695/3962/3446 1687/1471/1352
f 1687/1471/1352 1695/3962/3446 1696/3963/3447 1691/1472/1353
s 0
f 1691/1472/3448 1696/3963/3448 1694/3392/3448 1683/1474/3448
s 1
f 1889/1627/1513 1902/3938/3410 1904/3939/3411 1892/1628/1514
f 1892/1628/1514 1904/3939/3411 1903/3940/3413 1896/1631/1517
s 0
f 1896/1631/3449 1903/3940/3449 1901/3357/3449 1890/411/3449
s 1
f 1633/3941/3415 1637/1430/1309 1641/1433/1312 1635/3942/3416
f 1635/3942/3416 1641/1433/1312 1646/1440/3450 1636/3943/3417
s 0
f 1636/3943/3451 1646/1440/3451 1639/180/3451 1634/3362/3451
s 1
f 1873/3944/3419 1877/1616/1501 1881/1619/1504 1875/3945/3420
f 1875/3945/3420 1881/1619/1504 1886/1626/3452 1876/3946/3421
s 0
f 1876/3946/3453 1886/1626/3453 1879/396/3453 1874/3367/3453
s 1
f 1878/1622/1507 1891/1636/1521 1899/1634/1524 1883/1623/1508
f 1883/1623/1508 1899/1634/1524 1895/1633/3454 1887/1624/1509
s 0
f 1887/1624/3455 1895/1633/3455 1890/411/3455 1879/396/3455
s 1
f 1649/1441/1321 1662/3955/3432 1664/3956/3433 1652/1442/1322
f 1652/1442/1322 1664/3956/3433 1663/3957/3435 1656/1445/1325
s 0
f 1656/1445/3456 1663/3957/3456 1661/3382/3456 1650/199/3456
s 1
f 1638/1436/1315 1651/1450/1329 1659/1448/1332 1643/1437/1316
f 1643/1437/1316 1659/1448/1332 1655/1447/3457 1647/1438/1317
s 0
f 1647/1438/3458 1655/1447/3458 1650/199/3458 1639/180/3458
s 1
f 1801/1557/1441 1813/3964/3459 1815/3965/3460 1804/1558/1442
f 1804/1558/1442 1815/3965/3460 1816/3966/3461 1808/1561/1445
s 0
f 1808/1561/3462 1816/3966/3462 1814/3397/3462 1802/1563/3462
s 1
f 1798/3967/3463 1803/1567/1449 1811/1565/1452 1800/3968/3464
f 1800/3968/3464 1811/1565/1452 1807/1564/3465 1799/3969/3466
s 0
f 1799/3969/3467 1807/1564/3467 1802/1563/3467 1797/3970/3467
s 1
f 1725/1498/1381 1737/3971/3468 1739/3972/3469 1728/1499/1382
f 1728/1499/1382 1739/3972/3469 1740/3973/3470 1732/1502/1385
s 0
f 1732/1502/3471 1740/3973/3471 1738/3407/3471 1726/1504/3471
s 1
f 1722/3974/3472 1727/1508/1389 1735/1506/1392 1724/3975/3473
f 1724/3975/3473 1735/1506/1392 1731/1505/3474 1723/3976/3475
s 0
f 1723/3976/3476 1731/1505/3476 1726/1504/3476 1721/3412/3476
s 1
f 1785/1545/1429 1798/3967/3463 1800/3968/3464 1788/1546/1430
f 1788/1546/1430 1800/3968/3464 1799/3969/3466 1792/1549/1433
s 0
f 1792/1549/3477 1799/3969/3477 1797/3970/3477 1786/1551/3477
s 1
f 1737/3971/3468 1741/1510/1393 1745/1513/1396 1739/3972/3469
f 1739/3972/3469 1745/1513/1396 1750/1521/3478 1740/3973/3470
s 0
f 1740/3973/3479 1750/1521/3479 1743/1520/3479 1738/3407/3479
s 1
f 1782/3977/3480 1787/1555/1437 1795/1553/1440 1784/3978/3481
f 1784/3978/3481 1795/1553/1440 1791/1552/3482 1783/3979/3483
s 0
f 1783/3979/3484 1791/1552/3484 1786/1551/3484 1781/3417/3484
s 1
f 1742/1516/1399 1753/3980/3485 1755/3981/3486 1747/1517/1400
f 1747/1517/1400 1755/3981/3486 1756/3982/3487 1751/1518/1401
s 0
f 1751/1518/3488 1756/3982/3488 1754/3983/3488 1743/1520/3488
s 1
f 1829/1581/1465 1842/3958/3440 1844/3959/3441 1832/1582/1466
f 1832/1582/1466 1844/3959/3441 1843/3960/3443 1836/1585/1469
s 0
f 1836/1585/3489 1843/3960/3489 1841/3387/3489 1830/358/3489
s 1
f 1693/3961/3445 1697/1476/1357 1701/1479/1360 1695/3962/3446
f 1695/3962/3446 1701/1479/1360 1706/1486/3490 1696/3963/3447
s 0
f 1696/3963/3491 1706/1486/3491 1699/232/3491 1694/3392/3491
s 1
f 1817/1569/1453 1831/1590/1473 1839/1588/1476 1820/1570/1454
f 1820/1570/1454 1839/1588/1476 1835/1587/3492 1824/1573/1457
s 0
f 1824/1573/3493 1835/1587/3493 1830/358/3493 1818/1575/3493
s 1
f 1813/3964/3459 1819/1579/1461 1827/1577/1464 1815/3965/3460
f 1815/3965/3460 1827/1577/1464 1823/1576/3494 1816/3966/3461
s 0
f 1816/3966/3495 1823/1576/3495 1818/1575/3495 1814/3397/3495
s 1
f 1698/1482/1363 1709/1487/1369 1713/1490/1372 1703/1483/1364
f 1703/1483/1364 1713/1490/1372 1718/1497/3496 1707/1484/1365
s 0
f 1707/1484/3497 1718/1497/3497 1711/251/3497 1699/232/3497
s 1
f 1710/1493/1375 1722/3974/3472 1724/3975/3473 1715/1494/1376
f 1715/1494/1376 1724/3975/3473 1723/3976/3475 1719/1495/1377
s 0
f 1719/1495/3498 1723/3976/3498 1721/3412/3498 1711/251/3498
s 1
f 1769/1534/1417 1782/3977/3480 1784/3978/3481 1772/1535/1418
f 1772/1535/1418 1784/3978/3481 1783/3979/3483 1776/1538/1421
s 0
f 1776/1538/3499 1783/3979/3499 1781/3417/3499 1770/305/3499
s 1
f 1757/1522/1405 1771/1543/1425 1779/1541/1428 1760/1523/1406
f 1760/1523/1406 1779/1541/1428 1775/1540/3500 1764/1526/1409
s 0
f 1764/1526/3501 1775/1540/3501 1770/305/3501 1758/1528/3501
s 1
f 1753/3980/3485 1759/1532/1413 1767/1530/1416 1755/3981/3486
f 1755/3981/3486 1767/1530/1416 1763/1529/3502 1756/3982/3487
s 0
f 1756/3982/3503 1763/1529/3503 1758/1528/3503 1754/3983/3503
s 1
f 3/11/11 1442/1278/1159 1448/1281/1157 10/12/12
f 10/13/12 1448/1276/1157 1444/1273/1154 5/4/4
f 5/4/4 1444/1273/1154 1441/1272/1153 1/1/1
f 19/28/23 1458/1295/1171 1464/1293/1169 26/29/24
f 26/29/24 1464/1293/1169 1460/1290/1166 21/18/16
f 21/18/16 1460/1290/1166 1457/1289/1165 17/15/13
f 31/43/35 1470/1307/1183 1476/1305/1181 38/44/36
f 38/44/36 1476/1305/1181 1472/1302/1178 33/33/28
f 33/33/28 1472/1302/1178 1469/1301/1177 29/30/25
f 47/55/47 1486/1319/1195 1492/1317/1193 54/56/48
f 54/56/48 1492/1317/1193 1488/1314/1190 49/48/40
f 49/48/40 1488/1314/1190 1485/1313/1189 45/45/37
f 63/66/59 1502/1331/1207 1508/1329/1205 70/67/60
f 70/67/60 1508/1329/1205 1504/1326/1202 65/60/52
f 65/60/52 1504/1326/1202 1501/1325/1201 61/57/49
f 79/81/71 1518/1343/1219 1524/1341/1217 86/82/72
f 86/82/72 1524/1341/1217 1520/1338/1214 81/71/64
f 81/71/64 1520/1338/1214 1517/1337/1213 77/68/61
f 91/96/83 1530/1355/1231 1536/1353/1229 98/97/84
f 98/97/84 1536/1353/1229 1532/1350/1226 93/86/76
f 93/86/76 1532/1350/1226 1529/1349/1225 89/83/73
f 105/98/85 1545/1360/1237 1549/1363/1240 108/99/86
f 108/99/86 1549/1363/1240 1554/1371/1246 112/102/89
f 112/102/89 1554/1371/1246 1547/1370/1245 106/104/91
f 123/119/107 1562/1378/1255 1568/1376/1253 130/120/108
f 130/120/108 1568/1376/1253 1564/1373/1250 125/113/100
f 125/113/100 1564/1373/1250 1561/1372/1249 121/110/97
f 139/134/119 1578/1390/1267 1584/1388/1265 146/135/120
f 146/135/120 1584/1388/1265 1580/1385/1262 141/124/112
f 141/124/112 1580/1385/1262 1577/1384/1261 137/121/109
f 149/136/121 1589/1395/1273 1593/1398/1276 152/137/122
f 152/137/122 1593/1398/1276 1598/1405/1282 156/140/125
f 156/140/125 1598/1405/1282 1591/1404/1281 150/142/127
f 165/151/133 1605/1406/1285 1609/1409/1288 168/152/134
f 168/152/134 1609/1409/1288 1614/1417/1294 172/155/137
f 172/155/137 1614/1417/1294 1607/1416/1293 166/157/139
f 183/172/155 1622/1424/1303 1628/1422/1301 190/173/156
f 190/173/156 1628/1422/1301 1624/1419/1298 185/166/148
f 185/166/148 1624/1419/1298 1621/1418/1297 181/163/145
f 199/187/167 1638/1436/1315 1644/1434/1313 206/188/168
f 206/188/168 1644/1434/1313 1640/1431/1310 201/177/160
f 201/177/160 1640/1431/1310 1637/1430/1309 197/174/157
f 209/189/169 1649/1441/1321 1653/1444/1324 212/190/170
f 212/190/170 1653/1444/1324 1658/1451/1330 216/193/173
f 216/193/173 1658/1451/1330 1651/1450/1329 210/195/175
f 225/204/181 1665/1452/1333 1669/1455/1336 228/205/182
f 228/205/182 1669/1455/1336 1674/1463/1342 232/208/185
f 232/208/185 1674/1463/1342 1667/1462/1341 226/210/187
f 243/224/203 1682/1470/1351 1688/1468/1349 250/225/204
f 250/225/204 1688/1468/1349 1684/1465/1346 245/218/196
f 245/218/196 1684/1465/1346 1681/1464/1345 241/215/193
f 259/239/215 1698/1482/1363 1704/1480/1361 266/240/216
f 266/240/216 1704/1480/1361 1700/1477/1358 261/229/208
f 261/229/208 1700/1477/1358 1697/1476/1357 257/226/205
f 269/241/217 1710/1493/1375 1716/1491/1373 272/242/218
f 272/242/218 1716/1491/1373 1712/1488/1370 276/245/221
f 276/245/221 1712/1488/1370 1709/1487/1369 270/247/223
f 285/256/229 1725/1498/1381 1729/1501/1384 288/257/230
f 288/257/230 1729/1501/1384 1734/1509/1390 292/260/233
f 292/260/233 1734/1509/1390 1727/1508/1389 286/262/235
f 303/278/251 1742/1516/1399 1748/1514/1397 310/279/252
f 310/279/252 1748/1514/1397 1744/1511/1394 305/271/244
f 305/271/244 1744/1511/1394 1741/1510/1393 301/268/241
f 317/280/253 1757/1522/1405 1761/1525/1408 320/281/254
f 320/281/254 1761/1525/1408 1766/1533/1414 324/284/257
f 324/284/257 1766/1533/1414 1759/1532/1413 318/286/259
f 329/295/265 1769/1534/1417 1773/1537/1420 332/296/266
f 332/296/266 1773/1537/1420 1778/1544/1426 336/299/269
f 336/299/269 1778/1544/1426 1771/1543/1425 330/301/271
f 345/310/277 1785/1545/1429 1789/1548/1432 348/311/278
f 348/311/278 1789/1548/1432 1794/1556/1438 352/314/281
f 352/314/281 1794/1556/1438 1787/1555/1437 346/316/283
f 361/322/289 1801/1557/1441 1805/1560/1444 364/323/290
f 364/323/290 1805/1560/1444 1810/1568/1450 368/326/293
f 368/326/293 1810/1568/1450 1803/1567/1449 362/328/295
f 377/333/301 1817/1569/1453 1821/1572/1456 380/334/302
f 380/334/302 1821/1572/1456 1826/1580/1462 384/337/305
f 384/337/305 1826/1580/1462 1819/1579/1461 378/339/307
f 389/348/313 1829/1581/1465 1833/1584/1468 392/349/314
f 392/349/314 1833/1584/1468 1838/1591/1474 396/352/317
f 396/352/317 1838/1591/1474 1831/1590/1473 390/354/319
f 405/363/325 1845/1592/1477 1849/1595/1480 408/364/326
f 408/364/326 1849/1595/1480 1854/1603/1486 412/367/329
f 412/367/329 1854/1603/1486 1847/1602/1485 406/369/331
f 421/374/337 1861/1604/1489 1865/1607/1492 424/375/338
f 424/375/338 1865/1607/1492 1870/1615/1498 428/378/341
f 428/378/341 1870/1615/1498 1863/1614/1497 422/380/343
f 437/386/349 1878/1622/1507 1884/1620/1505 440/387/350
f 440/387/350 1884/1620/1505 1880/1617/1502 444/390/353
f 444/390/353 1880/1617/1502 1877/1616/1501 438/392/355
f 449/401/361 1889/1627/1513 1893/1630/1516 452/402/362
f 452/402/362 1893/1630/1516 1898/1637/1522 456/405/365
f 456/405/365 1898/1637/1522 1891/1636/1521 450/407/367
f 465/416/373 1905/1638/1525 1909/1641/1528 468/417/374
f 468/417/374 1909/1641/1528 1914/1649/1534 472/420/377
f 472/420/377 1914/1649/1534 1907/1648/1533 466/422/379
f 481/428/385 1921/1650/1537 1925/1653/1540 484/429/386
f 484/429/386 1925/1653/1540 1930/1661/1546 488/432/389
f 488/432/389 1930/1661/1546 1923/1660/1545 482/434/391
f 497/439/397 1938/1668/1555 1944/1666/1553 500/440/398
f 500/440/398 1944/1666/1553 1940/1663/1550 504/443/401
f 504/443/401 1940/1663/1550 1937/1662/1549 498/445/403
f 509/454/409 1949/1673/1561 1953/1676/1564 512/455/410
f 512/455/410 1953/1676/1564 1958/1683/1570 516/458/413
f 516/458/413 1958/1683/1570 1951/1682/1569 510/460/415
f 525/469/421 1965/1684/1573 1969/1687/1576 528/470/422
f 528/470/422 1969/1687/1576 1974/1695/1582 532/473/425
f 532/473/425 1974/1695/1582 1967/1694/1581 526/475/427
f 541/480/433 1981/1696/1585 1985/1699/1588 544/481/434
f 544/481/434 1985/1699/1588 1990/1707/1594 548/484/437
f 548/484/437 1990/1707/1594 1983/1706/1593 542/486/439
f 557/491/445 1997/1708/1597 2001/1711/1600 560/492/446
f 560/492/446 2001/1711/1600 2006/1718/1606 564/495/449
f 564/495/449 2006/1718/1606 1999/1717/1605 558/497/451
f 569/506/457 2009/1719/1609 2013/1722/1612 572/507/458
f 572/507/458 2013/1722/1612 2018/1730/1618 576/510/461
f 576/510/461 2018/1730/1618 2011/1729/1617 570/512/463
f 585/521/469 2025/1731/1621 2029/1734/1624 588/522/470
f 588/522/470 2029/1734/1624 2034/1742/1630 592/525/473
f 592/525/473 2034/1742/1630 2027/1741/1629 586/527/475
f 601/532/481 2041/1743/1633 2045/1746/1636 604/533/482
f 604/533/482 2045/1746/1636 2050/1754/1642 608/536/485
f 608/536/485 2050/1754/1642 2043/1753/1641 602/538/487
f 617/544/493 2057/1755/1645 2061/1758/1648 620/545/494
f 620/545/494 2061/1758/1648 2066/1766/1654 624/548/497
f 624/548/497 2066/1766/1654 2059/1765/1653 618/550/499
f 629/559/505 2069/1767/1657 2073/1770/1660 632/560/506
f 632/560/506 2073/1770/1660 2078/1778/1666 636/563/509
f 636/563/509 2078/1778/1666 2071/1777/1665 630/565/511
f 645/574/517 2085/1779/1669 2089/1782/1672 648/575/518
f 648/575/518 2089/1782/1672 2094/1790/1678 652/578/521
f 652/578/521 2094/1790/1678 2087/1789/1677 646/580/523
f 661/586/529 2101/1791/1681 2105/1794/1684 664/587/530
f 664/587/530 2105/1794/1684 2110/1802/1690 668/590/533
f 668/590/533 2110/1802/1690 2103/1801/1689 662/592/535
f 677/597/541 2117/1803/1693 2121/1806/1696 680/598/542
f 680/598/542 2121/1806/1696 2126/1814/1702 684/601/545
f 684/601/545 2126/1814/1702 2119/1813/1701 678/603/547
f 689/612/553 2129/1815/1705 2133/1818/1708 692/613/554
f 692/613/554 2133/1818/1708 2138/1826/1714 696/616/557
f 696/616/557 2138/1826/1714 2131/1825/1713 690/618/559
f 705/627/565 2145/1827/1717 2149/1830/1720 708/628/566
f 708/628/566 2149/1830/1720 2154/1838/1726 712/631/569
f 712/631/569 2154/1838/1726 2147/1837/1725 706/633/571
f 721/638/577 2161/1839/1729 2165/1842/1732 724/639/578
f 724/639/578 2165/1842/1732 2170/1850/1738 728/642/581
f 728/642/581 2170/1850/1738 2163/1849/1737 722/644/583
f 737/649/589 2177/1851/1741 2181/1854/1744 740/650/590
f 740/650/590 2181/1854/1744 2186/1862/1750 744/653/593
f 744/653/593 2186/1862/1750 2179/1861/1749 738/655/595
f 749/664/601 2189/1863/1753 2193/1866/1756 752/665/602
f 752/665/602 2193/1866/1756 2198/1874/1762 756/668/605
f 756/668/605 2198/1874/1762 2191/1873/1761 750/670/607
f 765/679/613 2205/1875/1765 2209/1878/1768 768/680/614
f 768/680/614 2209/1878/1768 2214/1888/1773 772/683/617
f 772/683/617 2214/1888/1773 2207/1887/1772 766/685/619
f 781/690/625 2221/1891/1777 2225/1894/1780 784/691/626
f 784/691/626 2225/1894/1780 2230/1904/1785 788/694/629
f 788/694/629 2230/1904/1785 2223/1903/1784 782/696/631
f 797/701/637 2237/1907/1789 2241/1910/1792 800/702/638
f 800/702/638 2241/1910/1792 2246/1920/1797 804/705/641
f 804/705/641 2246/1920/1797 2239/1919/1796 798/707/643
f 809/716/649 2249/1923/1801 2253/1926/1804 812/717/650
f 812/717/650 2253/1926/1804 2258/1935/1809 816/720/653
f 816/720/653 2258/1935/1809 2251/1934/1808 810/722/655
f 825/731/661 2265/1938/1813 2269/1941/1816 828/732/662
f 828/732/662 2269/1941/1816 2274/1951/1821 832/735/665
f 832/735/665 2274/1951/1821 2267/1950/1820 826/737/667
f 841/743/673 2281/1954/1825 2285/1957/1828 844/744/674
f 844/744/674 2285/1957/1828 2290/1967/1833 848/747/677
f 848/747/677 2290/1967/1833 2283/1966/1832 842/749/679
f 857/755/685 2297/1970/1837 2301/1973/1840 860/756/686
f 860/756/686 2301/1973/1840 2306/1983/1845 864/759/689
f 864/759/689 2306/1983/1845 2299/1982/1844 858/761/691
f 871/783/707 2310/1992/1855 2316/1990/1853 878/784/708
f 878/784/708 2316/1990/1853 2312/1987/1850 873/773/700
f 873/773/700 2312/1987/1850 2309/1986/1849 869/770/697
f 887/794/719 2326/2009/1867 2332/2007/1865 894/795/720
f 894/795/720 2332/2007/1865 2328/2004/1862 889/788/712
f 889/788/712 2328/2004/1862 2325/2003/1861 885/785/709
f 901/796/721 2341/2020/1873 2345/2023/1876 904/797/722
f 904/797/722 2345/2023/1876 2350/2033/1881 908/800/725
f 908/800/725 2350/2033/1881 2343/2032/1880 902/802/727
f 917/807/733 2357/2036/1885 2361/2039/1888 920/808/734
f 920/808/734 2361/2039/1888 2366/2049/1893 924/811/737
f 924/811/737 2366/2049/1893 2359/2048/1892 918/813/739
f 931/835/755 2370/2058/1903 2376/2056/1901 938/836/756
f 938/836/756 2376/2056/1901 2372/2053/1898 933/825/748
f 933/825/748 2372/2053/1898 2369/2052/1897 929/822/745
f 947/846/767 2386/2074/1915 2392/2072/1913 954/847/768
f 954/847/768 2392/2072/1913 2388/2069/1910 949/840/760
f 949/840/760 2388/2069/1910 2385/2068/1909 945/837/757
f 961/848/769 2401/2085/1921 2405/2088/1924 964/849/770
f 964/849/770 2405/2088/1924 2410/2098/1929 968/852/773
f 968/852/773 2410/2098/1929 2403/2097/1928 962/854/775
f 977/859/781 2417/2101/1933 2421/2104/1936 980/860/782
f 980/860/782 2421/2104/1936 2426/2113/1941 984/863/785
f 984/863/785 2426/2113/1941 2419/2112/1940 978/865/787
f 991/887/803 2430/2122/1951 2436/2120/1949 998/888/804
f 998/888/804 2436/2120/1949 2432/2117/1946 993/877/796
f 993/877/796 2432/2117/1946 2429/2116/1945 989/874/793
f 1007/899/815 2446/2138/1963 2452/2136/1961 1014/900/816
f 1014/900/816 2452/2136/1961 2448/2133/1958 1009/892/808
f 1009/892/808 2448/2133/1958 2445/2132/1957 1005/889/805
f 1021/901/817 2461/2149/1969 2465/2152/1972 1024/902/818
f 1024/902/818 2465/2152/1972 2470/2162/1977 1028/905/821
f 1028/905/821 2470/2162/1977 2463/2161/1976 1022/907/823
f 1039/926/839 2478/2171/1987 2484/2169/1985 1046/927/840
f 1046/927/840 2484/2169/1985 2480/2166/1982 1041/916/832
f 1041/916/832 2480/2166/1982 2477/2165/1981 1037/913/829
f 1051/941/851 2490/2188/1999 2496/2186/1997 1058/942/852
f 1058/942/852 2496/2186/1997 2492/2183/1994 1053/931/844
f 1053/931/844 2492/2183/1994 2489/2182/1993 1049/928/841
f 1067/952/863 2506/2204/2011 2512/2202/2009 1074/953/864
f 1074/953/864 2512/2202/2009 2508/2199/2006 1069/946/856
f 1069/946/856 2508/2199/2006 2505/2198/2005 1065/943/853
f 1081/954/865 2521/2215/2017 2525/2218/2020 1084/955/866
f 1084/955/866 2525/2218/2020 2530/2228/2025 1088/958/869
f 1088/958/869 2530/2228/2025 2523/2227/2024 1082/960/871
f 1099/978/887 2538/2237/2035 2544/2235/2033 1106/979/888
f 1106/979/888 2544/2235/2033 2540/2232/2030 1101/968/880
f 1101/968/880 2540/2232/2030 2537/2231/2029 1097/965/877
f 1111/993/899 2550/2253/2047 2556/2251/2045 1118/994/900
f 1118/994/900 2556/2251/2045 2552/2248/2042 1113/983/892
f 1113/983/892 2552/2248/2042 2549/2247/2041 1109/980/889
f 1127/1005/911 2566/2269/2059 2572/2267/2057 1134/1006/912
f 1134/1006/912 2572/2267/2057 2568/2264/2054 1129/998/904
f 1129/998/904 2568/2264/2054 2565/2263/2053 1125/995/901
f 1141/1007/913 2581/2280/2065 2585/2283/2068 1144/1008/914
f 1144/1008/914 2585/2283/2068 2590/2293/2073 1148/1011/917
f 1148/1011/917 2590/2293/2073 2583/2292/2072 1142/1013/919
f 1159/1031/935 2598/2302/2083 2604/2300/2081 1166/1032/936
f 1166/1032/936 2604/2300/2081 2600/2297/2078 1161/1021/928
f 1161/1021/928 2600/2297/2078 2597/2296/2077 1157/1018/925
f 1171/1046/947 2610/2318/2095 2616/2316/2093 1178/1047/948
f 1178/1047/948 2616/2316/2093 2612/2313/2090 1173/1036/940
f 1173/1036/940 2612/2313/2090 2609/2312/2089 1169/1033/937
f 1187/1058/959 2626/2335/2107 2632/2333/2105 1194/1059/960
f 1194/1059/960 2632/2333/2105 2628/2330/2102 1189/1051/952
f 1189/1051/952 2628/2330/2102 2625/2329/2101 1185/1048/949
f 1201/1060/961 2641/2346/2113 2645/2349/2116 1204/1061/962
f 1204/1061/962 2645/2349/2116 2650/2359/2121 1208/1064/965
f 1208/1064/965 2650/2359/2121 2643/2358/2120 1202/1066/967
f 1219/1085/983 2658/2368/2131 2664/2366/2129 1226/1086/984
f 1226/1086/984 2664/2366/2129 2660/2363/2126 1221/1075/976
f 1221/1075/976 2660/2363/2126 2657/2362/2125 1217/1072/973
f 1231/1100/995 2670/2384/2143 2676/2382/2141 1238/1101/996
f 1238/1101/996 2676/2382/2141 2672/2379/2138 1233/1090/988
f 1233/1090/988 2672/2379/2138 2669/2378/2137 1229/1087/985
f 1247/1111/1007 2686/2401/2155 2692/2399/2153 1254/1112/1008
f 1254/1112/1008 2692/2399/2153 2688/2396/2150 1249/1105/1000
f 1249/1105/1000 2688/2396/2150 2685/2395/2149 1245/1102/997
f 1263/1122/1019 2702/2418/2167 2708/2416/2165 1270/1123/1020
f 1270/1123/1020 2708/2416/2165 2704/2413/2162 1265/1116/1012
f 1265/1116/1012 2704/2413/2162 2701/2412/2161 1261/1113/1009
f 1279/1137/1031 2718/2435/2179 2724/2433/2177 1286/1138/1032
f 1286/1138/1032 2724/2433/2177 2720/2430/2174 1281/1127/1024
f 1281/1127/1024 2720/2430/2174 2717/2429/2173 1277/1124/1021
f 1291/1152/1043 2730/2451/2191 2736/2449/2189 1298/1153/1044
f 1298/1153/1044 2736/2449/2189 2732/2446/2186 1293/1142/1036
f 1293/1142/1036 2732/2446/2186 2729/2445/2185 1289/1139/1033
f 1307/1164/1055 2746/2468/2203 2752/2466/2201 1314/1165/1056
f 1314/1165/1056 2752/2466/2201 2748/2463/2198 1309/1157/1048
f 1309/1157/1048 2748/2463/2198 2745/2462/2197 1305/1154/1045
f 1323/1175/1067 2762/2485/2215 2768/2483/2213 1330/1176/1068
f 1330/1176/1068 2768/2483/2213 2764/2480/2210 1325/1169/1060
f 1325/1169/1060 2764/2480/2210 2761/2479/2209 1321/1166/1057
f 1339/1190/1079 2778/2502/2227 2784/2500/2225 1346/1191/1080
f 1346/1191/1080 2784/2500/2225 2780/2497/2222 1341/1180/1072
f 1341/1180/1072 2780/2497/2222 2777/2496/2221 1337/1177/1069
f 1351/1205/1091 2790/2519/2239 2796/2517/2237 1358/1206/1092
f 1358/1206/1092 2796/2517/2237 2792/2514/2234 1353/1195/1084
f 1353/1195/1084 2792/2514/2234 2789/2513/2233 1349/1192/1081
f 1367/1217/1103 2806/2536/2251 2812/2534/2249 1374/1218/1104
f 1374/1218/1104 2812/2534/2249 2808/2531/2246 1369/1210/1096
f 1369/1210/1096 2808/2531/2246 2805/2530/2245 1365/1207/1093
f 1383/1229/1115 2822/2553/2263 2828/2551/2261 1390/1230/1116
f 1390/1230/1116 2828/2551/2261 2824/2548/2258 1385/1222/1108
f 1385/1222/1108 2824/2548/2258 2821/2547/2257 1381/1219/1105
f 1399/1244/1127 2838/2570/2275 2844/2568/2273 1406/1245/1128
f 1406/1245/1128 2844/2568/2273 2840/2565/2270 1401/1234/1120
f 1401/1234/1120 2840/2565/2270 2837/2564/2269 1397/1231/1117
f 1411/1259/1139 2850/2587/2287 2856/2585/2285 1418/1260/1140
f 1418/1260/1140 2856/2585/2285 2852/2582/2282 1413/1249/1132
f 1413/1249/1132 2852/2582/2282 2849/2581/2281 1409/1246/1129
f 1427/1270/1151 2866/2604/2299 2872/2602/2297 1434/1271/1152
f 1434/1271/1152 2872/2602/2297 2868/2599/2294 1429/1264/1144
f 1429/1264/1144 2868/2599/2294 2865/2598/2293 1425/1261/1141
s 0
f 3202/3222/3504 2/6/3504 3182/3197/3504 3205/3223/3504
f 3186/3196/3504 3182/3197/3504 2/6/3504 1437/3142/3504 3166/3181/3504
f 3198/3213/3504 642/3207/3504 13/3237/3504 2/6/3504 3202/3222/3504 3230/3246/3504 3238/3251/3504 3226/3252/3504 3234/3261/3504 3218/3262/3504 3222/3271/3504 3210/3272/3504 3213/3232/3504
s 1
f 3/11/11 14/3241/2671 1453/3850/3272 1442/1278/1159
f 1438/3146/2630 1/1/1 1441/1272/1153 2877/3791/3230
s 0
f 631/569/3504 13/3237/3504 642/3207/3504
f 631/569/3504 18/21/3504 13/3237/3504
s 1
f 14/3241/2671 17/15/13 1457/1289/1165 1453/3850/3272
s 0
f 619/554/3504 18/21/3504 631/569/3504
f 619/554/3504 30/36/3504 18/21/3504
s 1
f 19/28/23 29/30/25 1469/1301/1177 1458/1295/1171
s 0
f 614/3277/3504 30/36/3504 619/554/3504
f 614/3277/3504 41/3282/3504 30/36/3504
s 1
f 31/43/35 42/3286/2705 1481/3885/3311 1470/1307/1183
s 0
f 603/542/3504 41/3282/3504 614/3277/3504
f 603/542/3504 46/51/3504 41/3282/3504
s 1
f 42/3286/2705 45/45/37 1485/1313/1189 1481/3885/3311
s 0
f 598/3287/3504 46/51/3504 603/542/3504
f 598/3287/3504 57/3292/3504 46/51/3504
s 1
f 47/55/47 58/3296/2715 1497/3893/3323 1486/1319/1195
s 0
f 587/530/3504 57/3292/3504 598/3287/3504
f 587/530/3504 62/62/3504 57/3292/3504
s 1
f 58/3296/2715 61/57/49 1501/1325/1201 1497/3893/3323
s 0
f 582/3297/3504 62/62/3504 587/530/3504
f 582/3297/3504 73/3302/3504 62/62/3504
s 1
f 63/66/59 74/3306/2725 1513/3899/3335 1502/1331/1207
s 0
f 571/516/3504 73/3302/3504 582/3297/3504
f 571/516/3504 78/74/3504 73/3302/3504
s 1
f 74/3306/2725 77/68/61 1517/1337/1213 1513/3899/3335
s 0
f 543/489/3504 78/74/3504 571/516/3504
f 543/489/3504 107/108/3504 78/74/3504
f 107/108/3504 90/89/3504 78/74/3504
s 1
f 79/81/71 89/83/73 1529/1349/1225 1518/1343/1219
s 0
f 102/3322/3504 90/89/3504 107/108/3504
s 1
f 91/96/83 101/3326/2746 1541/3913/3361 1530/1355/1231
f 101/3326/2746 106/104/91 1547/1370/1245 1541/3913/3361
s 0
f 538/3312/3504 107/108/3504 543/489/3504
f 538/3312/3504 117/3317/3504 107/108/3504
s 1
f 105/98/85 118/3321/2742 1557/3909/3357 1545/1360/1237
s 0
f 527/478/3504 117/3317/3504 538/3312/3504
f 527/478/3504 122/115/3504 117/3317/3504
s 1
f 118/3321/2742 121/110/97 1561/1372/1249 1557/3909/3357
s 0
f 522/3327/3504 122/115/3504 527/478/3504
f 522/3327/3504 483/437/3504 122/115/3504
f 483/437/3504 167/161/3504 122/115/3504
f 167/161/3504 133/3332/3504 122/115/3504
s 1
f 123/119/107 134/3336/2757 1573/3920/3375 1562/1378/1255
s 0
f 162/3352/3504 133/3332/3504 167/161/3504
f 162/3352/3504 138/127/3504 133/3332/3504
s 1
f 134/3336/2757 137/121/109 1577/1384/1261 1573/3920/3375
s 0
f 162/3352/3504 151/146/3504 138/127/3504
s 1
f 139/134/119 150/142/127 1591/1404/1281 1578/1390/1267
f 149/136/121 161/3356/2773 1602/3934/3392 1589/1395/1273
f 161/3356/2773 166/157/139 1607/1416/1293 1602/3934/3392
s 0
f 478/3342/3504 167/161/3504 483/437/3504
f 478/3342/3504 177/3347/3504 167/161/3504
s 1
f 165/151/133 178/3351/2769 1617/3930/3388 1605/1406/1285
s 0
f 467/426/3504 177/3347/3504 478/3342/3504
f 467/426/3504 182/168/3504 177/3347/3504
s 1
f 178/3351/2769 181/163/145 1621/1418/1297 1617/3930/3388
s 0
f 423/384/3504 182/168/3504 467/426/3504
f 423/384/3504 227/213/3504 182/168/3504
f 227/213/3504 193/3362/3504 182/168/3504
s 1
f 183/172/155 194/3366/2789 1633/3941/3415 1622/1424/1303
s 0
f 222/3382/3504 193/3362/3504 227/213/3504
f 222/3382/3504 198/180/3504 193/3362/3504
s 1
f 194/3366/2789 197/174/157 1637/1430/1309 1633/3941/3415
s 0
f 222/3382/3504 211/199/3504 198/180/3504
s 1
f 199/187/167 210/195/175 1651/1450/1329 1638/1436/1315
f 209/189/169 221/3386/2805 1662/3955/3432 1649/1441/1321
f 221/3386/2805 226/210/187 1667/1462/1341 1662/3955/3432
s 0
f 418/3372/3504 227/213/3504 423/384/3504
f 418/3372/3504 237/3377/3504 227/213/3504
s 1
f 225/204/181 238/3381/2801 1677/3951/3428 1665/1452/1333
s 0
f 407/372/3504 237/3377/3504 418/3372/3504
f 407/372/3504 242/220/3504 237/3377/3504
s 1
f 238/3381/2801 241/215/193 1681/1464/1345 1677/3951/3428
s 0
f 363/331/3504 242/220/3504 407/372/3504
f 363/331/3504 287/266/3504 242/220/3504
f 287/266/3504 253/3392/3504 242/220/3504
s 1
f 243/224/203 254/3396/2815 1693/3961/3445 1682/1470/1351
s 0
f 282/3412/3504 253/3392/3504 287/266/3504
f 282/3412/3504 258/232/3504 253/3392/3504
s 1
f 254/3396/2815 257/226/205 1697/1476/1357 1693/3961/3445
s 0
f 271/251/3504 258/232/3504 282/3412/3504
s 1
f 259/239/215 270/247/223 1709/1487/1369 1698/1482/1363
f 269/241/217 281/3416/2837 1722/3974/3472 1710/1493/1375
f 281/3416/2837 286/262/235 1727/1508/1389 1722/3974/3472
s 0
f 358/3402/3504 287/266/3504 363/331/3504
f 358/3402/3504 297/3407/3504 287/266/3504
s 1
f 285/256/229 298/3411/2833 1737/3971/3468 1725/1498/1381
s 0
f 347/320/3504 297/3407/3504 358/3402/3504
f 347/320/3504 302/274/3504 297/3407/3504
s 1
f 298/3411/2833 301/268/241 1741/1510/1393 1737/3971/3468
s 0
f 342/3417/3504 302/274/3504 347/320/3504
f 342/3417/3504 313/3422/3504 302/274/3504
s 1
f 303/278/251 314/3426/2847 1753/3980/3485 1742/1516/1399
s 0
f 331/305/3504 313/3422/3504 342/3417/3504
f 331/305/3504 319/290/3504 313/3422/3504
s 1
f 314/3426/2847 318/286/259 1759/1532/1413 1753/3980/3485
f 317/280/253 330/301/271 1771/1543/1425 1757/1522/1405
f 329/295/265 341/3421/2843 1782/3977/3480 1769/1534/1417
f 341/3421/2843 346/316/283 1787/1555/1437 1782/3977/3480
f 345/310/277 357/3406/2829 1798/3967/3463 1785/1545/1429
f 357/3406/2829 362/328/295 1803/1567/1449 1798/3967/3463
s 0
f 402/3387/3504 373/3397/3504 363/331/3504
f 402/3387/3504 363/331/3504 407/372/3504
s 1
f 361/322/289 374/3401/2825 1813/3964/3459 1801/1557/1441
s 0
f 391/358/3504 373/3397/3504 402/3387/3504
f 391/358/3504 379/343/3504 373/3397/3504
s 1
f 374/3401/2825 378/339/307 1819/1579/1461 1813/3964/3459
f 377/333/301 390/354/319 1831/1590/1473 1817/1569/1453
f 389/348/313 401/3391/2811 1842/3958/3440 1829/1581/1465
f 401/3391/2811 406/369/331 1847/1602/1485 1842/3958/3440
f 405/363/325 417/3376/2797 1858/3947/3423 1845/1592/1477
f 417/3376/2797 422/380/343 1863/1614/1497 1858/3947/3423
s 0
f 462/3357/3504 433/3367/3504 423/384/3504
f 462/3357/3504 423/384/3504 467/426/3504
s 1
f 421/374/337 434/3371/2793 1873/3944/3419 1861/1604/1489
s 0
f 451/411/3504 433/3367/3504 462/3357/3504
f 439/396/3504 433/3367/3504 451/411/3504
s 1
f 434/3371/2793 438/392/355 1877/1616/1501 1873/3944/3419
f 437/386/349 450/407/367 1891/1636/1521 1878/1622/1507
f 449/401/361 461/3361/2785 1902/3938/3410 1889/1627/1513
f 461/3361/2785 466/422/379 1907/1648/1533 1902/3938/3410
f 465/416/373 477/3346/2765 1918/3927/3383 1905/1638/1525
f 477/3346/2765 482/434/391 1923/1660/1545 1918/3927/3383
s 0
f 522/3327/3504 493/3337/3504 483/437/3504
s 1
f 481/428/385 494/3341/2761 1933/3923/3379 1921/1650/1537
s 0
f 511/464/3504 493/3337/3504 522/3327/3504
f 499/449/3504 493/3337/3504 511/464/3504
s 1
f 494/3341/2761 498/445/403 1937/1662/1549 1933/3923/3379
f 497/439/397 510/460/415 1951/1682/1569 1938/1668/1555
f 509/454/409 521/3331/2753 1962/3916/3370 1949/1673/1561
f 521/3331/2753 526/475/427 1967/1694/1581 1962/3916/3370
f 525/469/421 537/3316/2738 1978/3906/3352 1965/1684/1573
f 537/3316/2738 542/486/439 1983/1706/1593 1978/3906/3352
s 0
f 559/501/3504 554/3307/3504 543/489/3504
f 559/501/3504 543/489/3504 571/516/3504
s 1
f 541/480/433 553/3311/2733 1994/3902/3346 1981/1696/1585
f 553/3311/2733 558/497/451 1999/1717/1605 1994/3902/3346
f 557/491/445 570/512/463 2011/1729/1617 1997/1708/1597
f 569/506/457 581/3301/2721 2022/3896/3330 2009/1719/1609
f 581/3301/2721 586/527/475 2027/1741/1629 2022/3896/3330
f 585/521/469 597/3291/2711 2038/3889/3318 2025/1731/1621
f 597/3291/2711 602/538/487 2043/1753/1641 2038/3889/3318
f 601/532/481 613/3281/2701 2054/3882/3306 2041/1743/1633
f 613/3281/2701 618/550/499 2059/1765/1653 2054/3882/3306
f 617/544/493 630/565/511 2071/1777/1665 2057/1755/1645
f 629/559/505 641/3211/2657 2082/3844/3264 2069/1767/1657
f 641/3211/2657 646/580/523 2087/1789/1677 2082/3844/3264
s 0
f 3174/3191/3504 647/584/3504 642/3207/3504 3198/3213/3504 3190/3212/3504 3193/3202/3504
s 1
f 645/574/517 657/3116/2619 2098/3784/3221 2085/1779/1669
s 0
f 658/3112/3504 647/584/3504 3170/3163/3504 3158/3162/3504 3142/3137/3504
f 3170/3163/3504 647/584/3504 3174/3191/3504 3177/3182/3504
s 1
f 657/3116/2619 662/592/535 2103/1801/1689 2098/3784/3221
s 0
f 663/595/3504 658/3112/3504 3134/3118/3504 3126/3117/3504 3110/3101/3504
f 3134/3118/3504 658/3112/3504 3142/3137/3504 3137/3132/3504
s 1
f 661/586/529 673/3046/2592 2114/3739/3191 2101/1791/1681
s 0
f 674/3042/3504 663/595/3504 3106/3082/3504 3086/3066/3504
f 3106/3082/3504 663/595/3504 3110/3101/3504 3113/3092/3504
s 1
f 673/3046/2592 678/603/547 2119/1813/1701 2114/3739/3191
s 0
f 679/607/3504 674/3042/3504 3082/3047/3504 3066/3027/3504
f 3082/3047/3504 674/3042/3504 3086/3066/3504 3089/3057/3504
s 1
f 677/597/541 690/618/559 2131/1825/1713 2117/1803/1693
s 0
f 691/622/3504 679/607/3504 3054/3026/3504 3058/3025/3504 3046/3002/3504
f 3054/3026/3504 679/607/3504 3066/3027/3504
s 1
f 689/612/553 701/2956/2558 2142/3667/3148 2129/1815/1705
s 0
f 702/2952/3504 691/622/3504 3030/3001/3504 3034/3000/3504 3022/2967/3504
f 691/622/3504 3046/3002/3504 3030/3001/3504
s 1
f 701/2956/2558 706/633/571 2147/1837/1725 2142/3667/3148
s 0
f 707/636/3504 702/2952/3504 3006/2966/3504 3010/2965/3504 2994/2927/3504
f 702/2952/3504 3022/2967/3504 3006/2966/3504
s 1
f 705/627/565 717/2866/2520 2158/3609/3108 2145/1827/1717
s 0
f 718/2862/3504 707/636/3504 2974/2921/3504 2978/2920/3504 2982/2926/3504 2962/2878/3504
f 2974/2921/3504 707/636/3504 2994/2927/3504
s 1
f 717/2866/2520 722/644/583 2163/1849/1737 2158/3609/3108
s 0
f 723/647/3504 718/2862/3504 2942/2876/3504 2946/2875/3504 2922/2836/3504
f 2958/2877/3504 2942/2876/3504 718/2862/3504 2962/2878/3504
s 1
f 721/638/577 733/2769/2469 2174/3552/3059 2161/1839/1729
s 0
f 2910/2775/3504 2914/2789/3504 1361/2770/3504 734/2765/3504 723/647/3504 2886/2791/3504 2882/2790/3504 2894/2804/3504 2890/2805/3504 2898/2814/3504 2906/2819/3504 2902/2820/3504 2917/2776/3504
f 2886/2791/3504 723/647/3504 2922/2836/3504 2925/2827/3504
s 1
f 733/2769/2469 738/655/595 2179/1861/1749 2174/3552/3059
s 0
f 734/2765/3504 1350/1198/3504 739/659/3504
f 734/2765/3504 1361/2770/3504 1350/1198/3504
s 1
f 737/649/589 750/670/607 2191/1873/1761 2177/1851/1741
s 0
f 739/659/3504 1338/1183/3504 751/674/3504
f 739/659/3504 1350/1198/3504 1338/1183/3504
s 1
f 749/664/601 761/2759/2457 2202/3542/3043 2189/1863/1753
s 0
f 751/674/3504 1333/2760/3504 762/2755/3504
f 751/674/3504 1338/1183/3504 1333/2760/3504
s 1
f 761/2759/2457 766/685/619 2207/1887/1772 2202/3542/3043
s 0
f 762/2755/3504 1322/1171/3504 767/688/3504
f 762/2755/3504 1333/2760/3504 1322/1171/3504
s 1
f 765/679/613 777/2749/2447 2218/3534/3031 2205/1875/1765
s 0
f 767/688/3504 1317/2750/3504 778/2745/3504
f 767/688/3504 1322/1171/3504 1317/2750/3504
s 1
f 777/2749/2447 782/696/631 2223/1903/1784 2218/3534/3031
s 0
f 778/2745/3504 1306/1160/3504 783/699/3504
f 778/2745/3504 1317/2750/3504 1306/1160/3504
s 1
f 781/690/625 793/2739/2437 2234/3526/3019 2221/1891/1777
s 0
f 783/699/3504 1301/2740/3504 794/2735/3504
f 783/699/3504 1306/1160/3504 1301/2740/3504
s 1
f 793/2739/2437 798/707/643 2239/1919/1796 2234/3526/3019
s 0
f 794/2735/3504 1290/1145/3504 799/711/3504
f 794/2735/3504 1301/2740/3504 1290/1145/3504
s 1
f 797/701/637 810/722/655 2251/1934/1808 2237/1907/1789
s 0
f 799/711/3504 827/741/3504 811/726/3504
f 799/711/3504 1262/1118/3504 827/741/3504
f 799/711/3504 1290/1145/3504 1262/1118/3504
s 1
f 809/716/649 822/2729/2425 2261/3518/3003 2249/1923/1801
s 0
f 811/726/3504 827/741/3504 821/2725/3504
s 1
f 822/2729/2425 826/737/667 2267/1950/1820 2261/3518/3003
f 825/731/661 837/2719/2415 2278/3512/2991 2265/1938/1813
s 0
f 827/741/3504 1257/2720/3504 838/2715/3504
f 827/741/3504 1262/1118/3504 1257/2720/3504
s 1
f 837/2719/2415 842/749/679 2283/1966/1832 2278/3512/2991
s 0
f 838/2715/3504 1246/1107/3504 843/753/3504
f 838/2715/3504 1257/2720/3504 1246/1107/3504
s 1
f 841/743/673 853/2709/2403 2294/3503/2975 2281/1954/1825
s 0
f 843/753/3504 886/790/3504 854/2705/3504
f 843/753/3504 1203/1070/3504 886/790/3504
f 843/753/3504 1246/1107/3504 1203/1070/3504
s 1
f 853/2709/2403 858/761/691 2299/1982/1844 2294/3503/2975
s 0
f 854/2705/3504 886/790/3504 859/765/3504
s 1
f 857/755/685 869/770/697 2309/1986/1849 2297/1970/1837
s 0
f 859/765/3504 881/2695/3504 870/776/3504
f 859/765/3504 886/790/3504 881/2695/3504
s 1
f 871/783/707 882/2699/2392 2321/3495/2961 2310/1992/1855
f 882/2699/2392 885/785/709 2325/2003/1861 2321/3495/2961
f 887/794/719 897/2689/2383 2338/3487/2951 2326/2009/1867
s 0
f 886/790/3504 1197/2690/3504 898/2685/3504
f 886/790/3504 1203/1070/3504 1197/2690/3504
s 1
f 897/2689/2383 902/802/727 2343/2032/1880 2338/3487/2951
s 0
f 898/2685/3504 1186/1054/3504 903/805/3504
f 898/2685/3504 1197/2690/3504 1186/1054/3504
s 1
f 901/796/721 913/2669/2363 2354/3471/2927 2341/2020/1873
s 0
f 903/805/3504 946/842/3504 914/2665/3504
f 903/805/3504 1143/1016/3504 946/842/3504
f 903/805/3504 1186/1054/3504 1143/1016/3504
s 1
f 913/2669/2363 918/813/739 2359/2048/1892 2354/3471/2927
s 0
f 914/2665/3504 946/842/3504 919/817/3504
s 1
f 917/807/733 929/822/745 2369/2052/1897 2357/2036/1885
s 0
f 919/817/3504 941/2655/3504 930/828/3504
f 919/817/3504 946/842/3504 941/2655/3504
s 1
f 931/835/755 942/2659/2352 2381/3463/2913 2370/2058/1903
f 942/2659/2352 945/837/757 2385/2068/1909 2381/3463/2913
f 947/846/767 957/2679/2373 2398/3479/2939 2386/2074/1915
s 0
f 946/842/3504 1137/2680/3504 958/2675/3504
f 946/842/3504 1143/1016/3504 1137/2680/3504
s 1
f 957/2679/2373 962/854/775 2403/2097/1928 2398/3479/2939
s 0
f 958/2675/3504 1126/1001/3504 963/857/3504
f 958/2675/3504 1137/2680/3504 1126/1001/3504
s 1
f 961/848/769 973/2639/2329 2414/3444/2883 2401/2085/1921
s 0
f 963/857/3504 1006/895/3504 974/2635/3504
f 963/857/3504 1083/963/3504 1006/895/3504
f 963/857/3504 1126/1001/3504 1083/963/3504
s 1
f 973/2639/2329 978/865/787 2419/2112/1940 2414/3444/2883
s 0
f 974/2635/3504 1001/2625/3504 979/869/3504
f 974/2635/3504 1006/895/3504 1001/2625/3504
s 1
f 977/859/781 989/874/793 2429/2116/1945 2417/2101/1933
s 0
f 979/869/3504 1001/2625/3504 990/880/3504
s 1
f 991/887/803 1002/2629/2320 2441/3435/2873 2430/2122/1951
f 1002/2629/2320 1005/889/805 2445/2132/1957 2441/3435/2873
f 1007/899/815 1017/2649/2341 2458/3454/2899 2446/2138/1963
s 0
f 1006/895/3504 1077/2650/3504 1018/2645/3504
f 1006/895/3504 1083/963/3504 1077/2650/3504
s 1
f 1017/2649/2341 1022/907/823 2463/2161/1976 2458/3454/2899
s 0
f 1018/2645/3504 1066/948/3504 1023/911/3504
f 1018/2645/3504 1077/2650/3504 1066/948/3504
s 1
f 1021/901/817 1033/2619/2308 2474/3427/2857 2461/2149/1969
s 0
f 1023/911/3504 1061/2620/3504 1034/2615/3504
f 1023/911/3504 1066/948/3504 1061/2620/3504
s 1
f 1033/2619/2308 1037/913/829 2477/2165/1981 2474/3427/2857
s 0
f 1034/2615/3504 1050/934/3504 1038/919/3504
f 1034/2615/3504 1061/2620/3504 1050/934/3504
s 1
f 1039/926/839 1049/928/841 2489/2182/1993 2478/2171/1987
f 1051/941/851 1062/2624/2313 2501/3431/2863 2490/2188/1999
f 1062/2624/2313 1065/943/853 2505/2198/2005 2501/3431/2863
f 1067/952/863 1078/2654/2345 2517/3459/2903 2506/2204/2011
f 1078/2654/2345 1082/960/871 2523/2227/2024 2517/3459/2903
f 1081/954/865 1093/2634/2324 2534/3440/2877 2521/2215/2017
s 0
f 1083/963/3504 1121/2640/3504 1094/2630/3504
f 1083/963/3504 1126/1001/3504 1121/2640/3504
s 1
f 1093/2634/2324 1097/965/877 2537/2231/2029 2534/3440/2877
s 0
f 1094/2630/3504 1110/986/3504 1098/971/3504
f 1094/2630/3504 1121/2640/3504 1110/986/3504
s 1
f 1099/978/887 1109/980/889 2549/2247/2041 2538/2237/2035
f 1111/993/899 1122/2644/2333 2561/3449/2887 2550/2253/2047
f 1122/2644/2333 1125/995/901 2565/2263/2053 2561/3449/2887
f 1127/1005/911 1138/2684/2377 2577/3484/2943 2566/2269/2059
f 1138/2684/2377 1142/1013/919 2583/2292/2072 2577/3484/2943
f 1141/1007/913 1153/2664/2356 2594/3467/2917 2581/2280/2065
s 0
f 1143/1016/3504 1170/1039/3504 1154/2660/3504
f 1143/1016/3504 1181/2670/3504 1170/1039/3504
f 1143/1016/3504 1186/1054/3504 1181/2670/3504
s 1
f 1153/2664/2356 1157/1018/925 2597/2296/2077 2594/3467/2917
s 0
f 1154/2660/3504 1170/1039/3504 1158/1024/3504
s 1
f 1159/1031/935 1169/1033/937 2609/2312/2089 2598/2302/2083
f 1171/1046/947 1182/2674/2367 2621/3475/2931 2610/2318/2095
f 1182/2674/2367 1185/1048/949 2625/2329/2101 2621/3475/2931
f 1187/1058/959 1198/2694/2387 2637/3492/2955 2626/2335/2107
f 1198/2694/2387 1202/1066/967 2643/2358/2120 2637/3492/2955
f 1201/1060/961 1213/2704/2396 2654/3499/2965 2641/2346/2113
s 0
f 1203/1070/3504 1230/1093/3504 1214/2700/3504
f 1203/1070/3504 1241/2710/3504 1230/1093/3504
f 1203/1070/3504 1246/1107/3504 1241/2710/3504
s 1
f 1213/2704/2396 1217/1072/973 2657/2362/2125 2654/3499/2965
s 0
f 1214/2700/3504 1230/1093/3504 1218/1078/3504
s 1
f 1219/1085/983 1229/1087/985 2669/2378/2137 2658/2368/2131
f 1231/1100/995 1242/2714/2407 2681/3507/2979 2670/2384/2143
f 1242/2714/2407 1245/1102/997 2685/2395/2149 2681/3507/2979
f 1247/1111/1007 1258/2724/2419 2697/3515/2995 2686/2401/2155
f 1258/2724/2419 1261/1113/1009 2701/2412/2161 2697/3515/2995
f 1263/1122/1019 1274/2734/2430 2713/3522/3009 2702/2418/2167
s 0
f 1262/1118/3504 1278/1130/3504 1273/2730/3504
f 1262/1118/3504 1290/1145/3504 1278/1130/3504
s 1
f 1274/2734/2430 1277/1124/1021 2717/2429/2173 2713/3522/3009
f 1279/1137/1031 1289/1139/1033 2729/2445/2185 2718/2435/2179
f 1291/1152/1043 1302/2744/2441 2741/3530/3023 2730/2451/2191
f 1302/2744/2441 1305/1154/1045 2745/2462/2197 2741/3530/3023
f 1307/1164/1055 1318/2754/2451 2757/3538/3035 2746/2468/2203
f 1318/2754/2451 1321/1166/1057 2761/2479/2209 2757/3538/3035
f 1323/1175/1067 1334/2764/2461 2773/3547/3047 2762/2485/2215
f 1334/2764/2461 1337/1177/1069 2777/2496/2221 2773/3547/3047
f 1339/1190/1079 1349/1192/1081 2789/2513/2233 2778/2502/2227
f 1351/1205/1091 1362/2774/2473 2801/3555/3064 2790/2519/2239
s 0
f 2934/2845/3504 2938/2851/3504 1366/1213/3504 1361/2770/3504 2914/2789/3504 2929/2846/3504
s 1
f 1362/2774/2473 1365/1207/1093 2805/2530/2245 2801/3555/3064
s 0
f 2950/2856/3504 2954/2861/3504 1366/1213/3504 2938/2851/3504
f 1366/1213/3504 2954/2861/3504 2970/2896/3504 2966/2897/3504 1377/2887/3504
s 1
f 1367/1217/1103 1378/2891/2530 2817/3635/3125 2806/2536/2251
s 0
f 2986/2906/3504 2990/2911/3504 1377/2887/3504 2966/2897/3504
f 1377/2887/3504 2990/2911/3504 3002/2936/3504 2998/2937/3504 1382/1225/3504
s 1
f 1378/2891/2530 1381/1219/1105 2821/2547/2257 2817/3635/3125
s 0
f 3014/2946/3504 3018/2951/3504 1382/1225/3504 2998/2937/3504
f 1393/2972/3504 1382/1225/3504 3018/2951/3504 3026/2981/3504
s 1
f 1383/1229/1115 1394/2976/2566 2833/3689/3161 2822/2553/2263
s 0
f 3038/2986/3504 3042/2991/3504 1393/2972/3504 3026/2981/3504
f 1398/1237/3504 1393/2972/3504 3042/2991/3504 3050/3011/3504
s 1
f 1394/2976/2566 1397/1231/1117 2837/2564/2269 2833/3689/3161
s 0
f 3062/3016/3504 1398/1237/3504 3050/3011/3504
f 1410/1252/3504 1398/1237/3504 3062/3016/3504 3070/3036/3504 3074/3041/3504
s 1
f 1399/1244/1127 1409/1246/1129 2849/2581/2281 2838/2570/2275
s 0
f 1410/1252/3504 3074/3041/3504 3078/3056/3504
f 1421/3067/3504 1410/1252/3504 3078/3056/3504 3094/3076/3504 3098/3081/3504
s 1
f 1411/1259/1139 1422/3071/2602 2861/3754/3200 2850/2587/2287
s 0
f 1421/3067/3504 3098/3081/3504 3102/3091/3504
f 3122/3106/3504 3118/3107/3504 1426/1266/3504 1421/3067/3504 3102/3091/3504
s 1
f 1422/3071/2602 1425/1261/1141 2865/2598/2293 2861/3754/3200
s 0
f 1426/1266/3504 3118/3107/3504 3130/3131/3504
f 1437/3142/3504 1426/1266/3504 3130/3131/3504 3154/3151/3504 3150/3152/3504 3146/3157/3504
s 1
f 1427/1270/1151 1438/3146/2630 2877/3791/3230 2866/2604/2299
s 0
f 3162/3176/3504 3166/3181/3504 1437/3142/3504 3146/3157/3504
f 3526/3808/3505 2878/3142/3505 1443/1284/3505 3542/3833/3505 3545/3196/3505
f 1443/1284/3505 3558/3222/3505 3554/3223/3505 3542/3833/3505
f 1443/1284/3505 1454/3237/3505 2081/3207/3505 3562/3213/3505 3570/3232/3505 3582/3858/3505 3574/3859/3505 3578/3262/3505 3590/3869/3505 3586/3870/3505 3594/3878/3505 3598/3246/3505 3558/3222/3505
f 2070/1773/3505 2081/3207/3505 1454/3237/3505
f 2070/1773/3505 1454/3237/3505 1459/1299/3505
f 2058/1761/3505 2070/1773/3505 1459/1299/3505
f 2058/1761/3505 1459/1299/3505 1471/1311/3505
f 2053/3277/3505 2058/1761/3505 1471/1311/3505
f 2053/3277/3505 1471/1311/3505 1482/3888/3505
f 2042/1749/3505 2053/3277/3505 1482/3888/3505
f 2042/1749/3505 1482/3888/3505 1487/1323/3505
f 2037/3892/3505 2042/1749/3505 1487/1323/3505
f 2037/3892/3505 1487/1323/3505 1498/3292/3505
f 2026/1737/3505 2037/3892/3505 1498/3292/3505
f 2026/1737/3505 1498/3292/3505 1503/1335/3505
f 2021/3297/3505 2026/1737/3505 1503/1335/3505
f 2021/3297/3505 1503/1335/3505 1514/3302/3505
f 2010/1725/3505 2021/3297/3505 1514/3302/3505
f 2010/1725/3505 1514/3302/3505 1519/1347/3505
f 1982/1702/3505 2010/1725/3505 1519/1347/3505
f 1982/1702/3505 1519/1347/3505 1546/1366/3505
f 1546/1366/3505 1519/1347/3505 1531/89/3505
f 1542/3322/3505 1546/1366/3505 1531/89/3505
f 1977/3312/3505 1982/1702/3505 1546/1366/3505
f 1977/3312/3505 1546/1366/3505 1558/3912/3505
f 1966/1690/3505 1977/3312/3505 1558/3912/3505
f 1966/1690/3505 1558/3912/3505 1563/1382/3505
f 1961/3919/3505 1966/1690/3505 1563/1382/3505
f 1961/3919/3505 1563/1382/3505 1922/1656/3505
f 1922/1656/3505 1563/1382/3505 1606/1412/3505
f 1606/1412/3505 1563/1382/3505 1574/3332/3505
f 1601/3937/3505 1606/1412/3505 1574/3332/3505
f 1601/3937/3505 1574/3332/3505 1579/127/3505
f 1601/3937/3505 1579/127/3505 1590/146/3505
f 1917/3342/3505 1922/1656/3505 1606/1412/3505
f 1917/3342/3505 1606/1412/3505 1618/3933/3505
f 1906/1644/3505 1917/3342/3505 1618/3933/3505
f 1906/1644/3505 1618/3933/3505 1623/1428/3505
f 1862/1610/3505 1906/1644/3505 1623/1428/3505
f 1862/1610/3505 1623/1428/3505 1666/1458/3505
f 1666/1458/3505 1623/1428/3505 1634/3362/3505
f 1661/3382/3505 1666/1458/3505 1634/3362/3505
f 1661/3382/3505 1634/3362/3505 1639/180/3505
f 1661/3382/3505 1639/180/3505 1650/199/3505
f 1857/3950/3505 1862/1610/3505 1666/1458/3505
f 1857/3950/3505 1666/1458/3505 1678/3954/3505
f 1846/1598/3505 1857/3950/3505 1678/3954/3505
f 1846/1598/3505 1678/3954/3505 1683/1474/3505
f 1802/1563/3505 1846/1598/3505 1683/1474/3505
f 1802/1563/3505 1683/1474/3505 1726/1504/3505
f 1726/1504/3505 1683/1474/3505 1694/3392/3505
f 1721/3412/3505 1726/1504/3505 1694/3392/3505
f 1721/3412/3505 1694/3392/3505 1699/232/3505
f 1711/251/3505 1721/3412/3505 1699/232/3505
f 1797/3970/3505 1802/1563/3505 1726/1504/3505
f 1797/3970/3505 1726/1504/3505 1738/3407/3505
f 1786/1551/3505 1797/3970/3505 1738/3407/3505
f 1786/1551/3505 1738/3407/3505 1743/1520/3505
f 1781/3417/3505 1786/1551/3505 1743/1520/3505
f 1781/3417/3505 1743/1520/3505 1754/3983/3505
f 1770/305/3505 1781/3417/3505 1754/3983/3505
f 1770/305/3505 1754/3983/3505 1758/1528/3505
f 1841/3387/3505 1802/1563/3505 1814/3397/3505
f 1841/3387/3505 1846/1598/3505 1802/1563/3505
f 1830/358/3505 1841/3387/3505 1814/3397/3505
f 1830/358/3505 1814/3397/3505 1818/1575/3505
f 1901/3357/3505 1862/1610/3505 1874/3367/3505
f 1901/3357/3505 1906/1644/3505 1862/1610/3505
f 1890/411/3505 1901/3357/3505 1874/3367/3505
f 1879/396/3505 1890/411/3505 1874/3367/3505
f 1961/3919/3505 1922/1656/3505 1934/3926/3505
f 1950/464/3505 1961/3919/3505 1934/3926/3505
f 1939/449/3505 1950/464/3505 1934/3926/3505
f 1998/501/3505 1982/1702/3505 1993/3905/3505
f 1998/501/3505 2010/1725/3505 1982/1702/3505
f 3562/3213/3505 2081/3207/3505 2086/1785/3505 3534/3819/3505 3550/3849/3505 3565/3212/3505
f 3534/3819/3505 2086/1785/3505 3530/3163/3505 3537/3820/3505
f 3518/3162/3505 3530/3163/3505 2086/1785/3505 2097/3112/3505 3498/3137/3505
f 3498/3137/3505 2097/3112/3505 3490/3118/3505 3501/3132/3505
f 3490/3118/3505 2097/3112/3505 2102/1797/3505 3474/3101/3505 3493/3117/3505
f 3474/3101/3505 2102/1797/3505 3462/3764/3505 3469/3772/3505
f 3462/3764/3505 2102/1797/3505 2113/3042/3505 3450/3747/3505
f 3450/3747/3505 2113/3042/3505 3442/3738/3505 3445/3748/3505
f 3426/3027/3505 3442/3738/3505 2113/3042/3505 2118/1809/3505
f 3414/3026/3505 3426/3027/3505 2118/1809/3505
f 3414/3026/3505 2118/1809/3505 2130/1821/3505 3406/3002/3505 3417/3025/3505
f 2141/3670/3505 3382/3686/3505 3390/3695/3505 3394/3001/3505 2130/1821/3505
f 2130/1821/3505 3394/3001/3505 3406/3002/3505
f 2146/1833/3505 3354/3660/3505 3366/3673/3505 3370/2966/3505 2141/3670/3505
f 2141/3670/3505 3370/2966/3505 3382/3686/3505
f 2157/3612/3505 3318/2878/3505 3342/2926/3505 3338/2920/3505 3334/2921/3505 2146/1833/3505
f 2146/1833/3505 3334/2921/3505 3354/3660/3505
f 2162/1845/3505 3282/2836/3505 3306/3615/3505 3302/2876/3505 2157/3612/3505
f 2157/3612/3505 3302/2876/3505 3322/3628/3505 3318/2878/3505
f 2162/1845/3505 3246/2791/3505 3286/3597/3505 3282/2836/3505
f 3246/2791/3505 2162/1845/3505 2173/2765/3505 2802/2770/3505 3270/3569/3505 3274/2775/3505 3278/2776/3505 3262/3572/3505 3266/3579/3505 3258/3580/3505 3250/2805/3505 3254/3592/3505 3241/3563/3505
f 2173/2765/3505 2791/2525/3505 2802/2770/3505
f 2173/2765/3505 2178/1857/3505 2791/2525/3505
f 2178/1857/3505 2779/2508/3505 2791/2525/3505
f 2178/1857/3505 2190/1869/3505 2779/2508/3505
f 2190/1869/3505 2774/2760/3505 2779/2508/3505
f 2190/1869/3505 2201/3546/3505 2774/2760/3505
f 2201/3546/3505 2763/2491/3505 2774/2760/3505
f 2201/3546/3505 2206/1883/3505 2763/2491/3505
f 2206/1883/3505 2758/2750/3505 2763/2491/3505
f 2206/1883/3505 2217/2745/3505 2758/2750/3505
f 2217/2745/3505 2747/2474/3505 2758/2750/3505
f 2217/2745/3505 2222/1899/3505 2747/2474/3505
f 2222/1899/3505 2742/2740/3505 2747/2474/3505
f 2222/1899/3505 2233/2735/3505 2742/2740/3505
f 2233/2735/3505 2731/2457/3505 2742/2740/3505
f 2233/2735/3505 2238/1915/3505 2731/2457/3505
f 2238/1915/3505 2266/1946/3505 2703/2424/3505
f 2238/1915/3505 2250/726/3505 2266/1946/3505
f 2238/1915/3505 2703/2424/3505 2731/2457/3505
f 2250/726/3505 2262/2725/3505 2266/1946/3505
f 2266/1946/3505 2698/2720/3505 2703/2424/3505
f 2266/1946/3505 2277/2715/3505 2698/2720/3505
f 2277/2715/3505 2687/2407/3505 2698/2720/3505
f 2277/2715/3505 2282/1962/3505 2687/2407/3505
f 2282/1962/3505 2327/2015/3505 2642/2354/3505
f 2282/1962/3505 2293/2705/3505 2327/2015/3505
f 2282/1962/3505 2642/2354/3505 2687/2407/3505
f 2293/2705/3505 2298/1978/3505 2327/2015/3505
f 2298/1978/3505 2322/2695/3505 2327/2015/3505
f 2298/1978/3505 2311/1998/3505 2322/2695/3505
f 2327/2015/3505 2638/2690/3505 2642/2354/3505
f 2327/2015/3505 2337/3491/3505 2638/2690/3505
f 2337/3491/3505 2627/2341/3505 2638/2690/3505
f 2337/3491/3505 2342/2028/3505 2627/2341/3505
f 2342/2028/3505 2387/2080/3505 2582/2288/3505
f 2342/2028/3505 2353/2665/3505 2387/2080/3505
f 2342/2028/3505 2582/2288/3505 2627/2341/3505
f 2353/2665/3505 2358/2044/3505 2387/2080/3505
f 2358/2044/3505 2382/2655/3505 2387/2080/3505
f 2358/2044/3505 2371/828/3505 2382/2655/3505
f 2387/2080/3505 2578/2680/3505 2582/2288/3505
f 2387/2080/3505 2397/3483/3505 2578/2680/3505
f 2397/3483/3505 2567/2275/3505 2578/2680/3505
f 2397/3483/3505 2402/2093/3505 2567/2275/3505
f 2402/2093/3505 2447/2144/3505 2522/2223/3505
f 2402/2093/3505 2413/3448/3505 2447/2144/3505
f 2402/2093/3505 2522/2223/3505 2567/2275/3505
f 2413/3448/3505 2442/3439/3505 2447/2144/3505
f 2413/3448/3505 2418/869/3505 2442/3439/3505
f 2418/869/3505 2431/880/3505 2442/3439/3505
f 2447/2144/3505 2518/2650/3505 2522/2223/3505
f 2447/2144/3505 2457/3458/3505 2518/2650/3505
f 2457/3458/3505 2507/2210/3505 2518/2650/3505
f 2457/3458/3505 2462/2157/3505 2507/2210/3505
f 2462/2157/3505 2502/2620/3505 2507/2210/3505
f 2462/2157/3505 2473/2615/3505 2502/2620/3505
f 2473/2615/3505 2491/934/3505 2502/2620/3505
f 2473/2615/3505 2479/2177/3505 2491/934/3505
f 2522/2223/3505 2562/3453/3505 2567/2275/3505
f 2522/2223/3505 2533/2630/3505 2562/3453/3505
f 2533/2630/3505 2551/986/3505 2562/3453/3505
f 2533/2630/3505 2539/971/3505 2551/986/3505
f 2582/2288/3505 2611/2324/3505 2622/2670/3505
f 2582/2288/3505 2593/2660/3505 2611/2324/3505
f 2582/2288/3505 2622/2670/3505 2627/2341/3505
f 2593/2660/3505 2599/1024/3505 2611/2324/3505
f 2642/2354/3505 2671/2390/3505 2682/3511/3505
f 2642/2354/3505 2653/2700/3505 2671/2390/3505
f 2642/2354/3505 2682/3511/3505 2687/2407/3505
f 2653/2700/3505 2659/1078/3505 2671/2390/3505
f 2703/2424/3505 2719/1130/3505 2731/2457/3505
f 2703/2424/3505 2714/2730/3505 2719/1130/3505
f 3298/2846/3505 3270/3569/3505 2802/2770/3505 2807/2542/3505 3290/3608/3505 3293/3605/3505
f 3290/3608/3505 2807/2542/3505 3310/3624/3505 3313/2856/3505
f 3330/2896/3505 3310/3624/3505 2807/2542/3505 2818/3639/3505 3326/2897/3505
f 3350/3655/3505 3326/2897/3505 2818/3639/3505 3346/3656/3505
f 3362/2936/3505 3346/3656/3505 2818/3639/3505 2823/2559/3505 3358/2937/3505
f 3358/2937/3505 2823/2559/3505 3374/2951/3505 3377/2946/3505
f 3374/2951/3505 2823/2559/3505 2834/2972/3505 3386/2981/3505
f 3386/2981/3505 2834/2972/3505 3398/3703/3505 3401/2986/3505
f 3398/3703/3505 2834/2972/3505 2839/2576/3505 3410/3706/3505
f 3410/3706/3505 2839/2576/3505 3422/3016/3505
f 3430/3720/3505 3422/3016/3505 2839/2576/3505 2851/2593/3505 3434/3721/3505
f 2851/2593/3505 3438/3730/3505 3434/3721/3505
f 3438/3730/3505 2851/2593/3505 2862/3067/3505 3458/3081/3505 3453/3749/3505
f 2862/3067/3505 3466/3091/3505 3458/3081/3505
f 3466/3091/3505 2862/3067/3505 2867/2610/3505 3478/3107/3505 3481/3106/3505
f 3478/3107/3505 2867/2610/3505 3486/3777/3505
f 2878/3142/3505 3506/3157/3505 3510/3800/3505 3514/3805/3505 3486/3777/3505 2867/2610/3505
f 3506/3157/3505 2878/3142/3505 3526/3808/3505 3521/3176/3505
f 3242/3559/3506 2881/2799/3506 2885/2798/3506 2926/2831/3506 3285/3593/3506 3245/3560/3506
f 3253/3590/3507 2893/2800/3507 2881/2799/3507 3242/3559/3507
f 3249/3589/3508 2889/2809/3508 2893/2800/3508 3253/3590/3508
f 3257/3586/3509 2897/2810/3509 2889/2809/3509 3249/3589/3509
f 3265/3585/3510 2905/2815/3510 2897/2810/3510 3257/3586/3510
f 3261/3575/3511 2901/2826/3511 2905/2825/3511 3265/3576/3511
f 3277/3570/3512 2918/2783/3512 2901/2826/3512 3261/3575/3512
f 3273/3565/3513 2909/2784/3513 2918/2783/3513 3277/3570/3513
f 3297/3601/3514 2930/2837/3514 2913/2785/3514 2909/2784/3514 3273/3565/3514 3269/3564/3514
f 3285/3593/3515 2926/2831/3515 2921/2832/3515 2945/2868/3515 3305/3613/3515 3281/3599/3515
f 3294/3600/3516 2933/2838/3516 2930/2837/3516 3297/3601/3516
f 3314/3619/3517 2949/2852/3517 2937/2847/3517 2933/2838/3517 3294/3600/3517 3289/3606/3517
f 3305/3613/3518 2945/2868/3518 2941/2867/3518 2957/2886/3518 3321/3625/3518 3301/3617/3518
f 2969/2892/3519 2953/2857/3519 2949/2852/3519 3314/3619/3519 3309/3620/3519 3329/3632/3519
f 3321/3625/3520 2957/2886/3520 2961/2885/3520 2981/2922/3520 3341/3640/3520 3317/3630/3520
f 2985/2902/3521 2965/2901/3521 2969/2892/3521 3329/3632/3521 3325/3631/3521 3349/3649/3521
f 3337/3645/3522 2977/2913/3522 2973/2912/3522 2993/2931/3522 3009/2958/3522 3365/3671/3522 3353/3657/3522 3333/3647/3522
f 3341/3640/3523 2981/2922/3523 2977/2913/3523 3337/3645/3523
f 3001/2932/3524 2989/2907/3524 2985/2902/3524 3349/3649/3524 3345/3648/3524 3361/3662/3524
f 3013/2942/3525 2997/2941/3525 3001/2932/3525 3361/3662/3525 3357/3661/3525 3378/3679/3525
f 3365/3671/3526 3009/2958/3526 3005/2957/3526 3021/2971/3526 3033/2993/3526 3389/3693/3526 3381/3682/3526 3369/3674/3526
f 3385/3688/3527 3402/3700/3527 3037/2982/3527 3025/2977/3527 3017/2947/3527 3013/2942/3527 3378/3679/3527 3373/3680/3527
f 3389/3693/3528 3033/2993/3528 3029/2992/3528 3045/3006/3528 3057/3018/3528 3418/3713/3528 3405/3704/3528 3393/3696/3528
f 3421/3717/3529 3429/3729/3529 3069/3032/3529 3061/3012/3529 3049/3007/3529 3041/2987/3529 3037/2982/3529 3402/3700/3529 3397/3701/3529 3409/3710/3529
f 3418/3713/3530 3057/3018/3530 3053/3017/3530 3065/3031/3530 3081/3051/3530 3090/3061/3530 3446/3742/3530 3441/3735/3530 3425/3718/3530 3413/3714/3530
f 3093/3072/3531 3077/3052/3531 3073/3037/3531 3069/3032/3531 3429/3729/3531 3433/3728/3531 3437/3734/3531 3454/3753/3531
f 3446/3742/3532 3090/3061/3532 3085/3062/3532 3105/3086/3532 3114/3096/3532 3470/3767/3532 3461/3760/3532 3449/3743/3532
f 3121/3102/3533 3101/3087/3533 3097/3077/3533 3093/3072/3533 3454/3753/3533 3457/3759/3533 3465/3766/3533 3482/3774/3533
f 3470/3767/3534 3114/3096/3534 3109/3097/3534 3125/3126/3534 3494/3782/3534 3473/3768/3534
f 3485/3779/3535 3513/3801/3535 3153/3147/3535 3129/3127/3535 3117/3111/3535 3121/3102/3535 3482/3774/3535 3477/3775/3535
f 3494/3782/3536 3125/3126/3536 3133/3125/3536 3138/3136/3536 3502/3789/3536 3489/3783/3536
f 3502/3789/3537 3138/3136/3537 3141/3141/3537 3157/3171/3537 3517/3813/3537 3497/3790/3537
f 3161/3172/3538 3145/3161/3538 3149/3156/3538 3509/3796/3538 3505/3795/3538 3522/3807/3538
f 3149/3156/3539 3153/3147/3539 3513/3801/3539 3509/3796/3539
f 3517/3813/3540 3157/3171/3540 3169/3170/3540 3178/3186/3540 3538/3825/3540 3529/3817/3540
f 3185/3192/3541 3165/3177/3541 3161/3172/3541 3522/3807/3541 3525/3812/3541 3546/3828/3541
f 3178/3186/3542 3173/3187/3542 3194/3206/3542 3549/3847/3542 3533/3826/3542 3538/3825/3542
f 3206/3230/3543 3181/3201/3543 3185/3192/3543 3546/3828/3543 3541/3829/3543 3553/3838/3543
f 3189/3221/3544 3197/3220/3544 3214/3236/3544 3569/3853/3544 3561/3843/3544 3566/3842/3544
f 3194/3206/3545 3189/3221/3545 3566/3842/3545 3549/3847/3545
f 3229/3242/3546 3201/3231/3546 3206/3230/3546 3553/3838/3546 3557/3837/3546 3597/3879/3546
f 3209/3276/3547 3221/3267/3547 3573/3862/3547 3581/3856/3547
f 3214/3236/3548 3209/3276/3548 3581/3856/3548 3569/3853/3548
f 3217/3266/3549 3233/3257/3549 3589/3865/3549 3577/3863/3549
f 3221/3267/3550 3217/3266/3550 3577/3863/3550 3573/3862/3550
f 3225/3256/3551 3237/3247/3551 3593/3875/3551 3585/3874/3551
f 3233/3257/3552 3225/3256/3552 3585/3874/3552 3589/3865/3552
f 3237/3247/3553 3229/3242/3553 3597/3879/3553 3593/3875/3553
