# Blender 5.1.1
# www.blender.org
mtllib gear_with_12_teeth_2026-05-05T10-38-04-402Z.mtl
o Gear_12
v 0.024642 0.003694 0.009428
v 0.024214 0.004000 0.009747
v 0.024690 0.003694 0.009989
v 0.024556 0.003844 0.009546
v 0.024616 0.003694 0.009609
v 0.024556 0.003839 0.009662
v 0.024412 0.003955 0.009799
v 0.024400 0.003955 0.009662
v 0.024488 0.003921 0.009723
v 0.024634 0.003694 0.009814
v 0.024585 0.003844 0.009887
v 0.024565 0.003839 0.009772
v 0.026025 0.004000 0.013144
v 0.026334 0.003694 0.013072
v 0.026180 0.003959 0.013108
v 0.026293 0.003847 0.013082
v 0.025986 0.004000 0.014366
v 0.026289 0.003694 0.014453
v 0.026137 0.003959 0.014409
v 0.026249 0.003847 0.014441
v 0.025434 0.004000 0.015321
v 0.025661 0.003694 0.015541
v 0.025548 0.003959 0.015431
v 0.025631 0.003847 0.015511
v 0.024396 0.004000 0.015967
v 0.024488 0.003694 0.016270
v 0.024442 0.003959 0.016118
v 0.024476 0.003847 0.016229
v 0.020995 0.003694 0.016388
v 0.020548 0.004000 0.016097
v 0.020486 0.003694 0.016627
v 0.020855 0.003844 0.016348
v 0.020816 0.003694 0.016427
v 0.020746 0.003839 0.016388
v 0.020567 0.003955 0.016300
v 0.020692 0.003955 0.016242
v 0.020665 0.003921 0.016346
v 0.020630 0.003694 0.016514
v 0.020545 0.003844 0.016493
v 0.020646 0.003839 0.016435
v 0.018451 0.004000 0.018451
v 0.018668 0.003694 0.018668
v 0.018559 0.003959 0.018559
v 0.018639 0.003847 0.018639
v 0.016627 0.003694 0.020486
v 0.016097 0.004000 0.020548
v 0.016388 0.003694 0.020995
v 0.016493 0.003844 0.020545
v 0.016514 0.003694 0.020630
v 0.016435 0.003839 0.020646
v 0.016242 0.003955 0.020692
v 0.016300 0.003955 0.020567
v 0.016346 0.003921 0.020665
v 0.016427 0.003694 0.020816
v 0.016348 0.003844 0.020855
v 0.016388 0.003839 0.020746
v 0.015967 0.004000 0.024396
v 0.016270 0.003694 0.024488
v 0.016118 0.003959 0.024442
v 0.016229 0.003847 0.024476
v 0.015321 0.004000 0.025434
v 0.015541 0.003694 0.025661
v 0.015431 0.003959 0.025548
v 0.015511 0.003847 0.025631
v 0.014453 0.003694 0.026289
v 0.014045 0.004000 0.026171
v 0.014398 0.003847 0.026273
v 0.014249 0.003959 0.026230
v 0.013072 0.003694 0.026334
v 0.013589 0.004000 0.026193
v 0.013142 0.003847 0.026315
v 0.013331 0.003959 0.026263
v 0.009428 0.003694 0.024642
v 0.009989 0.003694 0.024690
v 0.009824 0.004000 0.024189
v 0.009609 0.003694 0.024616
v 0.009570 0.003844 0.024548
v 0.009677 0.003839 0.024552
v 0.009917 0.003843 0.024592
v 0.009814 0.003694 0.024634
v 0.009789 0.003838 0.024566
v 0.009715 0.003955 0.024383
v 0.009858 0.003954 0.024410
v 0.009757 0.003921 0.024484
v 0.006753 0.004000 0.025204
v 0.006833 0.003694 0.025500
v 0.006793 0.003959 0.025352
v 0.006822 0.003847 0.025461
v 0.004156 0.003694 0.026055
v 0.003666 0.004000 0.025844
v 0.003695 0.003694 0.026377
v 0.004011 0.003844 0.026039
v 0.003986 0.003694 0.026123
v 0.003910 0.003839 0.026097
v 0.003720 0.003955 0.026041
v 0.003833 0.003955 0.025962
v 0.003824 0.003921 0.026069
v 0.003818 0.003694 0.026241
v 0.003730 0.003844 0.026235
v 0.003819 0.003839 0.026160
v 0.001630 0.004000 0.029111
v 0.001846 0.003694 0.029342
v 0.001738 0.003959 0.029226
v 0.001817 0.003847 0.029311
v 0.000628 0.003694 0.029993
v 0.000249 0.004000 0.029849
v 0.000578 0.003847 0.029974
v 0.000439 0.003959 0.029921
v -0.000628 0.003694 0.029993
v -0.000104 0.004000 0.029855
v -0.000558 0.003847 0.029975
v -0.000366 0.003959 0.029924
v -0.001846 0.003694 0.029342
v -0.001694 0.004000 0.029008
v -0.001826 0.003847 0.029297
v -0.001770 0.003959 0.029175
v -0.004156 0.003694 0.026055
v -0.003695 0.003694 0.026377
v -0.003666 0.004000 0.025844
v -0.003986 0.003694 0.026123
v -0.004011 0.003844 0.026039
v -0.003910 0.003839 0.026097
v -0.003730 0.003844 0.026235
v -0.003818 0.003694 0.026241
v -0.003819 0.003839 0.026160
v -0.003833 0.003955 0.025962
v -0.003720 0.003955 0.026041
v -0.003824 0.003921 0.026069
v -0.006833 0.003694 0.025500
v -0.006753 0.004000 0.025204
v -0.006822 0.003847 0.025461
v -0.006793 0.003959 0.025352
v -0.009989 0.003694 0.024690
v -0.009428 0.003694 0.024642
v -0.009824 0.004000 0.024189
v -0.009814 0.003694 0.024634
v -0.009917 0.003843 0.024592
v -0.009789 0.003838 0.024566
v -0.009570 0.003844 0.024548
v -0.009609 0.003694 0.024616
v -0.009677 0.003839 0.024552
v -0.009858 0.003954 0.024410
v -0.009715 0.003955 0.024383
v -0.009757 0.003921 0.024484
v -0.013589 0.004000 0.026193
v -0.013072 0.003694 0.026334
v -0.013331 0.003959 0.026263
v -0.013142 0.003847 0.026315
v -0.014453 0.003694 0.026289
v -0.014045 0.004000 0.026171
v -0.014398 0.003847 0.026273
v -0.014249 0.003959 0.026230
v -0.015541 0.003694 0.025661
v -0.015321 0.004000 0.025434
v -0.015511 0.003847 0.025631
v -0.015431 0.003959 0.025548
v -0.016270 0.003694 0.024488
v -0.015967 0.004000 0.024396
v -0.016229 0.003847 0.024476
v -0.016118 0.003959 0.024442
v -0.016627 0.003694 0.020486
v -0.016388 0.003694 0.020995
v -0.016097 0.004000 0.020548
v -0.016514 0.003694 0.020630
v -0.016493 0.003844 0.020545
v -0.016435 0.003839 0.020646
v -0.016348 0.003844 0.020855
v -0.016427 0.003694 0.020816
v -0.016388 0.003839 0.020746
v -0.016300 0.003955 0.020567
v -0.016242 0.003955 0.020692
v -0.016346 0.003921 0.020665
v -0.018668 0.003694 0.018668
v -0.018451 0.004000 0.018451
v -0.018639 0.003847 0.018639
v -0.018559 0.003959 0.018559
v -0.020995 0.003694 0.016388
v -0.020486 0.003694 0.016627
v -0.020548 0.004000 0.016097
v -0.020816 0.003694 0.016427
v -0.020855 0.003844 0.016348
v -0.020746 0.003839 0.016388
v -0.020545 0.003844 0.016493
v -0.020630 0.003694 0.016514
v -0.020646 0.003839 0.016435
v -0.020692 0.003955 0.016242
v -0.020567 0.003955 0.016300
v -0.020665 0.003921 0.016346
v -0.024488 0.003694 0.016270
v -0.024396 0.004000 0.015967
v -0.024476 0.003847 0.016229
v -0.024442 0.003959 0.016118
v -0.025661 0.003694 0.015541
v -0.025434 0.004000 0.015321
v -0.025631 0.003847 0.015511
v -0.025548 0.003959 0.015431
v -0.026289 0.003694 0.014453
v -0.025986 0.004000 0.014366
v -0.026249 0.003847 0.014441
v -0.026137 0.003959 0.014409
v -0.026334 0.003694 0.013072
v -0.026025 0.004000 0.013144
v -0.026293 0.003847 0.013082
v -0.026180 0.003959 0.013108
v -0.024642 0.003694 0.009428
v -0.024690 0.003694 0.009989
v -0.024214 0.004000 0.009747
v -0.024616 0.003694 0.009609
v -0.024556 0.003844 0.009546
v -0.024556 0.003839 0.009662
v -0.024585 0.003844 0.009887
v -0.024634 0.003694 0.009814
v -0.024565 0.003839 0.009772
v -0.024400 0.003955 0.009662
v -0.024412 0.003955 0.009799
v -0.024488 0.003921 0.009723
v -0.025500 0.003694 0.006833
v -0.025204 0.004000 0.006753
v -0.025461 0.003847 0.006822
v -0.025352 0.003959 0.006793
v -0.026377 0.003694 0.003695
v -0.026055 0.003694 0.004156
v -0.025844 0.004000 0.003666
v -0.026241 0.003694 0.003818
v -0.026235 0.003844 0.003730
v -0.026160 0.003839 0.003819
v -0.026039 0.003844 0.004011
v -0.026123 0.003694 0.003986
v -0.026097 0.003839 0.003910
v -0.026041 0.003955 0.003720
v -0.025962 0.003955 0.003833
v -0.026069 0.003921 0.003824
v -0.029342 0.003694 0.001846
v -0.029111 0.004000 0.001630
v -0.029311 0.003847 0.001817
v -0.029226 0.003959 0.001738
v -0.029993 0.003694 0.000628
v -0.029687 0.004000 0.000552
v -0.029952 0.003847 0.000618
v -0.029840 0.003959 0.000590
v -0.029993 0.003694 -0.000628
v -0.029687 0.004000 -0.000552
v -0.029952 0.003847 -0.000618
v -0.029840 0.003959 -0.000590
v -0.029342 0.003694 -0.001846
v -0.029111 0.004000 -0.001630
v -0.029311 0.003847 -0.001817
v -0.029226 0.003959 -0.001738
v -0.026055 0.003694 -0.004156
v -0.026377 0.003694 -0.003695
v -0.025844 0.004000 -0.003666
v -0.026123 0.003694 -0.003986
v -0.026039 0.003844 -0.004011
v -0.026097 0.003839 -0.003910
v -0.026235 0.003844 -0.003730
v -0.026241 0.003694 -0.003818
v -0.026160 0.003839 -0.003819
v -0.025962 0.003955 -0.003833
v -0.026041 0.003955 -0.003720
v -0.026069 0.003921 -0.003824
v -0.025500 0.003694 -0.006833
v -0.025204 0.004000 -0.006753
v -0.025461 0.003847 -0.006822
v -0.025352 0.003959 -0.006793
v -0.024690 0.003694 -0.009989
v -0.024642 0.003694 -0.009428
v -0.024214 0.004000 -0.009747
v -0.024634 0.003694 -0.009814
v -0.024585 0.003844 -0.009887
v -0.024565 0.003839 -0.009772
v -0.024556 0.003844 -0.009546
v -0.024616 0.003694 -0.009609
v -0.024556 0.003839 -0.009662
v -0.024412 0.003955 -0.009799
v -0.024400 0.003955 -0.009662
v -0.024488 0.003921 -0.009723
v -0.026334 0.003694 -0.013072
v -0.026025 0.004000 -0.013144
v -0.026293 0.003847 -0.013082
v -0.026180 0.003959 -0.013108
v -0.026289 0.003694 -0.014453
v -0.025986 0.004000 -0.014366
v -0.026249 0.003847 -0.014441
v -0.026137 0.003959 -0.014409
v -0.025661 0.003694 -0.015541
v -0.025434 0.004000 -0.015321
v -0.025631 0.003847 -0.015511
v -0.025548 0.003959 -0.015431
v -0.024488 0.003694 -0.016270
v -0.024396 0.004000 -0.015967
v -0.024476 0.003847 -0.016229
v -0.024442 0.003959 -0.016118
v -0.020486 0.003694 -0.016627
v -0.020995 0.003694 -0.016388
v -0.020548 0.004000 -0.016097
v -0.020630 0.003694 -0.016514
v -0.020545 0.003844 -0.016493
v -0.020646 0.003839 -0.016435
v -0.020855 0.003844 -0.016348
v -0.020816 0.003694 -0.016427
v -0.020746 0.003839 -0.016388
v -0.020567 0.003955 -0.016300
v -0.020692 0.003955 -0.016242
v -0.020665 0.003921 -0.016346
v -0.018668 0.003694 -0.018668
v -0.018451 0.004000 -0.018451
v -0.018639 0.003847 -0.018639
v -0.018559 0.003959 -0.018559
v -0.016388 0.003694 -0.020995
v -0.016627 0.003694 -0.020486
v -0.016097 0.004000 -0.020548
v -0.016427 0.003694 -0.020816
v -0.016348 0.003844 -0.020855
v -0.016388 0.003839 -0.020746
v -0.016493 0.003844 -0.020545
v -0.016514 0.003694 -0.020630
v -0.016435 0.003839 -0.020646
v -0.016242 0.003955 -0.020692
v -0.016300 0.003955 -0.020567
v -0.016346 0.003921 -0.020665
v -0.016270 0.003694 -0.024488
v -0.015972 0.004000 -0.024240
v -0.016230 0.003847 -0.024455
v -0.016121 0.003959 -0.024364
v -0.015541 0.003694 -0.025661
v -0.015134 0.004000 -0.025583
v -0.015486 0.003847 -0.025650
v -0.015337 0.003959 -0.025622
v -0.014453 0.003694 -0.026289
v -0.014112 0.004000 -0.026164
v -0.014407 0.003847 -0.026272
v -0.014283 0.003959 -0.026227
v -0.013433 0.004000 -0.026179
v -0.013072 0.003694 -0.026334
v -0.013253 0.003959 -0.026257
v -0.013121 0.003847 -0.026313
v -0.009989 0.003694 -0.024690
v -0.009747 0.004000 -0.024214
v -0.009428 0.003694 -0.024642
v -0.009887 0.003844 -0.024585
v -0.009814 0.003694 -0.024634
v -0.009772 0.003839 -0.024565
v -0.009662 0.003955 -0.024400
v -0.009799 0.003955 -0.024412
v -0.009723 0.003921 -0.024488
v -0.009609 0.003694 -0.024616
v -0.009546 0.003844 -0.024556
v -0.009662 0.003839 -0.024556
v -0.006833 0.003694 -0.025500
v -0.006753 0.004000 -0.025204
v -0.006822 0.003847 -0.025461
v -0.006793 0.003959 -0.025352
v -0.003695 0.003694 -0.026377
v -0.004156 0.003694 -0.026055
v -0.003666 0.004000 -0.025844
v -0.003818 0.003694 -0.026241
v -0.003730 0.003844 -0.026235
v -0.003819 0.003839 -0.026160
v -0.004011 0.003844 -0.026039
v -0.003986 0.003694 -0.026123
v -0.003910 0.003839 -0.026097
v -0.003720 0.003955 -0.026041
v -0.003833 0.003955 -0.025962
v -0.003824 0.003921 -0.026069
v -0.001846 0.003694 -0.029342
v -0.001630 0.004000 -0.029111
v -0.001817 0.003847 -0.029311
v -0.001738 0.003959 -0.029226
v -0.000249 0.004000 -0.029849
v -0.000628 0.003694 -0.029993
v -0.000439 0.003959 -0.029921
v -0.000578 0.003847 -0.029974
v 0.000104 0.004000 -0.029855
v 0.000628 0.003694 -0.029993
v 0.000366 0.003959 -0.029924
v 0.000558 0.003847 -0.029975
v 0.001694 0.004000 -0.029008
v 0.001846 0.003694 -0.029342
v 0.001770 0.003959 -0.029175
v 0.001826 0.003847 -0.029297
v 0.003695 0.003694 -0.026377
v 0.003666 0.004000 -0.025844
v 0.004156 0.003694 -0.026055
v 0.003730 0.003844 -0.026235
v 0.003818 0.003694 -0.026241
v 0.003819 0.003839 -0.026160
v 0.003833 0.003955 -0.025962
v 0.003720 0.003955 -0.026041
v 0.003824 0.003921 -0.026069
v 0.003986 0.003694 -0.026123
v 0.004011 0.003844 -0.026039
v 0.003910 0.003839 -0.026097
v 0.006753 0.004000 -0.025204
v 0.006833 0.003694 -0.025500
v 0.006793 0.003959 -0.025352
v 0.006822 0.003847 -0.025461
v 0.009989 0.003694 -0.024690
v 0.009428 0.003694 -0.024642
v 0.009747 0.004000 -0.024214
v 0.009814 0.003694 -0.024634
v 0.009887 0.003844 -0.024585
v 0.009772 0.003839 -0.024565
v 0.009546 0.003844 -0.024556
v 0.009609 0.003694 -0.024616
v 0.009662 0.003839 -0.024556
v 0.009799 0.003955 -0.024412
v 0.009662 0.003955 -0.024400
v 0.009723 0.003921 -0.024488
v 0.013433 0.004000 -0.026179
v 0.013072 0.003694 -0.026334
v 0.013253 0.003959 -0.026257
v 0.013121 0.003847 -0.026313
v 0.014112 0.004000 -0.026164
v 0.014453 0.003694 -0.026289
v 0.014283 0.003959 -0.026227
v 0.014407 0.003847 -0.026272
v 0.015134 0.004000 -0.025583
v 0.015541 0.003694 -0.025661
v 0.015337 0.003959 -0.025622
v 0.015486 0.003847 -0.025650
v 0.015972 0.004000 -0.024240
v 0.016270 0.003694 -0.024488
v 0.016121 0.003959 -0.024364
v 0.016230 0.003847 -0.024455
v 0.016388 0.003694 -0.020995
v 0.016097 0.004000 -0.020548
v 0.016627 0.003694 -0.020486
v 0.016348 0.003844 -0.020855
v 0.016427 0.003694 -0.020816
v 0.016388 0.003839 -0.020746
v 0.016300 0.003955 -0.020567
v 0.016242 0.003955 -0.020692
v 0.016346 0.003921 -0.020665
v 0.016514 0.003694 -0.020630
v 0.016493 0.003844 -0.020545
v 0.016435 0.003839 -0.020646
v 0.018451 0.004000 -0.018451
v 0.018668 0.003694 -0.018668
v 0.018559 0.003959 -0.018559
v 0.018639 0.003847 -0.018639
v 0.020486 0.003694 -0.016627
v 0.020548 0.004000 -0.016097
v 0.020995 0.003694 -0.016388
v 0.020545 0.003844 -0.016493
v 0.020630 0.003694 -0.016514
v 0.020646 0.003839 -0.016435
v 0.020692 0.003955 -0.016242
v 0.020567 0.003955 -0.016300
v 0.020665 0.003921 -0.016346
v 0.020816 0.003694 -0.016427
v 0.020855 0.003844 -0.016348
v 0.020746 0.003839 -0.016388
v 0.024396 0.004000 -0.015967
v 0.024488 0.003694 -0.016270
v 0.024442 0.003959 -0.016118
v 0.024476 0.003847 -0.016229
v 0.025434 0.004000 -0.015321
v 0.025661 0.003694 -0.015541
v 0.025548 0.003959 -0.015431
v 0.025631 0.003847 -0.015511
v 0.025986 0.004000 -0.014366
v 0.026289 0.003694 -0.014453
v 0.026137 0.003959 -0.014409
v 0.026249 0.003847 -0.014441
v 0.026025 0.004000 -0.013144
v 0.026334 0.003694 -0.013072
v 0.026180 0.003959 -0.013108
v 0.026293 0.003847 -0.013082
v 0.024690 0.003694 -0.009989
v 0.024214 0.004000 -0.009747
v 0.024642 0.003694 -0.009428
v 0.024585 0.003844 -0.009887
v 0.024634 0.003694 -0.009814
v 0.024565 0.003839 -0.009772
v 0.024400 0.003955 -0.009662
v 0.024412 0.003955 -0.009799
v 0.024488 0.003921 -0.009723
v 0.024616 0.003694 -0.009609
v 0.024556 0.003844 -0.009546
v 0.024556 0.003839 -0.009662
v 0.025204 0.004000 -0.006753
v 0.025500 0.003694 -0.006833
v 0.025352 0.003959 -0.006793
v 0.025461 0.003847 -0.006822
v 0.026055 0.003694 -0.004156
v 0.025844 0.004000 -0.003666
v 0.026377 0.003694 -0.003695
v 0.026039 0.003844 -0.004011
v 0.026123 0.003694 -0.003986
v 0.026097 0.003839 -0.003910
v 0.026041 0.003955 -0.003720
v 0.025962 0.003955 -0.003833
v 0.026069 0.003921 -0.003824
v 0.026241 0.003694 -0.003818
v 0.026235 0.003844 -0.003730
v 0.026160 0.003839 -0.003819
v 0.029111 0.004000 -0.001630
v 0.029342 0.003694 -0.001846
v 0.029226 0.003959 -0.001738
v 0.029311 0.003847 -0.001817
v 0.029687 0.004000 -0.000552
v 0.029993 0.003694 -0.000628
v 0.029840 0.003959 -0.000590
v 0.029952 0.003847 -0.000618
v 0.029687 0.004000 0.000552
v 0.029993 0.003694 0.000628
v 0.029840 0.003959 0.000590
v 0.029952 0.003847 0.000618
v 0.029111 0.004000 0.001630
v 0.029342 0.003694 0.001846
v 0.029226 0.003959 0.001738
v 0.029311 0.003847 0.001817
v 0.026377 0.003694 0.003695
v 0.025844 0.004000 0.003666
v 0.026055 0.003694 0.004156
v 0.026235 0.003844 0.003730
v 0.026241 0.003694 0.003818
v 0.026160 0.003839 0.003819
v 0.025962 0.003955 0.003833
v 0.026041 0.003955 0.003720
v 0.026069 0.003921 0.003824
v 0.026123 0.003694 0.003986
v 0.026039 0.003844 0.004011
v 0.026097 0.003839 0.003910
v 0.025204 0.004000 0.006753
v 0.025500 0.003694 0.006833
v 0.025352 0.003959 0.006793
v 0.025461 0.003847 0.006822
v 0.024642 -0.003694 0.009428
v 0.024690 -0.003694 0.009989
v 0.024214 -0.004000 0.009747
v 0.024616 -0.003694 0.009609
v 0.024556 -0.003844 0.009546
v 0.024556 -0.003839 0.009662
v 0.024585 -0.003844 0.009887
v 0.024634 -0.003694 0.009814
v 0.024565 -0.003839 0.009772
v 0.024400 -0.003955 0.009662
v 0.024412 -0.003955 0.009799
v 0.024488 -0.003921 0.009723
v 0.026334 -0.003694 0.013072
v 0.026025 -0.004000 0.013144
v 0.026293 -0.003847 0.013082
v 0.026180 -0.003959 0.013108
v 0.026289 -0.003694 0.014453
v 0.025986 -0.004000 0.014366
v 0.026249 -0.003847 0.014441
v 0.026137 -0.003959 0.014409
v 0.025661 -0.003694 0.015541
v 0.025434 -0.004000 0.015321
v 0.025631 -0.003847 0.015511
v 0.025548 -0.003959 0.015431
v 0.024488 -0.003694 0.016270
v 0.024396 -0.004000 0.015967
v 0.024476 -0.003847 0.016229
v 0.024442 -0.003959 0.016118
v 0.020995 -0.003694 0.016388
v 0.020486 -0.003694 0.016627
v 0.020548 -0.004000 0.016097
v 0.020816 -0.003694 0.016427
v 0.020855 -0.003844 0.016348
v 0.020746 -0.003839 0.016388
v 0.020545 -0.003844 0.016493
v 0.020630 -0.003694 0.016514
v 0.020646 -0.003839 0.016435
v 0.020692 -0.003955 0.016242
v 0.020567 -0.003955 0.016300
v 0.020665 -0.003921 0.016346
v 0.018668 -0.003694 0.018668
v 0.018451 -0.004000 0.018451
v 0.018639 -0.003847 0.018639
v 0.018559 -0.003959 0.018559
v 0.016627 -0.003694 0.020486
v 0.016388 -0.003694 0.020995
v 0.016097 -0.004000 0.020548
v 0.016514 -0.003694 0.020630
v 0.016493 -0.003844 0.020545
v 0.016435 -0.003839 0.020646
v 0.016348 -0.003844 0.020855
v 0.016427 -0.003694 0.020816
v 0.016388 -0.003839 0.020746
v 0.016300 -0.003955 0.020567
v 0.016242 -0.003955 0.020692
v 0.016346 -0.003921 0.020665
v 0.016270 -0.003694 0.024488
v 0.015967 -0.004000 0.024396
v 0.016229 -0.003847 0.024476
v 0.016118 -0.003959 0.024442
v 0.015541 -0.003694 0.025661
v 0.015321 -0.004000 0.025434
v 0.015511 -0.003847 0.025631
v 0.015431 -0.003959 0.025548
v 0.014045 -0.004000 0.026171
v 0.014453 -0.003694 0.026289
v 0.014249 -0.003959 0.026230
v 0.014398 -0.003847 0.026273
v 0.013589 -0.004000 0.026193
v 0.013072 -0.003694 0.026334
v 0.013331 -0.003959 0.026263
v 0.013142 -0.003847 0.026315
v 0.009428 -0.003694 0.024642
v 0.009824 -0.004000 0.024189
v 0.009989 -0.003694 0.024690
v 0.009570 -0.003844 0.024548
v 0.009609 -0.003694 0.024616
v 0.009677 -0.003839 0.024552
v 0.009858 -0.003954 0.024410
v 0.009715 -0.003955 0.024383
v 0.009757 -0.003921 0.024484
v 0.009814 -0.003694 0.024634
v 0.009917 -0.003843 0.024592
v 0.009789 -0.003838 0.024566
v 0.006833 -0.003694 0.025500
v 0.006753 -0.004000 0.025204
v 0.006822 -0.003847 0.025461
v 0.006793 -0.003959 0.025352
v 0.004156 -0.003694 0.026055
v 0.003695 -0.003694 0.026377
v 0.003666 -0.004000 0.025844
v 0.003986 -0.003694 0.026123
v 0.004011 -0.003844 0.026039
v 0.003910 -0.003839 0.026097
v 0.003730 -0.003844 0.026235
v 0.003818 -0.003694 0.026241
v 0.003819 -0.003839 0.026160
v 0.003833 -0.003955 0.025962
v 0.003720 -0.003955 0.026041
v 0.003824 -0.003921 0.026069
v 0.001846 -0.003694 0.029342
v 0.001630 -0.004000 0.029111
v 0.001817 -0.003847 0.029311
v 0.001738 -0.003959 0.029226
v 0.000249 -0.004000 0.029849
v 0.000628 -0.003694 0.029993
v 0.000439 -0.003959 0.029921
v 0.000578 -0.003847 0.029974
v -0.000104 -0.004000 0.029855
v -0.000628 -0.003694 0.029993
v -0.000366 -0.003959 0.029924
v -0.000558 -0.003847 0.029975
v -0.001694 -0.004000 0.029008
v -0.001846 -0.003694 0.029342
v -0.001770 -0.003959 0.029175
v -0.001826 -0.003847 0.029297
v -0.004156 -0.003694 0.026055
v -0.003666 -0.004000 0.025844
v -0.003695 -0.003694 0.026377
v -0.004011 -0.003844 0.026039
v -0.003986 -0.003694 0.026123
v -0.003910 -0.003839 0.026097
v -0.003720 -0.003955 0.026041
v -0.003833 -0.003955 0.025962
v -0.003824 -0.003921 0.026069
v -0.003818 -0.003694 0.026241
v -0.003730 -0.003844 0.026235
v -0.003819 -0.003839 0.026160
v -0.006753 -0.004000 0.025204
v -0.006833 -0.003694 0.025500
v -0.006793 -0.003959 0.025352
v -0.006822 -0.003847 0.025461
v -0.009989 -0.003694 0.024690
v -0.009824 -0.004000 0.024189
v -0.009428 -0.003694 0.024642
v -0.009917 -0.003843 0.024592
v -0.009814 -0.003694 0.024634
v -0.009789 -0.003838 0.024566
v -0.009715 -0.003955 0.024383
v -0.009858 -0.003954 0.024410
v -0.009757 -0.003921 0.024484
v -0.009609 -0.003694 0.024616
v -0.009570 -0.003844 0.024548
v -0.009677 -0.003839 0.024552
v -0.013072 -0.003694 0.026334
v -0.013589 -0.004000 0.026193
v -0.013142 -0.003847 0.026315
v -0.013331 -0.003959 0.026263
v -0.014453 -0.003694 0.026289
v -0.014045 -0.004000 0.026171
v -0.014398 -0.003847 0.026273
v -0.014249 -0.003959 0.026230
v -0.015321 -0.004000 0.025434
v -0.015541 -0.003694 0.025661
v -0.015431 -0.003959 0.025548
v -0.015511 -0.003847 0.025631
v -0.015967 -0.004000 0.024396
v -0.016270 -0.003694 0.024488
v -0.016118 -0.003959 0.024442
v -0.016229 -0.003847 0.024476
v -0.016627 -0.003694 0.020486
v -0.016097 -0.004000 0.020548
v -0.016388 -0.003694 0.020995
v -0.016493 -0.003844 0.020545
v -0.016514 -0.003694 0.020630
v -0.016435 -0.003839 0.020646
v -0.016242 -0.003955 0.020692
v -0.016300 -0.003955 0.020567
v -0.016346 -0.003921 0.020665
v -0.016427 -0.003694 0.020816
v -0.016348 -0.003844 0.020855
v -0.016388 -0.003839 0.020746
v -0.018451 -0.004000 0.018451
v -0.018668 -0.003694 0.018668
v -0.018559 -0.003959 0.018559
v -0.018639 -0.003847 0.018639
v -0.020995 -0.003694 0.016388
v -0.020548 -0.004000 0.016097
v -0.020486 -0.003694 0.016627
v -0.020855 -0.003844 0.016348
v -0.020816 -0.003694 0.016427
v -0.020746 -0.003839 0.016388
v -0.020567 -0.003955 0.016300
v -0.020692 -0.003955 0.016242
v -0.020665 -0.003921 0.016346
v -0.020630 -0.003694 0.016514
v -0.020545 -0.003844 0.016493
v -0.020646 -0.003839 0.016435
v -0.024396 -0.004000 0.015967
v -0.024488 -0.003694 0.016270
v -0.024442 -0.003959 0.016118
v -0.024476 -0.003847 0.016229
v -0.025434 -0.004000 0.015321
v -0.025661 -0.003694 0.015541
v -0.025548 -0.003959 0.015431
v -0.025631 -0.003847 0.015511
v -0.025986 -0.004000 0.014366
v -0.026289 -0.003694 0.014453
v -0.026137 -0.003959 0.014409
v -0.026249 -0.003847 0.014441
v -0.026025 -0.004000 0.013144
v -0.026334 -0.003694 0.013072
v -0.026180 -0.003959 0.013108
v -0.026293 -0.003847 0.013082
v -0.024642 -0.003694 0.009428
v -0.024214 -0.004000 0.009747
v -0.024690 -0.003694 0.009989
v -0.024556 -0.003844 0.009546
v -0.024616 -0.003694 0.009609
v -0.024556 -0.003839 0.009662
v -0.024412 -0.003955 0.009799
v -0.024400 -0.003955 0.009662
v -0.024488 -0.003921 0.009723
v -0.024634 -0.003694 0.009814
v -0.024585 -0.003844 0.009887
v -0.024565 -0.003839 0.009772
v -0.025204 -0.004000 0.006753
v -0.025500 -0.003694 0.006833
v -0.025352 -0.003959 0.006793
v -0.025461 -0.003847 0.006822
v -0.026377 -0.003694 0.003695
v -0.025844 -0.004000 0.003666
v -0.026055 -0.003694 0.004156
v -0.026235 -0.003844 0.003730
v -0.026241 -0.003694 0.003818
v -0.026160 -0.003839 0.003819
v -0.025962 -0.003955 0.003833
v -0.026041 -0.003955 0.003720
v -0.026069 -0.003921 0.003824
v -0.026123 -0.003694 0.003986
v -0.026039 -0.003844 0.004011
v -0.026097 -0.003839 0.003910
v -0.029111 -0.004000 0.001630
v -0.029342 -0.003694 0.001846
v -0.029226 -0.003959 0.001738
v -0.029311 -0.003847 0.001817
v -0.029687 -0.004000 0.000552
v -0.029993 -0.003694 0.000628
v -0.029840 -0.003959 0.000590
v -0.029952 -0.003847 0.000618
v -0.029687 -0.004000 -0.000552
v -0.029993 -0.003694 -0.000628
v -0.029840 -0.003959 -0.000590
v -0.029952 -0.003847 -0.000618
v -0.029111 -0.004000 -0.001630
v -0.029342 -0.003694 -0.001846
v -0.029226 -0.003959 -0.001738
v -0.029311 -0.003847 -0.001817
v -0.026055 -0.003694 -0.004156
v -0.025844 -0.004000 -0.003666
v -0.026377 -0.003694 -0.003695
v -0.026039 -0.003844 -0.004011
v -0.026123 -0.003694 -0.003986
v -0.026097 -0.003839 -0.003910
v -0.026041 -0.003955 -0.003720
v -0.025962 -0.003955 -0.003833
v -0.026069 -0.003921 -0.003824
v -0.026241 -0.003694 -0.003818
v -0.026235 -0.003844 -0.003730
v -0.026160 -0.003839 -0.003819
v -0.025204 -0.004000 -0.006753
v -0.025500 -0.003694 -0.006833
v -0.025352 -0.003959 -0.006793
v -0.025461 -0.003847 -0.006822
v -0.024690 -0.003694 -0.009989
v -0.024214 -0.004000 -0.009747
v -0.024642 -0.003694 -0.009428
v -0.024585 -0.003844 -0.009887
v -0.024634 -0.003694 -0.009814
v -0.024565 -0.003839 -0.009772
v -0.024400 -0.003955 -0.009662
v -0.024412 -0.003955 -0.009799
v -0.024488 -0.003921 -0.009723
v -0.024616 -0.003694 -0.009609
v -0.024556 -0.003844 -0.009546
v -0.024556 -0.003839 -0.009662
v -0.026025 -0.004000 -0.013144
v -0.026334 -0.003694 -0.013072
v -0.026180 -0.003959 -0.013108
v -0.026293 -0.003847 -0.013082
v -0.025986 -0.004000 -0.014366
v -0.026289 -0.003694 -0.014453
v -0.026137 -0.003959 -0.014409
v -0.026249 -0.003847 -0.014441
v -0.025434 -0.004000 -0.015321
v -0.025661 -0.003694 -0.015541
v -0.025548 -0.003959 -0.015431
v -0.025631 -0.003847 -0.015511
v -0.024396 -0.004000 -0.015967
v -0.024488 -0.003694 -0.016270
v -0.024442 -0.003959 -0.016118
v -0.024476 -0.003847 -0.016229
v -0.020486 -0.003694 -0.016627
v -0.020548 -0.004000 -0.016097
v -0.020995 -0.003694 -0.016388
v -0.020545 -0.003844 -0.016493
v -0.020630 -0.003694 -0.016514
v -0.020646 -0.003839 -0.016435
v -0.020692 -0.003955 -0.016242
v -0.020567 -0.003955 -0.016300
v -0.020665 -0.003921 -0.016346
v -0.020816 -0.003694 -0.016427
v -0.020855 -0.003844 -0.016348
v -0.020746 -0.003839 -0.016388
v -0.018451 -0.004000 -0.018451
v -0.018668 -0.003694 -0.018668
v -0.018559 -0.003959 -0.018559
v -0.018639 -0.003847 -0.018639
v -0.016388 -0.003694 -0.020995
v -0.016097 -0.004000 -0.020548
v -0.016627 -0.003694 -0.020486
v -0.016348 -0.003844 -0.020855
v -0.016427 -0.003694 -0.020816
v -0.016388 -0.003839 -0.020746
v -0.016300 -0.003955 -0.020567
v -0.016242 -0.003955 -0.020692
v -0.016346 -0.003921 -0.020665
v -0.016514 -0.003694 -0.020630
v -0.016493 -0.003844 -0.020545
v -0.016435 -0.003839 -0.020646
v -0.015972 -0.004000 -0.024240
v -0.016270 -0.003694 -0.024488
v -0.016121 -0.003959 -0.024364
v -0.016230 -0.003847 -0.024455
v -0.015134 -0.004000 -0.025583
v -0.015541 -0.003694 -0.025661
v -0.015337 -0.003959 -0.025622
v -0.015486 -0.003847 -0.025650
v -0.014112 -0.004000 -0.026164
v -0.014453 -0.003694 -0.026289
v -0.014283 -0.003959 -0.026227
v -0.014407 -0.003847 -0.026272
v -0.013072 -0.003694 -0.026334
v -0.013433 -0.004000 -0.026179
v -0.013121 -0.003847 -0.026313
v -0.013253 -0.003959 -0.026257
v -0.009989 -0.003694 -0.024690
v -0.009428 -0.003694 -0.024642
v -0.009747 -0.004000 -0.024214
v -0.009814 -0.003694 -0.024634
v -0.009887 -0.003844 -0.024585
v -0.009772 -0.003839 -0.024565
v -0.009546 -0.003844 -0.024556
v -0.009609 -0.003694 -0.024616
v -0.009662 -0.003839 -0.024556
v -0.009799 -0.003955 -0.024412
v -0.009662 -0.003955 -0.024400
v -0.009723 -0.003921 -0.024488
v -0.006753 -0.004000 -0.025204
v -0.006833 -0.003694 -0.025500
v -0.006793 -0.003959 -0.025352
v -0.006822 -0.003847 -0.025461
v -0.003695 -0.003694 -0.026377
v -0.003666 -0.004000 -0.025844
v -0.004156 -0.003694 -0.026055
v -0.003730 -0.003844 -0.026235
v -0.003818 -0.003694 -0.026241
v -0.003819 -0.003839 -0.026160
v -0.003833 -0.003955 -0.025962
v -0.003720 -0.003955 -0.026041
v -0.003824 -0.003921 -0.026069
v -0.003986 -0.003694 -0.026123
v -0.004011 -0.003844 -0.026039
v -0.003910 -0.003839 -0.026097
v -0.001630 -0.004000 -0.029111
v -0.001846 -0.003694 -0.029342
v -0.001738 -0.003959 -0.029226
v -0.001817 -0.003847 -0.029311
v -0.000628 -0.003694 -0.029993
v -0.000249 -0.004000 -0.029849
v -0.000578 -0.003847 -0.029974
v -0.000439 -0.003959 -0.029921
v 0.000628 -0.003694 -0.029993
v 0.000104 -0.004000 -0.029855
v 0.000558 -0.003847 -0.029975
v 0.000366 -0.003959 -0.029924
v 0.001846 -0.003694 -0.029342
v 0.001694 -0.004000 -0.029008
v 0.001826 -0.003847 -0.029297
v 0.001770 -0.003959 -0.029175
v 0.003695 -0.003694 -0.026377
v 0.004156 -0.003694 -0.026055
v 0.003666 -0.004000 -0.025844
v 0.003818 -0.003694 -0.026241
v 0.003730 -0.003844 -0.026235
v 0.003819 -0.003839 -0.026160
v 0.004011 -0.003844 -0.026039
v 0.003986 -0.003694 -0.026123
v 0.003910 -0.003839 -0.026097
v 0.003720 -0.003955 -0.026041
v 0.003833 -0.003955 -0.025962
v 0.003824 -0.003921 -0.026069
v 0.006833 -0.003694 -0.025500
v 0.006753 -0.004000 -0.025204
v 0.006822 -0.003847 -0.025461
v 0.006793 -0.003959 -0.025352
v 0.009989 -0.003694 -0.024690
v 0.009747 -0.004000 -0.024214
v 0.009428 -0.003694 -0.024642
v 0.009887 -0.003844 -0.024585
v 0.009814 -0.003694 -0.024634
v 0.009772 -0.003839 -0.024565
v 0.009662 -0.003955 -0.024400
v 0.009799 -0.003955 -0.024412
v 0.009723 -0.003921 -0.024488
v 0.009609 -0.003694 -0.024616
v 0.009546 -0.003844 -0.024556
v 0.009662 -0.003839 -0.024556
v 0.013072 -0.003694 -0.026334
v 0.013433 -0.004000 -0.026179
v 0.013121 -0.003847 -0.026313
v 0.013253 -0.003959 -0.026257
v 0.014453 -0.003694 -0.026289
v 0.014112 -0.004000 -0.026164
v 0.014407 -0.003847 -0.026272
v 0.014283 -0.003959 -0.026227
v 0.015541 -0.003694 -0.025661
v 0.015134 -0.004000 -0.025583
v 0.015486 -0.003847 -0.025650
v 0.015337 -0.003959 -0.025622
v 0.016270 -0.003694 -0.024488
v 0.015972 -0.004000 -0.024240
v 0.016230 -0.003847 -0.024455
v 0.016121 -0.003959 -0.024364
v 0.016388 -0.003694 -0.020995
v 0.016627 -0.003694 -0.020486
v 0.016097 -0.004000 -0.020548
v 0.016427 -0.003694 -0.020816
v 0.016348 -0.003844 -0.020855
v 0.016388 -0.003839 -0.020746
v 0.016493 -0.003844 -0.020545
v 0.016514 -0.003694 -0.020630
v 0.016435 -0.003839 -0.020646
v 0.016242 -0.003955 -0.020692
v 0.016300 -0.003955 -0.020567
v 0.016346 -0.003921 -0.020665
v 0.018668 -0.003694 -0.018668
v 0.018451 -0.004000 -0.018451
v 0.018639 -0.003847 -0.018639
v 0.018559 -0.003959 -0.018559
v 0.020486 -0.003694 -0.016627
v 0.020995 -0.003694 -0.016388
v 0.020548 -0.004000 -0.016097
v 0.020630 -0.003694 -0.016514
v 0.020545 -0.003844 -0.016493
v 0.020646 -0.003839 -0.016435
v 0.020855 -0.003844 -0.016348
v 0.020816 -0.003694 -0.016427
v 0.020746 -0.003839 -0.016388
v 0.020567 -0.003955 -0.016300
v 0.020692 -0.003955 -0.016242
v 0.020665 -0.003921 -0.016346
v 0.024488 -0.003694 -0.016270
v 0.024396 -0.004000 -0.015967
v 0.024476 -0.003847 -0.016229
v 0.024442 -0.003959 -0.016118
v 0.025661 -0.003694 -0.015541
v 0.025434 -0.004000 -0.015321
v 0.025631 -0.003847 -0.015511
v 0.025548 -0.003959 -0.015431
v 0.026289 -0.003694 -0.014453
v 0.025986 -0.004000 -0.014366
v 0.026249 -0.003847 -0.014441
v 0.026137 -0.003959 -0.014409
v 0.026334 -0.003694 -0.013072
v 0.026025 -0.004000 -0.013144
v 0.026293 -0.003847 -0.013082
v 0.026180 -0.003959 -0.013108
v 0.024690 -0.003694 -0.009989
v 0.024642 -0.003694 -0.009428
v 0.024214 -0.004000 -0.009747
v 0.024634 -0.003694 -0.009814
v 0.024585 -0.003844 -0.009887
v 0.024565 -0.003839 -0.009772
v 0.024556 -0.003844 -0.009546
v 0.024616 -0.003694 -0.009609
v 0.024556 -0.003839 -0.009662
v 0.024412 -0.003955 -0.009799
v 0.024400 -0.003955 -0.009662
v 0.024488 -0.003921 -0.009723
v 0.025500 -0.003694 -0.006833
v 0.025204 -0.004000 -0.006753
v 0.025461 -0.003847 -0.006822
v 0.025352 -0.003959 -0.006793
v 0.026055 -0.003694 -0.004156
v 0.026377 -0.003694 -0.003695
v 0.025844 -0.004000 -0.003666
v 0.026123 -0.003694 -0.003986
v 0.026039 -0.003844 -0.004011
v 0.026097 -0.003839 -0.003910
v 0.026235 -0.003844 -0.003730
v 0.026241 -0.003694 -0.003818
v 0.026160 -0.003839 -0.003819
v 0.025962 -0.003955 -0.003833
v 0.026041 -0.003955 -0.003720
v 0.026069 -0.003921 -0.003824
v 0.029342 -0.003694 -0.001846
v 0.029111 -0.004000 -0.001630
v 0.029311 -0.003847 -0.001817
v 0.029226 -0.003959 -0.001738
v 0.029993 -0.003694 -0.000628
v 0.029687 -0.004000 -0.000552
v 0.029952 -0.003847 -0.000618
v 0.029840 -0.003959 -0.000590
v 0.029993 -0.003694 0.000628
v 0.029687 -0.004000 0.000552
v 0.029952 -0.003847 0.000618
v 0.029840 -0.003959 0.000590
v 0.029342 -0.003694 0.001846
v 0.029111 -0.004000 0.001630
v 0.029311 -0.003847 0.001817
v 0.029226 -0.003959 0.001738
v 0.026377 -0.003694 0.003695
v 0.026055 -0.003694 0.004156
v 0.025844 -0.004000 0.003666
v 0.026241 -0.003694 0.003818
v 0.026235 -0.003844 0.003730
v 0.026160 -0.003839 0.003819
v 0.026039 -0.003844 0.004011
v 0.026123 -0.003694 0.003986
v 0.026097 -0.003839 0.003910
v 0.026041 -0.003955 0.003720
v 0.025962 -0.003955 0.003833
v 0.026069 -0.003921 0.003824
v 0.025500 -0.003694 0.006833
v 0.025204 -0.004000 0.006753
v 0.025461 -0.003847 0.006822
v 0.025352 -0.003959 0.006793
v -0.004146 0.003694 -0.005123
v -0.004643 0.004000 -0.005095
v -0.004213 0.003847 -0.005120
v -0.004395 0.003959 -0.005109
v -0.004018 0.003694 -0.005236
v -0.004205 0.004000 -0.005480
v -0.004043 0.003847 -0.005269
v -0.004111 0.003959 -0.005358
v -0.001708 0.003694 -0.006375
v -0.001788 0.004000 -0.006671
v -0.001719 0.003847 -0.006415
v -0.001748 0.003959 -0.006523
v -0.002526 0.003694 -0.006098
v -0.002643 0.004000 -0.006381
v -0.002541 0.003847 -0.006136
v -0.002584 0.003959 -0.006239
v -0.003300 0.003694 -0.005716
v -0.003453 0.004000 -0.005981
v -0.003321 0.003847 -0.005751
v -0.003377 0.003959 -0.005849
v 0.000861 0.003694 -0.006544
v 0.000902 0.004000 -0.006848
v 0.000867 0.003847 -0.006584
v 0.000881 0.003959 -0.006696
v 0.000000 0.003694 -0.006600
v 0.000000 0.004000 -0.006907
v 0.000000 0.003847 -0.006641
v 0.000000 0.003959 -0.006753
v 0.003453 0.004000 -0.005981
v 0.003300 0.003694 -0.005716
v 0.003377 0.003959 -0.005849
v 0.003321 0.003847 -0.005751
v 0.003525 0.003694 -0.005566
v 0.004032 0.004000 -0.005595
v 0.003593 0.003847 -0.005570
v 0.003778 0.003959 -0.005580
v 0.002526 0.003694 -0.006098
v 0.002643 0.004000 -0.006381
v 0.002541 0.003847 -0.006136
v 0.002584 0.003959 -0.006239
v 0.001708 0.003694 -0.006375
v 0.001788 0.004000 -0.006671
v 0.001719 0.003847 -0.006415
v 0.001748 0.003959 -0.006523
v -0.000861 0.003694 -0.006544
v -0.000902 0.004000 -0.006848
v -0.000867 0.003847 -0.006584
v -0.000881 0.003959 -0.006696
v -0.005344 0.003694 -0.003857
v -0.005712 0.004000 -0.003857
v -0.005393 0.003847 -0.003857
v -0.005528 0.003959 -0.003857
v -0.005480 0.004000 -0.004205
v -0.005236 0.003694 -0.004018
v -0.005358 0.003959 -0.004111
v -0.005269 0.003847 -0.004043
v -0.004667 0.003694 -0.004667
v -0.004884 0.004000 -0.004884
v -0.004696 0.003847 -0.004696
v -0.004775 0.003959 -0.004775
v 0.004018 0.003694 -0.005236
v 0.004205 0.004000 -0.005480
v 0.004043 0.003847 -0.005269
v 0.004111 0.003959 -0.005358
v 0.005344 0.003694 -0.003857
v 0.005712 0.004000 -0.003857
v 0.005393 0.003847 -0.003857
v 0.005528 0.003959 -0.003857
v 0.005236 0.003694 -0.004018
v 0.005480 0.004000 -0.004205
v 0.005269 0.003847 -0.004043
v 0.005358 0.003959 -0.004111
v 0.004667 0.003694 -0.004667
v 0.004884 0.004000 -0.004884
v 0.004696 0.003847 -0.004696
v 0.004775 0.003959 -0.004775
v -0.006016 0.003694 -0.002692
v -0.006363 0.004000 -0.002679
v -0.006062 0.003847 -0.002690
v -0.006190 0.003959 -0.002685
v -0.005716 0.003694 -0.003300
v -0.005981 0.004000 -0.003453
v -0.005751 0.003847 -0.003321
v -0.005849 0.003959 -0.003377
v 0.005716 0.003694 -0.003300
v 0.005981 0.004000 -0.003453
v 0.005751 0.003847 -0.003321
v 0.005849 0.003959 -0.003377
v 0.005804 0.003694 -0.003120
v 0.006140 0.004000 -0.003132
v 0.005849 0.003847 -0.003122
v 0.005972 0.003959 -0.003126
v -0.006098 0.003694 -0.002526
v -0.006381 0.004000 -0.002643
v -0.006136 0.003847 -0.002541
v -0.006239 0.003959 -0.002584
v -0.006328 0.003694 -0.001846
v -0.006652 0.004000 -0.001846
v -0.006372 0.003847 -0.001846
v -0.006490 0.003959 -0.001846
v 0.006328 0.003694 -0.001846
v 0.006652 0.004000 -0.001846
v 0.006372 0.003847 -0.001846
v 0.006490 0.003959 -0.001846
v 0.006098 0.003694 -0.002526
v 0.006381 0.004000 -0.002643
v 0.006136 0.003847 -0.002541
v 0.006239 0.003959 -0.002584
v -0.006494 0.003694 -0.001111
v -0.006807 0.004000 -0.001104
v -0.006536 0.003847 -0.001110
v -0.006651 0.003959 -0.001107
v -0.006375 0.003694 -0.001708
v -0.006671 0.004000 -0.001788
v -0.006415 0.003847 -0.001719
v -0.006523 0.003959 -0.001748
v 0.006375 0.003694 -0.001708
v 0.006671 0.004000 -0.001788
v 0.006415 0.003847 -0.001719
v 0.006523 0.003959 -0.001748
v 0.006441 0.003694 -0.001376
v 0.006752 0.004000 -0.001382
v 0.006483 0.003847 -0.001377
v 0.006597 0.003959 -0.001379
v -0.006544 0.003694 -0.000861
v -0.006848 0.004000 -0.000902
v -0.006584 0.003847 -0.000867
v -0.006696 0.003959 -0.000881
v -0.006559 0.003694 -0.000628
v -0.006866 0.004000 -0.000628
v -0.006600 0.003847 -0.000628
v -0.006712 0.003959 -0.000628
v 0.006559 0.003694 -0.000628
v 0.006866 0.004000 -0.000628
v 0.006600 0.003847 -0.000628
v 0.006712 0.003959 -0.000628
v 0.006544 0.003694 -0.000861
v 0.006848 0.004000 -0.000902
v 0.006584 0.003847 -0.000867
v 0.006696 0.003959 -0.000881
v -0.006600 0.003694 0.000000
v -0.006907 0.004000 -0.000000
v -0.006641 0.003847 -0.000000
v -0.006753 0.003959 -0.000000
v 0.006591 0.003694 -0.000138
v 0.006897 0.004000 -0.000144
v 0.006632 0.003847 -0.000139
v 0.006744 0.003959 -0.000141
v -0.006591 0.003694 0.000138
v -0.006897 0.004000 0.000144
v -0.006632 0.003847 0.000139
v -0.006744 0.003959 0.000141
v -0.006559 0.003694 0.000628
v -0.006866 0.004000 0.000628
v -0.006600 0.003847 0.000628
v -0.006712 0.003959 0.000628
v 0.006600 0.003694 0.000000
v 0.006907 0.004000 0.000000
v 0.006641 0.003847 0.000000
v 0.006753 0.003959 0.000000
v 0.006559 0.003694 0.000628
v 0.006866 0.004000 0.000628
v 0.006600 0.003847 0.000628
v 0.006712 0.003959 0.000628
v -0.006544 0.003694 0.000861
v -0.006848 0.004000 0.000902
v -0.006584 0.003847 0.000867
v -0.006696 0.003959 0.000881
v 0.006544 0.003694 0.000861
v 0.006848 0.004000 0.000902
v 0.006584 0.003847 0.000867
v 0.006696 0.003959 0.000881
v 0.006494 0.003694 0.001111
v 0.006807 0.004000 0.001104
v 0.006536 0.003847 0.001110
v 0.006651 0.003959 0.001107
v -0.006441 0.003694 0.001376
v -0.006752 0.004000 0.001382
v -0.006483 0.003847 0.001377
v -0.006597 0.003959 0.001379
v -0.006328 0.003694 0.001846
v -0.006652 0.004000 0.001846
v -0.006372 0.003847 0.001846
v -0.006490 0.003959 0.001846
v -0.006671 0.004000 0.001788
v -0.006375 0.003694 0.001708
v -0.006523 0.003959 0.001748
v -0.006415 0.003847 0.001719
v 0.006328 0.003694 0.001846
v 0.006652 0.004000 0.001846
v 0.006372 0.003847 0.001846
v 0.006490 0.003959 0.001846
v 0.006375 0.003694 0.001708
v 0.006671 0.004000 0.001788
v 0.006415 0.003847 0.001719
v 0.006523 0.003959 0.001748
v -0.006098 0.003694 0.002526
v -0.006381 0.004000 0.002643
v -0.006136 0.003847 0.002541
v -0.006239 0.003959 0.002584
v 0.006098 0.003694 0.002526
v 0.006381 0.004000 0.002643
v 0.006136 0.003847 0.002541
v 0.006239 0.003959 0.002584
v 0.006016 0.003694 0.002692
v 0.006363 0.004000 0.002679
v 0.006062 0.003847 0.002690
v 0.006190 0.003959 0.002685
v -0.005804 0.003694 0.003120
v -0.006140 0.004000 0.003132
v -0.005849 0.003847 0.003122
v -0.005972 0.003959 0.003126
v -0.005344 0.003694 0.003857
v -0.005712 0.004000 0.003857
v -0.005393 0.003847 0.003857
v -0.005528 0.003959 0.003857
v -0.005981 0.004000 0.003453
v -0.005716 0.003694 0.003300
v -0.005849 0.003959 0.003377
v -0.005751 0.003847 0.003321
v 0.005344 0.003694 0.003857
v 0.005712 0.004000 0.003857
v 0.005393 0.003847 0.003857
v 0.005528 0.003959 0.003857
v 0.005716 0.003694 0.003300
v 0.005981 0.004000 0.003453
v 0.005751 0.003847 0.003321
v 0.005849 0.003959 0.003377
v -0.005236 0.003694 0.004018
v -0.005480 0.004000 0.004205
v -0.005269 0.003847 0.004043
v -0.005358 0.003959 0.004111
v -0.004667 0.003694 0.004667
v -0.004884 0.004000 0.004884
v -0.004696 0.003847 0.004696
v -0.004775 0.003959 0.004775
v -0.004018 0.003694 0.005236
v -0.004205 0.004000 0.005480
v -0.004043 0.003847 0.005269
v -0.004111 0.003959 0.005358
v 0.005480 0.004000 0.004205
v 0.005236 0.003694 0.004018
v 0.005358 0.003959 0.004111
v 0.005269 0.003847 0.004043
v 0.004667 0.003694 0.004667
v 0.004884 0.004000 0.004884
v 0.004696 0.003847 0.004696
v 0.004775 0.003959 0.004775
v 0.004146 0.003694 0.005123
v 0.004643 0.004000 0.005095
v 0.004213 0.003847 0.005120
v 0.004395 0.003959 0.005109
v -0.003525 0.003694 0.005566
v -0.004032 0.004000 0.005595
v -0.003593 0.003847 0.005570
v -0.003778 0.003959 0.005580
v -0.003453 0.004000 0.005981
v -0.003300 0.003694 0.005716
v -0.003377 0.003959 0.005849
v -0.003321 0.003847 0.005751
v -0.002526 0.003694 0.006098
v -0.002643 0.004000 0.006381
v -0.002541 0.003847 0.006136
v -0.002584 0.003959 0.006239
v 0.000000 0.003694 0.006600
v -0.000000 0.004000 0.006907
v -0.000000 0.003847 0.006641
v -0.000000 0.003959 0.006753
v -0.000861 0.003694 0.006544
v -0.000902 0.004000 0.006848
v -0.000867 0.003847 0.006584
v -0.000881 0.003959 0.006696
v -0.001708 0.003694 0.006375
v -0.001788 0.004000 0.006671
v -0.001719 0.003847 0.006415
v -0.001748 0.003959 0.006523
v 0.002526 0.003694 0.006098
v 0.002643 0.004000 0.006381
v 0.002541 0.003847 0.006136
v 0.002584 0.003959 0.006239
v 0.001708 0.003694 0.006375
v 0.001788 0.004000 0.006671
v 0.001719 0.003847 0.006415
v 0.001748 0.003959 0.006523
v 0.003300 0.003694 0.005716
v 0.003453 0.004000 0.005981
v 0.003321 0.003847 0.005751
v 0.003377 0.003959 0.005849
v 0.004018 0.003694 0.005236
v 0.004205 0.004000 0.005480
v 0.004043 0.003847 0.005269
v 0.004111 0.003959 0.005358
v 0.000861 0.003694 0.006544
v 0.000902 0.004000 0.006848
v 0.000867 0.003847 0.006584
v 0.000881 0.003959 0.006696
v -0.004146 -0.003694 -0.005123
v -0.004643 -0.004000 -0.005095
v -0.004213 -0.003847 -0.005120
v -0.004395 -0.003959 -0.005109
v -0.004018 -0.003694 -0.005236
v -0.004205 -0.004000 -0.005480
v -0.004043 -0.003847 -0.005269
v -0.004111 -0.003959 -0.005358
v -0.003300 -0.003694 -0.005716
v -0.003453 -0.004000 -0.005981
v -0.003321 -0.003847 -0.005751
v -0.003377 -0.003959 -0.005849
v -0.002526 -0.003694 -0.006098
v -0.002643 -0.004000 -0.006381
v -0.002541 -0.003847 -0.006136
v -0.002584 -0.003959 -0.006239
v -0.001708 -0.003694 -0.006375
v -0.001788 -0.004000 -0.006671
v -0.001719 -0.003847 -0.006415
v -0.001748 -0.003959 -0.006523
v -0.000861 -0.003694 -0.006544
v -0.000902 -0.004000 -0.006848
v -0.000867 -0.003847 -0.006584
v -0.000881 -0.003959 -0.006696
v 0.000000 -0.003694 -0.006600
v -0.000000 -0.004000 -0.006907
v -0.000000 -0.003847 -0.006641
v -0.000000 -0.003959 -0.006753
v 0.000861 -0.003694 -0.006544
v 0.000902 -0.004000 -0.006848
v 0.000867 -0.003847 -0.006584
v 0.000881 -0.003959 -0.006696
v 0.002526 -0.003694 -0.006098
v 0.002643 -0.004000 -0.006381
v 0.002541 -0.003847 -0.006136
v 0.002584 -0.003959 -0.006239
v 0.003525 -0.003694 -0.005566
v 0.004032 -0.004000 -0.005595
v 0.003593 -0.003847 -0.005570
v 0.003778 -0.003959 -0.005580
v 0.003300 -0.003694 -0.005716
v 0.003453 -0.004000 -0.005981
v 0.003321 -0.003847 -0.005751
v 0.003377 -0.003959 -0.005849
v 0.001708 -0.003694 -0.006375
v 0.001788 -0.004000 -0.006671
v 0.001719 -0.003847 -0.006415
v 0.001748 -0.003959 -0.006523
v -0.005236 -0.003694 -0.004018
v -0.005480 -0.004000 -0.004205
v -0.005269 -0.003847 -0.004043
v -0.005358 -0.003959 -0.004111
v -0.005344 -0.003694 -0.003857
v -0.005712 -0.004000 -0.003857
v -0.005393 -0.003847 -0.003857
v -0.005528 -0.003959 -0.003857
v -0.004667 -0.003694 -0.004667
v -0.004884 -0.004000 -0.004884
v -0.004696 -0.003847 -0.004696
v -0.004775 -0.003959 -0.004775
v 0.004884 -0.004000 -0.004884
v 0.004667 -0.003694 -0.004667
v 0.004775 -0.003959 -0.004775
v 0.004696 -0.003847 -0.004696
v 0.005344 -0.003694 -0.003857
v 0.005712 -0.004000 -0.003857
v 0.005393 -0.003847 -0.003857
v 0.005528 -0.003959 -0.003857
v 0.005236 -0.003694 -0.004018
v 0.005480 -0.004000 -0.004205
v 0.005269 -0.003847 -0.004043
v 0.005358 -0.003959 -0.004111
v 0.004018 -0.003694 -0.005236
v 0.004205 -0.004000 -0.005480
v 0.004043 -0.003847 -0.005269
v 0.004111 -0.003959 -0.005358
v -0.005716 -0.003694 -0.003300
v -0.005981 -0.004000 -0.003453
v -0.005751 -0.003847 -0.003321
v -0.005849 -0.003959 -0.003377
v -0.006016 -0.003694 -0.002692
v -0.006363 -0.004000 -0.002679
v -0.006062 -0.003847 -0.002690
v -0.006190 -0.003959 -0.002685
v 0.005804 -0.003694 -0.003120
v 0.006140 -0.004000 -0.003132
v 0.005849 -0.003847 -0.003122
v 0.005972 -0.003959 -0.003126
v 0.005981 -0.004000 -0.003453
v 0.005716 -0.003694 -0.003300
v 0.005849 -0.003959 -0.003377
v 0.005751 -0.003847 -0.003321
v -0.006328 -0.003694 -0.001846
v -0.006652 -0.004000 -0.001846
v -0.006372 -0.003847 -0.001846
v -0.006490 -0.003959 -0.001846
v -0.006098 -0.003694 -0.002526
v -0.006381 -0.004000 -0.002643
v -0.006136 -0.003847 -0.002541
v -0.006239 -0.003959 -0.002584
v 0.006381 -0.004000 -0.002643
v 0.006098 -0.003694 -0.002526
v 0.006239 -0.003959 -0.002584
v 0.006136 -0.003847 -0.002541
v 0.006328 -0.003694 -0.001846
v 0.006652 -0.004000 -0.001846
v 0.006372 -0.003847 -0.001846
v 0.006490 -0.003959 -0.001846
v -0.006375 -0.003694 -0.001708
v -0.006671 -0.004000 -0.001788
v -0.006415 -0.003847 -0.001719
v -0.006523 -0.003959 -0.001748
v -0.006494 -0.003694 -0.001111
v -0.006807 -0.004000 -0.001104
v -0.006536 -0.003847 -0.001110
v -0.006651 -0.003959 -0.001107
v 0.006441 -0.003694 -0.001376
v 0.006752 -0.004000 -0.001382
v 0.006483 -0.003847 -0.001377
v 0.006597 -0.003959 -0.001379
v 0.006671 -0.004000 -0.001788
v 0.006375 -0.003694 -0.001708
v 0.006523 -0.003959 -0.001748
v 0.006415 -0.003847 -0.001719
v -0.006559 -0.003694 -0.000628
v -0.006866 -0.004000 -0.000628
v -0.006600 -0.003847 -0.000628
v -0.006712 -0.003959 -0.000628
v -0.006544 -0.003694 -0.000861
v -0.006848 -0.004000 -0.000902
v -0.006584 -0.003847 -0.000867
v -0.006696 -0.003959 -0.000881
v 0.006848 -0.004000 -0.000902
v 0.006544 -0.003694 -0.000861
v 0.006696 -0.003959 -0.000881
v 0.006584 -0.003847 -0.000867
v 0.006559 -0.003694 -0.000628
v 0.006866 -0.004000 -0.000628
v 0.006600 -0.003847 -0.000628
v 0.006712 -0.003959 -0.000628
v -0.006600 -0.003694 0.000000
v -0.006907 -0.004000 -0.000000
v -0.006641 -0.003847 -0.000000
v -0.006753 -0.003959 -0.000000
v 0.006591 -0.003694 -0.000138
v 0.006897 -0.004000 -0.000144
v 0.006632 -0.003847 -0.000139
v 0.006744 -0.003959 -0.000141
v -0.006591 -0.003694 0.000138
v -0.006897 -0.004000 0.000144
v -0.006632 -0.003847 0.000139
v -0.006744 -0.003959 0.000141
v -0.006559 -0.003694 0.000628
v -0.006866 -0.004000 0.000628
v -0.006600 -0.003847 0.000628
v -0.006712 -0.003959 0.000628
v 0.006600 -0.003694 0.000000
v 0.006907 -0.004000 0.000000
v 0.006641 -0.003847 0.000000
v 0.006753 -0.003959 0.000000
v 0.006559 -0.003694 0.000628
v 0.006866 -0.004000 0.000628
v 0.006600 -0.003847 0.000628
v 0.006712 -0.003959 0.000628
v -0.006544 -0.003694 0.000861
v -0.006848 -0.004000 0.000902
v -0.006584 -0.003847 0.000867
v -0.006696 -0.003959 0.000881
v 0.006848 -0.004000 0.000902
v 0.006544 -0.003694 0.000861
v 0.006696 -0.003959 0.000881
v 0.006584 -0.003847 0.000867
v 0.006494 -0.003694 0.001111
v 0.006807 -0.004000 0.001104
v 0.006536 -0.003847 0.001110
v 0.006651 -0.003959 0.001107
v -0.006441 -0.003694 0.001376
v -0.006752 -0.004000 0.001382
v -0.006483 -0.003847 0.001377
v -0.006597 -0.003959 0.001379
v -0.006671 -0.004000 0.001788
v -0.006375 -0.003694 0.001708
v -0.006523 -0.003959 0.001748
v -0.006415 -0.003847 0.001719
v -0.006328 -0.003694 0.001846
v -0.006652 -0.004000 0.001846
v -0.006372 -0.003847 0.001846
v -0.006490 -0.003959 0.001846
v 0.006328 -0.003694 0.001846
v 0.006652 -0.004000 0.001846
v 0.006372 -0.003847 0.001846
v 0.006490 -0.003959 0.001846
v 0.006671 -0.004000 0.001788
v 0.006375 -0.003694 0.001708
v 0.006523 -0.003959 0.001748
v 0.006415 -0.003847 0.001719
v -0.006098 -0.003694 0.002526
v -0.006381 -0.004000 0.002643
v -0.006136 -0.003847 0.002541
v -0.006239 -0.003959 0.002584
v 0.006381 -0.004000 0.002643
v 0.006098 -0.003694 0.002526
v 0.006239 -0.003959 0.002584
v 0.006136 -0.003847 0.002541
v 0.006016 -0.003694 0.002692
v 0.006363 -0.004000 0.002679
v 0.006062 -0.003847 0.002690
v 0.006190 -0.003959 0.002685
v -0.005804 -0.003694 0.003120
v -0.006140 -0.004000 0.003132
v -0.005849 -0.003847 0.003122
v -0.005972 -0.003959 0.003126
v -0.005981 -0.004000 0.003453
v -0.005716 -0.003694 0.003300
v -0.005849 -0.003959 0.003377
v -0.005751 -0.003847 0.003321
v -0.005344 -0.003694 0.003857
v -0.005712 -0.004000 0.003857
v -0.005393 -0.003847 0.003857
v -0.005528 -0.003959 0.003857
v 0.005344 -0.003694 0.003857
v 0.005712 -0.004000 0.003857
v 0.005393 -0.003847 0.003857
v 0.005528 -0.003959 0.003857
v 0.005981 -0.004000 0.003453
v 0.005716 -0.003694 0.003300
v 0.005849 -0.003959 0.003377
v 0.005751 -0.003847 0.003321
v -0.004667 -0.003694 0.004667
v -0.004884 -0.004000 0.004884
v -0.004696 -0.003847 0.004696
v -0.004775 -0.003959 0.004775
v -0.005236 -0.003694 0.004018
v -0.005480 -0.004000 0.004205
v -0.005269 -0.003847 0.004043
v -0.005358 -0.003959 0.004111
v 0.005480 -0.004000 0.004205
v 0.005236 -0.003694 0.004018
v 0.005358 -0.003959 0.004111
v 0.005269 -0.003847 0.004043
v 0.004667 -0.003694 0.004667
v 0.004884 -0.004000 0.004884
v 0.004696 -0.003847 0.004696
v 0.004775 -0.003959 0.004775
v 0.004146 -0.003694 0.005123
v 0.004643 -0.004000 0.005095
v 0.004213 -0.003847 0.005120
v 0.004395 -0.003959 0.005109
v -0.003525 -0.003694 0.005566
v -0.004032 -0.004000 0.005595
v -0.003593 -0.003847 0.005570
v -0.003778 -0.003959 0.005580
v -0.004205 -0.004000 0.005480
v -0.004018 -0.003694 0.005236
v -0.004111 -0.003959 0.005358
v -0.004043 -0.003847 0.005269
v -0.002526 -0.003694 0.006098
v -0.002643 -0.004000 0.006381
v -0.002541 -0.003847 0.006136
v -0.002584 -0.003959 0.006239
v -0.003300 -0.003694 0.005716
v -0.003453 -0.004000 0.005981
v -0.003321 -0.003847 0.005751
v -0.003377 -0.003959 0.005849
v -0.001708 -0.003694 0.006375
v -0.001788 -0.004000 0.006671
v -0.001719 -0.003847 0.006415
v -0.001748 -0.003959 0.006523
v -0.000861 -0.003694 0.006544
v -0.000902 -0.004000 0.006848
v -0.000867 -0.003847 0.006584
v -0.000881 -0.003959 0.006696
v 0.000000 -0.003694 0.006600
v 0.000000 -0.004000 0.006907
v 0.000000 -0.003847 0.006641
v 0.000000 -0.003959 0.006753
v 0.000861 -0.003694 0.006544
v 0.000902 -0.004000 0.006848
v 0.000867 -0.003847 0.006584
v 0.000881 -0.003959 0.006696
v 0.001708 -0.003694 0.006375
v 0.001788 -0.004000 0.006671
v 0.001719 -0.003847 0.006415
v 0.001748 -0.003959 0.006523
v 0.003300 -0.003694 0.005716
v 0.003453 -0.004000 0.005981
v 0.003321 -0.003847 0.005751
v 0.003377 -0.003959 0.005849
v 0.004018 -0.003694 0.005236
v 0.004205 -0.004000 0.005480
v 0.004043 -0.003847 0.005269
v 0.004111 -0.003959 0.005358
v 0.002526 -0.003694 0.006098
v 0.002643 -0.004000 0.006381
v 0.002541 -0.003847 0.006136
v 0.002584 -0.003959 0.006239
vn 0.9579 0.1596 0.2386
vn 0.7997 0.5847 0.1360
vn 0.8010 0.5959 -0.0584
vn 0.9771 0.2113 0.0246
vn 0.6349 0.7724 0.0183
vn 0.6308 0.7741 -0.0539
vn 0.2751 0.9611 -0.0235
vn 0.6226 0.7724 -0.1255
vn 0.7651 0.5848 -0.2695
vn 0.7993 0.5959 -0.0782
vn 0.9036 0.1596 -0.3975
vn 0.9588 0.2113 -0.1899
vn 0.1076 0.1596 0.9813
vn 0.1492 0.5848 0.7974
vn 0.3319 0.5959 0.7313
vn 0.3149 0.2113 0.9253
vn 0.2026 0.7724 0.6019
vn 0.2688 0.7741 0.5732
vn 0.1172 0.9611 0.2500
vn 0.3332 0.7724 0.5407
vn 0.5176 0.5847 0.6246
vn 0.3499 0.5959 0.7229
vn 0.6856 0.1596 0.7103
vn 0.5099 0.2113 0.8339
vn 0.7103 0.1596 0.6856
vn 0.6246 0.5847 0.5176
vn 0.7229 0.5959 0.3499
vn 0.8339 0.2113 0.5099
vn 0.5407 0.7724 0.3332
vn 0.5732 0.7741 0.2687
vn 0.2500 0.9611 0.1172
vn 0.6019 0.7724 0.2026
vn 0.7974 0.5848 0.1492
vn 0.7313 0.5959 0.3319
vn 0.9813 0.1596 0.1076
vn 0.9253 0.2113 0.3149
vn 0.2403 0.1616 0.9572
vn 0.0210 0.2242 0.9743
vn -0.0843 0.6290 0.7728
vn 0.1266 0.6039 0.7869
vn -0.1920 0.2189 0.9567
vn -0.1004 0.6075 0.7879
vn -0.3929 0.1815 0.9015
vn -0.2638 0.6193 0.7395
vn -0.1389 0.7967 0.5881
vn -0.0867 0.7979 0.5965
vn -0.0436 0.9672 0.2503
vn -0.0063 0.7985 0.6020
vn 0.2723 0.1596 0.9489
vn 0.2821 0.5847 0.7606
vn 0.4511 0.5959 0.6644
vn 0.4672 0.2113 0.8585
vn 0.3016 0.7724 0.5589
vn 0.3620 0.7741 0.5194
vn 0.1579 0.9611 0.2265
vn 0.4200 0.7724 0.4765
vn 0.6159 0.5848 0.5279
vn 0.4674 0.5959 0.6531
vn 0.7960 0.1596 0.5838
vn 0.6439 0.2113 0.7354
vn -0.2723 0.1596 0.9489
vn -0.4672 0.2113 0.8585
vn -0.4511 0.5959 0.6644
vn -0.2821 0.5847 0.7606
vn -0.6439 0.2113 0.7354
vn -0.4674 0.5959 0.6531
vn -0.7960 0.1596 0.5838
vn -0.6160 0.5847 0.5279
vn -0.4200 0.7724 0.4765
vn -0.3620 0.7741 0.5194
vn -0.1579 0.9611 0.2265
vn -0.3016 0.7724 0.5589
vn 0.3929 0.1815 0.9015
vn 0.1920 0.2189 0.9567
vn 0.1004 0.6075 0.7879
vn 0.2638 0.6193 0.7395
vn -0.0210 0.2242 0.9743
vn 0.0843 0.6290 0.7728
vn -0.2403 0.1616 0.9572
vn -0.1266 0.6039 0.7869
vn 0.0062 0.7985 0.6020
vn 0.0867 0.7979 0.5965
vn 0.0436 0.9672 0.2502
vn 0.1389 0.7967 0.5881
vn -0.7103 0.1596 0.6856
vn -0.8339 0.2113 0.5099
vn -0.7229 0.5959 0.3499
vn -0.6246 0.5847 0.5176
vn -0.9253 0.2113 0.3149
vn -0.7313 0.5959 0.3319
vn -0.9813 0.1596 0.1076
vn -0.7974 0.5848 0.1492
vn -0.6019 0.7724 0.2026
vn -0.5732 0.7741 0.2687
vn -0.2500 0.9611 0.1172
vn -0.5407 0.7724 0.3332
vn -0.1076 0.1596 0.9813
vn -0.3149 0.2113 0.9253
vn -0.3319 0.5959 0.7313
vn -0.1492 0.5848 0.7974
vn -0.5099 0.2113 0.8339
vn -0.3499 0.5959 0.7229
vn -0.6856 0.1596 0.7103
vn -0.5176 0.5847 0.6246
vn -0.3332 0.7724 0.5407
vn -0.2688 0.7741 0.5732
vn -0.1172 0.9611 0.2500
vn -0.2026 0.7724 0.6019
vn -0.9579 0.1596 0.2386
vn -0.9771 0.2113 0.0246
vn -0.8009 0.5959 -0.0584
vn -0.7997 0.5848 0.1360
vn -0.9588 0.2113 -0.1899
vn -0.7993 0.5959 -0.0782
vn -0.9036 0.1596 -0.3975
vn -0.7651 0.5848 -0.2695
vn -0.6226 0.7724 -0.1255
vn -0.6308 0.7741 -0.0539
vn -0.2751 0.9611 -0.0235
vn -0.6349 0.7724 0.0182
vn -0.5838 0.1596 0.7960
vn -0.7354 0.2113 0.6439
vn -0.6531 0.5959 0.4674
vn -0.5279 0.5848 0.6159
vn -0.8585 0.2113 0.4672
vn -0.6644 0.5959 0.4511
vn -0.9489 0.1596 0.2723
vn -0.7606 0.5847 0.2821
vn -0.5589 0.7724 0.3016
vn -0.5194 0.7741 0.3620
vn -0.2265 0.9611 0.1579
vn -0.4765 0.7724 0.4200
vn -0.9489 0.1596 -0.2723
vn -0.8585 0.2113 -0.4672
vn -0.6644 0.5959 -0.4511
vn -0.7606 0.5847 -0.2821
vn -0.7354 0.2113 -0.6439
vn -0.6531 0.5959 -0.4674
vn -0.5838 0.1596 -0.7960
vn -0.5279 0.5848 -0.6159
vn -0.4765 0.7724 -0.4200
vn -0.5194 0.7741 -0.3620
vn -0.2265 0.9611 -0.1579
vn -0.5589 0.7724 -0.3016
vn -0.9036 0.1596 0.3975
vn -0.9588 0.2113 0.1899
vn -0.7993 0.5959 0.0782
vn -0.7651 0.5848 0.2695
vn -0.9771 0.2113 -0.0246
vn -0.8010 0.5959 0.0584
vn -0.9579 0.1596 -0.2386
vn -0.7997 0.5847 -0.1360
vn -0.6349 0.7724 -0.0183
vn -0.6308 0.7741 0.0539
vn -0.2751 0.9611 0.0235
vn -0.6226 0.7724 0.1255
vn -0.6856 0.1596 -0.7103
vn -0.5099 0.2113 -0.8339
vn -0.3499 0.5959 -0.7229
vn -0.5176 0.5847 -0.6246
vn -0.3149 0.2113 -0.9253
vn -0.3319 0.5959 -0.7313
vn -0.1076 0.1596 -0.9813
vn -0.1492 0.5848 -0.7974
vn -0.2026 0.7724 -0.6019
vn -0.2688 0.7741 -0.5732
vn -0.1172 0.9611 -0.2500
vn -0.3332 0.7724 -0.5407
vn -0.9813 0.1596 -0.1076
vn -0.9253 0.2113 -0.3149
vn -0.7313 0.5959 -0.3319
vn -0.7974 0.5847 -0.1492
vn -0.8339 0.2113 -0.5099
vn -0.7229 0.5959 -0.3499
vn -0.7103 0.1596 -0.6856
vn -0.6246 0.5847 -0.5176
vn -0.5407 0.7724 -0.3332
vn -0.5732 0.7741 -0.2687
vn -0.2500 0.9611 -0.1172
vn -0.6020 0.7723 -0.2026
vn 0.3975 0.1597 -0.9036
vn 0.2694 0.5849 -0.7650
vn 0.0782 0.5959 -0.7993
vn 0.1899 0.2113 -0.9588
vn 0.1254 0.7725 -0.6225
vn 0.0539 0.7741 -0.6308
vn 0.0235 0.9611 -0.2751
vn -0.0182 0.7724 -0.6349
vn -0.1360 0.5848 -0.7997
vn 0.0584 0.5959 -0.8009
vn -0.2386 0.1596 -0.9579
vn -0.0246 0.2113 -0.9771
vn -0.7960 0.1596 -0.5838
vn -0.6439 0.2113 -0.7354
vn -0.4674 0.5959 -0.6531
vn -0.6159 0.5848 -0.5279
vn -0.4672 0.2113 -0.8585
vn -0.4511 0.5959 -0.6644
vn -0.2723 0.1596 -0.9489
vn -0.2821 0.5847 -0.7606
vn -0.3016 0.7724 -0.5589
vn -0.3620 0.7741 -0.5194
vn -0.1579 0.9611 -0.2265
vn -0.4200 0.7724 -0.4765
vn 0.7960 0.1596 -0.5838
vn 0.6160 0.5847 -0.5279
vn 0.4674 0.5959 -0.6531
vn 0.6439 0.2113 -0.7354
vn 0.4200 0.7724 -0.4765
vn 0.3620 0.7741 -0.5194
vn 0.1579 0.9611 -0.2265
vn 0.3016 0.7724 -0.5589
vn 0.2821 0.5847 -0.7606
vn 0.4511 0.5959 -0.6644
vn 0.2723 0.1596 -0.9489
vn 0.4672 0.2113 -0.8585
vn -0.3975 0.1597 -0.9036
vn -0.1899 0.2113 -0.9588
vn -0.0782 0.5959 -0.7993
vn -0.2694 0.5849 -0.7650
vn 0.0246 0.2113 -0.9771
vn -0.0584 0.5959 -0.8010
vn 0.2386 0.1596 -0.9579
vn 0.1360 0.5847 -0.7997
vn 0.0183 0.7724 -0.6349
vn -0.0539 0.7741 -0.6308
vn -0.0235 0.9611 -0.2751
vn -0.1254 0.7726 -0.6224
vn 0.9813 0.1596 -0.1076
vn 0.7974 0.5847 -0.1492
vn 0.7313 0.5959 -0.3319
vn 0.9253 0.2113 -0.3149
vn 0.6020 0.7723 -0.2026
vn 0.5732 0.7741 -0.2687
vn 0.2500 0.9611 -0.1172
vn 0.5407 0.7724 -0.3332
vn 0.6246 0.5847 -0.5176
vn 0.7229 0.5959 -0.3499
vn 0.7103 0.1596 -0.6856
vn 0.8339 0.2113 -0.5099
vn 0.6856 0.1596 -0.7103
vn 0.5176 0.5847 -0.6246
vn 0.3499 0.5959 -0.7229
vn 0.5099 0.2113 -0.8339
vn 0.3332 0.7724 -0.5407
vn 0.2688 0.7741 -0.5732
vn 0.1172 0.9611 -0.2500
vn 0.2026 0.7724 -0.6019
vn 0.1492 0.5848 -0.7974
vn 0.3319 0.5959 -0.7313
vn 0.1076 0.1596 -0.9813
vn 0.3149 0.2113 -0.9253
vn 0.9036 0.1596 0.3975
vn 0.7651 0.5848 0.2695
vn 0.7993 0.5959 0.0782
vn 0.9588 0.2113 0.1899
vn 0.6226 0.7724 0.1255
vn 0.6308 0.7741 0.0539
vn 0.2751 0.9611 0.0235
vn 0.6349 0.7724 -0.0182
vn 0.7997 0.5848 -0.1360
vn 0.8009 0.5959 0.0584
vn 0.9579 0.1596 -0.2386
vn 0.9771 0.2113 -0.0246
vn 0.9489 0.1596 -0.2723
vn 0.7606 0.5847 -0.2821
vn 0.6644 0.5959 -0.4511
vn 0.8585 0.2113 -0.4672
vn 0.5589 0.7724 -0.3016
vn 0.5194 0.7741 -0.3620
vn 0.2265 0.9611 -0.1579
vn 0.4765 0.7724 -0.4200
vn 0.5279 0.5848 -0.6159
vn 0.6531 0.5959 -0.4674
vn 0.5838 0.1596 -0.7960
vn 0.7354 0.2113 -0.6439
vn 0.5838 0.1596 0.7960
vn 0.5279 0.5848 0.6159
vn 0.6531 0.5959 0.4674
vn 0.7354 0.2113 0.6439
vn 0.4765 0.7724 0.4200
vn 0.5194 0.7741 0.3620
vn 0.2265 0.9611 0.1579
vn 0.5589 0.7724 0.3016
vn 0.7606 0.5847 0.2821
vn 0.6644 0.5959 0.4511
vn 0.9489 0.1596 0.2723
vn 0.8585 0.2113 0.4672
vn 0.9579 -0.1596 0.2386
vn 0.9771 -0.2113 0.0246
vn 0.8778 -0.4784 -0.0253
vn 0.9173 -0.3700 0.1475
vn 0.9588 -0.2113 -0.1899
vn 0.7993 -0.5959 -0.0782
vn 0.9036 -0.1596 -0.3975
vn 0.7651 -0.5848 -0.2695
vn 0.6226 -0.7724 -0.1255
vn 0.6543 -0.7562 -0.0075
vn 0.2751 -0.9611 -0.0235
vn 0.5926 -0.7962 -0.1221
vn 0.1076 -0.1596 0.9813
vn 0.3149 -0.2113 0.9253
vn 0.3274 -0.4784 0.8149
vn 0.1120 -0.5312 0.8398
vn 0.5099 -0.2113 0.8339
vn 0.3499 -0.5959 0.7229
vn 0.6856 -0.1596 0.7103
vn 0.5176 -0.5847 0.6246
vn 0.3332 -0.7724 0.5407
vn 0.2333 -0.7562 0.6113
vn 0.1172 -0.9611 0.2500
vn 0.3196 -0.7961 0.5138
vn 0.7103 -0.1596 0.6856
vn 0.8339 -0.2113 0.5099
vn 0.7728 -0.4784 0.4170
vn 0.6231 -0.5312 0.5740
vn 0.9253 -0.2113 0.3149
vn 0.7313 -0.5959 0.3319
vn 0.9813 -0.1596 0.1076
vn 0.7974 -0.5848 0.1492
vn 0.6019 -0.7724 0.2026
vn 0.5703 -0.7562 0.3207
vn 0.2500 -0.9611 0.1172
vn 0.5743 -0.7962 0.1905
vn 0.2403 -0.1616 0.9572
vn 0.1266 -0.6039 0.7869
vn -0.0843 -0.6290 0.7728
vn 0.0210 -0.2242 0.9743
vn -0.0062 -0.7985 0.6020
vn -0.1379 -0.7908 0.5963
vn -0.0436 -0.9672 0.2502
vn -0.0101 -0.8045 0.5938
vn -0.3929 -0.1815 0.9015
vn -0.1920 -0.2189 0.9567
vn -0.1385 -0.5014 0.8541
vn -0.3170 -0.5670 0.7603
vn 0.2723 -0.1596 0.9489
vn 0.4672 -0.2113 0.8585
vn 0.4608 -0.4784 0.7476
vn 0.2526 -0.5312 0.8087
vn 0.6439 -0.2113 0.7354
vn 0.4674 -0.5959 0.6531
vn 0.7960 -0.1596 0.5838
vn 0.6159 -0.5848 0.5279
vn 0.4200 -0.7724 0.4765
vn 0.3336 -0.7562 0.5629
vn 0.1579 -0.9611 0.2265
vn 0.4021 -0.7961 0.4522
vn -0.2723 -0.1596 0.9489
vn -0.2821 -0.5847 0.7606
vn -0.4511 -0.5959 0.6644
vn -0.4672 -0.2113 0.8585
vn -0.3016 -0.7724 0.5589
vn -0.4127 -0.7562 0.5077
vn -0.1579 -0.9611 0.2265
vn -0.2852 -0.7962 0.5337
vn -0.7960 -0.1596 0.5838
vn -0.6439 -0.2113 0.7354
vn -0.5420 -0.4784 0.6909
vn -0.6713 -0.5312 0.5169
vn 0.3929 -0.1815 0.9015
vn 0.2638 -0.6193 0.7395
vn 0.1004 -0.6075 0.7879
vn 0.1920 -0.2189 0.9567
vn 0.1389 -0.7967 0.5881
vn 0.0348 -0.7700 0.6371
vn 0.0436 -0.9672 0.2503
vn 0.1602 -0.8307 0.5332
vn -0.2403 -0.1616 0.9572
vn -0.0210 -0.2242 0.9743
vn 0.0409 -0.4969 0.8668
vn -0.1784 -0.5473 0.8177
vn -0.7103 -0.1596 0.6856
vn -0.7206 -0.3700 0.5864
vn -0.7964 -0.4078 0.4466
vn -0.8339 -0.2113 0.5099
vn -0.5743 -0.7962 0.1906
vn -0.2500 -0.9611 0.1172
vn -0.5138 -0.7961 0.3196
vn -0.9813 -0.1596 0.1076
vn -0.9253 -0.2113 0.3149
vn -0.8527 -0.4078 0.3266
vn -0.9116 -0.3700 0.1790
vn -0.6784 -0.6623 0.3180
vn -0.1076 -0.1596 0.9813
vn -0.1790 -0.3700 0.9116
vn -0.3266 -0.4078 0.8527
vn -0.3149 -0.2113 0.9253
vn -0.3196 -0.7961 0.5138
vn -0.1172 -0.9611 0.2500
vn -0.1905 -0.7962 0.5743
vn -0.6856 -0.1596 0.7103
vn -0.5099 -0.2113 0.8339
vn -0.4466 -0.4078 0.7964
vn -0.5864 -0.3700 0.7206
vn -0.3181 -0.6623 0.6784
vn -0.9579 -0.1596 0.2386
vn -0.9173 -0.3700 0.1475
vn -0.9130 -0.4078 -0.0114
vn -0.9771 -0.2113 0.0246
vn -0.5926 -0.7962 -0.1221
vn -0.2751 -0.9611 -0.0235
vn -0.6048 -0.7961 0.0199
vn -0.9036 -0.1596 -0.3975
vn -0.9588 -0.2113 -0.1899
vn -0.9017 -0.4078 -0.1435
vn -0.8790 -0.3700 -0.3008
vn -0.7465 -0.6623 -0.0637
vn -0.5838 -0.1596 0.7960
vn -0.6108 -0.3700 0.7000
vn -0.7092 -0.4078 0.5752
vn -0.7354 -0.2113 0.6439
vn -0.5337 -0.7961 0.2852
vn -0.2265 -0.9611 0.1579
vn -0.4522 -0.7962 0.4021
vn -0.9489 -0.1596 0.2723
vn -0.8585 -0.2113 0.4672
vn -0.7850 -0.4078 0.4664
vn -0.8681 -0.3699 0.3309
vn -0.6146 -0.6623 0.4284
vn -0.9489 -0.1596 -0.2723
vn -0.8681 -0.3699 -0.3309
vn -0.7850 -0.4078 -0.4664
vn -0.8585 -0.2113 -0.4672
vn -0.4522 -0.7962 -0.4021
vn -0.2265 -0.9611 -0.1579
vn -0.5337 -0.7961 -0.2852
vn -0.5838 -0.1596 -0.7960
vn -0.7354 -0.2113 -0.6439
vn -0.7091 -0.4078 -0.5752
vn -0.6108 -0.3700 -0.7000
vn -0.6146 -0.6623 -0.4285
vn -0.9036 -0.1596 0.3975
vn -0.8790 -0.3700 0.3008
vn -0.9017 -0.4078 0.1435
vn -0.9588 -0.2113 0.1899
vn -0.6048 -0.7961 -0.0199
vn -0.2751 -0.9611 0.0235
vn -0.5926 -0.7962 0.1221
vn -0.9579 -0.1596 -0.2386
vn -0.9771 -0.2113 -0.0246
vn -0.9130 -0.4078 0.0114
vn -0.9173 -0.3700 -0.1475
vn -0.7465 -0.6623 0.0638
vn -0.6856 -0.1596 -0.7103
vn -0.5864 -0.3700 -0.7206
vn -0.4466 -0.4078 -0.7964
vn -0.5099 -0.2113 -0.8339
vn -0.1906 -0.7961 -0.5743
vn -0.1172 -0.9611 -0.2500
vn -0.3196 -0.7961 -0.5138
vn -0.1076 -0.1596 -0.9813
vn -0.3149 -0.2113 -0.9253
vn -0.3265 -0.4078 -0.8527
vn -0.1790 -0.3700 -0.9116
vn -0.3181 -0.6623 -0.6784
vn -0.9813 -0.1596 -0.1076
vn -0.9116 -0.3700 -0.1790
vn -0.8527 -0.4078 -0.3266
vn -0.9253 -0.2113 -0.3149
vn -0.5138 -0.7961 -0.3196
vn -0.2500 -0.9611 -0.1172
vn -0.5743 -0.7962 -0.1905
vn -0.7103 -0.1596 -0.6856
vn -0.8339 -0.2113 -0.5099
vn -0.7964 -0.4078 -0.4466
vn -0.7206 -0.3700 -0.5864
vn -0.6784 -0.6623 -0.3181
vn 0.3975 -0.1597 -0.9036
vn 0.1899 -0.2113 -0.9588
vn 0.1239 -0.4784 -0.8694
vn 0.3008 -0.3700 -0.8790
vn -0.0246 -0.2113 -0.9771
vn 0.0253 -0.4784 -0.8778
vn -0.2386 -0.1596 -0.9579
vn -0.1475 -0.3700 -0.9173
vn 0.1221 -0.7962 -0.5926
vn 0.0235 -0.9611 -0.2751
vn -0.0199 -0.7962 -0.6048
vn 0.0637 -0.6623 -0.7465
vn -0.7960 -0.1596 -0.5838
vn -0.7000 -0.3700 -0.6108
vn -0.5752 -0.4078 -0.7091
vn -0.6439 -0.2113 -0.7354
vn -0.2852 -0.7961 -0.5337
vn -0.1579 -0.9611 -0.2265
vn -0.4021 -0.7961 -0.4522
vn -0.2723 -0.1596 -0.9489
vn -0.4672 -0.2113 -0.8585
vn -0.4664 -0.4078 -0.7850
vn -0.3309 -0.3699 -0.8681
vn -0.4285 -0.6623 -0.6147
vn 0.7960 -0.1596 -0.5838
vn 0.6439 -0.2113 -0.7354
vn 0.5420 -0.4784 -0.6909
vn 0.7000 -0.3700 -0.6108
vn 0.4672 -0.2113 -0.8585
vn 0.4608 -0.4784 -0.7476
vn 0.2723 -0.1596 -0.9489
vn 0.3309 -0.3699 -0.8681
vn 0.4021 -0.7961 -0.4522
vn 0.1579 -0.9611 -0.2265
vn 0.2852 -0.7962 -0.5337
vn 0.4285 -0.6623 -0.6146
vn -0.3975 -0.1597 -0.9036
vn -0.3008 -0.3700 -0.8790
vn -0.1435 -0.4078 -0.9017
vn -0.1899 -0.2113 -0.9588
vn 0.0199 -0.7961 -0.6048
vn -0.0235 -0.9611 -0.2751
vn -0.1221 -0.7961 -0.5926
vn 0.2386 -0.1596 -0.9579
vn 0.0246 -0.2113 -0.9771
vn -0.0114 -0.4078 -0.9130
vn 0.1475 -0.3700 -0.9173
vn -0.0637 -0.6623 -0.7465
vn 0.9813 -0.1596 -0.1076
vn 0.9253 -0.2113 -0.3149
vn 0.8149 -0.4784 -0.3274
vn 0.9116 -0.3700 -0.1790
vn 0.8339 -0.2113 -0.5099
vn 0.7728 -0.4784 -0.4170
vn 0.7103 -0.1596 -0.6856
vn 0.7206 -0.3700 -0.5864
vn 0.5743 -0.7962 -0.1906
vn 0.2500 -0.9611 -0.1172
vn 0.5138 -0.7961 -0.3196
vn 0.6784 -0.6623 -0.3180
vn 0.6856 -0.1596 -0.7103
vn 0.5099 -0.2113 -0.8339
vn 0.4170 -0.4784 -0.7728
vn 0.5864 -0.3700 -0.7206
vn 0.3149 -0.2113 -0.9253
vn 0.3274 -0.4784 -0.8149
vn 0.1076 -0.1596 -0.9813
vn 0.1790 -0.3700 -0.9116
vn 0.3196 -0.7961 -0.5138
vn 0.1172 -0.9611 -0.2500
vn 0.1905 -0.7962 -0.5743
vn 0.3181 -0.6623 -0.6784
vn 0.9036 -0.1596 0.3975
vn 0.9588 -0.2113 0.1899
vn 0.8694 -0.4784 0.1239
vn 0.8790 -0.3700 0.3008
vn 0.9771 -0.2113 -0.0246
vn 0.8778 -0.4784 0.0252
vn 0.9579 -0.1596 -0.2386
vn 0.9173 -0.3700 -0.1475
vn 0.5926 -0.7962 0.1221
vn 0.2751 -0.9611 0.0235
vn 0.6048 -0.7961 -0.0199
vn 0.7465 -0.6623 0.0637
vn 0.9489 -0.1596 -0.2723
vn 0.8585 -0.2113 -0.4672
vn 0.7476 -0.4784 -0.4608
vn 0.8681 -0.3699 -0.3309
vn 0.7354 -0.2113 -0.6439
vn 0.6909 -0.4784 -0.5420
vn 0.5838 -0.1596 -0.7960
vn 0.6108 -0.3700 -0.7000
vn 0.5337 -0.7961 -0.2852
vn 0.2265 -0.9611 -0.1579
vn 0.4522 -0.7962 -0.4021
vn 0.6147 -0.6623 -0.4284
vn 0.5838 -0.1596 0.7960
vn 0.7354 -0.2113 0.6439
vn 0.6909 -0.4784 0.5420
vn 0.6108 -0.3700 0.7000
vn 0.8585 -0.2113 0.4672
vn 0.7476 -0.4784 0.4608
vn 0.9489 -0.1596 0.2723
vn 0.8681 -0.3699 0.3309
vn 0.4522 -0.7962 0.4021
vn 0.2265 -0.9611 0.1579
vn 0.5337 -0.7961 0.2852
vn 0.6146 -0.6623 0.4285
vn -0.1221 0.9659 -0.2282
vn -0.4755 0.7190 -0.5069
vn -0.1035 0.5195 -0.8482
vn -0.2322 0.4184 -0.8781
vn -0.5933 0.4966 -0.6336
vn -0.2611 0.1035 -0.9597
vn -0.6769 0.1357 -0.7234
vn -0.0042 0.8638 -0.5038
vn 0.0778 0.5245 -0.8479
vn 0.2208 0.4633 -0.8583
vn 0.2676 0.1211 -0.9559
vn 0.1025 0.9760 -0.1921
vn 0.4799 0.7452 -0.4631
vn 0.5794 0.5279 -0.6210
vn 0.6705 0.1483 -0.7269
vn -0.2327 0.9618 -0.1443
vn 0.2328 0.9617 -0.1444
vn -0.0135 0.8621 -0.5066
vn -0.1379 0.5066 -0.8511
vn 0.0855 0.5207 -0.8494
vn 0.2175 0.4201 -0.8810
vn -0.2650 0.3935 -0.8803
vn 0.2448 0.1076 -0.9636
vn -0.2902 0.0951 -0.9522
vn 0.1292 0.9619 -0.2411
vn -0.1292 0.9619 -0.2411
vn -0.0855 0.5207 -0.8494
vn -0.2175 0.4201 -0.8810
vn -0.2448 0.1076 -0.9636
vn 0.0135 0.8621 -0.5066
vn 0.1379 0.5066 -0.8511
vn 0.2650 0.3935 -0.8803
vn 0.2902 0.0951 -0.9522
vn -0.1425 0.9578 -0.2495
vn -0.4355 0.7210 -0.5390
vn -0.5952 0.5215 -0.6114
vn -0.6980 0.1436 -0.7016
vn 0.1425 0.9578 -0.2495
vn 0.4355 0.7210 -0.5390
vn 0.5952 0.5215 -0.6114
vn 0.6980 0.1436 -0.7016
vn -0.0548 0.9618 -0.2683
vn -0.1830 0.7071 -0.6830
vn -0.2237 0.5027 -0.8350
vn -0.2564 0.1374 -0.9568
vn 0.0548 0.9618 -0.2683
vn 0.1830 0.7071 -0.6830
vn 0.2237 0.5027 -0.8350
vn 0.2564 0.1374 -0.9568
vn -0.1768 0.9781 -0.1102
vn -0.6437 0.7501 -0.1518
vn -0.8071 0.5366 -0.2464
vn -0.9430 0.1521 -0.2960
vn 0.1768 0.9781 -0.1102
vn 0.6437 0.7501 -0.1518
vn 0.8071 0.5366 -0.2464
vn 0.9430 0.1521 -0.2960
vn -0.0867 0.9618 -0.2597
vn 0.0867 0.9618 -0.2597
vn -0.2739 0.9617 -0.0086
vn 0.2739 0.9617 -0.0086
vn -0.1816 0.9618 -0.2050
vn -0.5000 0.7071 -0.5000
vn -0.6113 0.5027 -0.6113
vn -0.7004 0.1374 -0.7004
vn 0.1816 0.9618 -0.2050
vn 0.5000 0.7071 -0.5000
vn 0.6113 0.5027 -0.6113
vn 0.7004 0.1374 -0.7004
vn -0.2050 0.9618 -0.1816
vn 0.2050 0.9618 -0.1816
vn -0.0086 0.9618 -0.2737
vn -0.2013 0.7190 -0.6652
vn -0.2521 0.4966 -0.8306
vn -0.2881 0.1357 -0.9479
vn 0.0086 0.9618 -0.2737
vn 0.2013 0.7190 -0.6652
vn 0.2521 0.4966 -0.8306
vn 0.2881 0.1357 -0.9479
vn -0.1366 0.9659 -0.2198
vn -0.5002 0.7178 -0.4843
vn -0.6252 0.4928 -0.6052
vn -0.7122 0.1317 -0.6895
vn 0.1366 0.9659 -0.2198
vn 0.5002 0.7178 -0.4843
vn 0.6252 0.4928 -0.6052
vn 0.7122 0.1317 -0.6895
vn -0.2241 0.9659 -0.1294
vn -0.6695 0.7178 -0.1911
vn -0.8367 0.4928 -0.2388
vn -0.9532 0.1317 -0.2720
vn 0.2241 0.9659 -0.1294
vn 0.6695 0.7178 -0.1911
vn 0.8367 0.4928 -0.2388
vn 0.9532 0.1317 -0.2720
vn -0.2587 0.9659 -0.0084
vn -0.6768 0.7190 0.1583
vn -0.8454 0.4966 0.1970
vn -0.9650 0.1357 0.2245
vn 0.2587 0.9659 -0.0084
vn 0.6768 0.7190 0.1583
vn 0.8454 0.4966 0.1970
vn 0.9650 0.1357 0.2245
vn -0.2413 0.9618 0.1294
vn 0.2413 0.9618 0.1294
vn -0.2597 0.9618 -0.0867
vn -0.6830 0.7071 -0.1830
vn -0.8350 0.5027 -0.2237
vn -0.9568 0.1374 -0.2564
vn 0.2597 0.9618 -0.0867
vn 0.6830 0.7071 -0.1830
vn 0.8350 0.5027 -0.2237
vn 0.9568 0.1374 -0.2564
vn -0.5366 0.2588 0.8031
vn -0.3928 0.7071 0.5879
vn -0.1438 0.9659 0.2152
vn -0.2683 0.9618 -0.0548
vn 0.6369 0.2588 0.7262
vn 0.4662 0.7071 0.5316
vn 0.1707 0.9659 0.1946
vn 0.5366 0.2588 0.8031
vn 0.3928 0.7071 0.5879
vn 0.1438 0.9659 0.2152
vn 0.1145 0.9659 0.2321
vn 0.3127 0.7071 0.6342
vn 0.4272 0.2588 0.8663
vn 0.0832 0.9659 0.2451
vn 0.2273 0.7071 0.6696
vn 0.3105 0.2588 0.9147
vn 0.1884 0.2588 0.9474
vn 0.1380 0.7071 0.6935
vn 0.0505 0.9659 0.2538
vn 0.0169 0.9659 0.2583
vn 0.0462 0.7071 0.7056
vn 0.0632 0.2588 0.9639
vn -0.0169 0.9659 0.2583
vn -0.0462 0.7071 0.7056
vn -0.0632 0.2588 0.9639
vn -0.1884 0.2588 0.9474
vn -0.1379 0.7071 0.6935
vn -0.0505 0.9659 0.2538
vn -0.0832 0.9659 0.2451
vn -0.2273 0.7071 0.6696
vn -0.3105 0.2588 0.9147
vn -0.1145 0.9659 0.2321
vn -0.3127 0.7071 0.6342
vn -0.4272 0.2588 0.8663
vn 0.7262 0.2588 0.6369
vn 0.5316 0.7071 0.4662
vn 0.1946 0.9659 0.1707
vn 0.8031 0.2588 0.5366
vn 0.5879 0.7071 0.3928
vn 0.2152 0.9659 0.1438
vn 0.2683 0.9618 -0.0548
vn -0.6369 0.2588 0.7262
vn -0.4662 0.7071 0.5316
vn -0.1707 0.9659 0.1946
vn -0.1946 0.9659 0.1707
vn -0.5316 0.7071 0.4662
vn -0.7262 0.2588 0.6369
vn -0.2152 0.9659 0.1438
vn -0.5879 0.7071 0.3928
vn -0.8031 0.2588 0.5366
vn -0.8663 0.2588 0.4272
vn -0.6342 0.7071 0.3127
vn -0.2321 0.9659 0.1145
vn -0.1443 0.9618 -0.2327
vn -0.5069 0.7190 -0.4755
vn -0.6336 0.4966 -0.5933
vn -0.7234 0.1357 -0.6769
vn 0.8663 0.2588 0.4272
vn 0.6342 0.7071 0.3127
vn 0.2321 0.9659 0.1145
vn 0.2451 0.9659 0.0832
vn 0.6696 0.7071 0.2273
vn 0.9147 0.2588 0.3105
vn 0.1443 0.9618 -0.2327
vn 0.5069 0.7190 -0.4755
vn 0.6336 0.4966 -0.5933
vn 0.7234 0.1357 -0.6769
vn -0.2451 0.9659 0.0832
vn -0.6696 0.7071 0.2273
vn -0.9147 0.2588 0.3105
vn -0.9474 0.2588 0.1884
vn -0.6935 0.7071 0.1380
vn -0.2538 0.9659 0.0505
vn -0.2282 0.9659 -0.1221
vn -0.6754 0.7178 -0.1693
vn -0.8440 0.4928 -0.2116
vn -0.9615 0.1317 -0.2410
vn 0.9474 0.2588 0.1884
vn 0.6935 0.7071 0.1380
vn 0.2538 0.9659 0.0505
vn 0.2583 0.9659 0.0169
vn 0.7056 0.7071 0.0462
vn 0.9639 0.2588 0.0632
vn 0.6935 0.7071 0.1379
vn 0.2282 0.9659 -0.1221
vn 0.6754 0.7178 -0.1693
vn 0.8440 0.4928 -0.2116
vn 0.9615 0.1317 -0.2410
vn -0.6935 0.7071 0.1379
vn -0.2583 0.9659 0.0169
vn -0.7056 0.7071 0.0462
vn -0.9639 0.2588 0.0632
vn -0.2588 0.9659 -0.0000
vn -0.6754 0.7178 0.1693
vn -0.8440 0.4928 0.2116
vn -0.9615 0.1317 0.2410
vn 0.2583 0.9659 -0.0169
vn 0.7056 0.7071 -0.0462
vn 0.9639 0.2588 -0.0632
vn 0.2588 0.9659 -0.0000
vn 0.6754 0.7178 0.1693
vn 0.8440 0.4928 0.2116
vn 0.9615 0.1317 0.2410
vn -0.9639 0.2588 -0.0632
vn -0.7056 0.7071 -0.0462
vn -0.2583 0.9659 -0.0169
vn -0.2282 0.9659 0.1221
vn -0.5069 0.7190 0.4755
vn -0.6336 0.4966 0.5933
vn -0.7234 0.1357 0.6769
vn 0.2538 0.9659 -0.0505
vn 0.6935 0.7071 -0.1379
vn 0.9474 0.2588 -0.1884
vn -0.9474 0.2588 -0.1884
vn -0.6935 0.7071 -0.1379
vn -0.2538 0.9659 -0.0505
vn 0.6935 0.7071 -0.1380
vn 0.9147 0.2588 -0.3105
vn 0.6696 0.7071 -0.2273
vn 0.2451 0.9659 -0.0832
vn -0.6935 0.7071 -0.1380
vn -0.2451 0.9659 -0.0832
vn -0.6696 0.7071 -0.2273
vn -0.9147 0.2588 -0.3105
vn 0.2282 0.9659 0.1221
vn 0.5069 0.7190 0.4755
vn 0.6336 0.4966 0.5933
vn 0.7234 0.1357 0.6769
vn -0.1443 0.9618 0.2327
vn 0.2321 0.9659 -0.1145
vn 0.6342 0.7071 -0.3127
vn 0.8663 0.2588 -0.4272
vn -0.8663 0.2588 -0.4272
vn -0.6342 0.7071 -0.3127
vn -0.2321 0.9659 -0.1145
vn 0.8031 0.2588 -0.5366
vn 0.5879 0.7071 -0.3928
vn 0.2152 0.9659 -0.1438
vn -0.2152 0.9659 -0.1438
vn -0.5879 0.7071 -0.3928
vn -0.8031 0.2588 -0.5366
vn 0.1443 0.9618 0.2327
vn -0.2683 0.9618 0.0548
vn -0.6830 0.7071 0.1830
vn -0.8350 0.5027 0.2237
vn -0.9568 0.1374 0.2564
vn 0.1438 0.9659 -0.2152
vn 0.3928 0.7071 -0.5879
vn 0.5366 0.2588 -0.8031
vn 0.1707 0.9659 -0.1946
vn 0.4662 0.7071 -0.5316
vn 0.6369 0.2588 -0.7262
vn 0.1946 0.9659 -0.1707
vn 0.5316 0.7071 -0.4662
vn 0.7262 0.2588 -0.6369
vn -0.7262 0.2588 -0.6369
vn -0.5316 0.7071 -0.4662
vn -0.1946 0.9659 -0.1707
vn -0.6369 0.2588 -0.7262
vn -0.4662 0.7071 -0.5316
vn -0.1707 0.9659 -0.1946
vn 0.2683 0.9618 0.0548
vn 0.6830 0.7071 0.1830
vn 0.8350 0.5027 0.2237
vn 0.9568 0.1374 0.2564
vn -0.1438 0.9659 -0.2152
vn -0.3928 0.7071 -0.5879
vn -0.5366 0.2588 -0.8031
vn -0.1145 0.9659 -0.2321
vn -0.3127 0.7071 -0.6342
vn -0.4272 0.2588 -0.8663
vn -0.3105 0.2588 -0.9147
vn -0.2273 0.7071 -0.6696
vn -0.0832 0.9659 -0.2451
vn -0.1884 0.2588 -0.9474
vn -0.1380 0.7071 -0.6935
vn -0.0505 0.9659 -0.2538
vn -0.0169 0.9659 -0.2583
vn -0.0462 0.7071 -0.7056
vn -0.0632 0.2588 -0.9639
vn 0.0632 0.2588 -0.9639
vn 0.0462 0.7071 -0.7056
vn 0.0169 0.9659 -0.2583
vn 0.1884 0.2588 -0.9474
vn 0.1379 0.7071 -0.6935
vn 0.0505 0.9659 -0.2538
vn 0.0832 0.9659 -0.2451
vn 0.2273 0.7071 -0.6696
vn 0.3105 0.2588 -0.9147
vn 0.1145 0.9659 -0.2321
vn 0.3127 0.7071 -0.6342
vn 0.4272 0.2588 -0.8663
vn -0.2597 0.9618 0.0867
vn 0.2597 0.9618 0.0867
vn -0.2413 0.9618 -0.1294
vn -0.6768 0.7190 -0.1583
vn -0.8454 0.4966 -0.1970
vn -0.9650 0.1357 -0.2245
vn 0.2413 0.9618 -0.1294
vn 0.6768 0.7190 -0.1583
vn 0.8454 0.4966 -0.1970
vn 0.9650 0.1357 -0.2245
vn -0.2587 0.9659 0.0084
vn -0.6695 0.7178 0.1911
vn -0.8367 0.4928 0.2388
vn -0.9532 0.1317 0.2720
vn 0.2587 0.9659 0.0084
vn 0.6695 0.7178 0.1911
vn 0.8367 0.4928 0.2388
vn 0.9532 0.1317 0.2720
vn -0.2241 0.9659 0.1294
vn -0.5002 0.7178 0.4843
vn -0.6252 0.4928 0.6052
vn -0.7122 0.1317 0.6895
vn 0.2241 0.9659 0.1294
vn 0.5002 0.7178 0.4843
vn 0.6252 0.4928 0.6052
vn 0.7122 0.1317 0.6895
vn -0.1366 0.9659 0.2198
vn -0.2013 0.7190 0.6652
vn -0.2521 0.4966 0.8306
vn -0.2881 0.1357 0.9479
vn 0.1366 0.9659 0.2198
vn 0.2013 0.7190 0.6652
vn 0.2521 0.4966 0.8306
vn 0.2881 0.1357 0.9479
vn -0.0086 0.9618 0.2737
vn 0.0086 0.9618 0.2737
vn -0.2050 0.9618 0.1816
vn -0.5000 0.7071 0.5000
vn -0.6113 0.5027 0.6113
vn -0.7004 0.1374 0.7004
vn 0.2050 0.9618 0.1816
vn 0.5000 0.7071 0.5000
vn 0.6113 0.5027 0.6113
vn 0.7004 0.1374 0.7004
vn -0.1816 0.9618 0.2050
vn 0.1816 0.9618 0.2050
vn -0.2737 0.9618 0.0086
vn -0.6652 0.7190 0.2013
vn -0.8306 0.4966 0.2521
vn -0.9479 0.1357 0.2881
vn 0.2737 0.9618 0.0086
vn 0.6652 0.7190 0.2013
vn 0.8306 0.4966 0.2521
vn 0.9479 0.1357 0.2881
vn -0.2198 0.9659 0.1366
vn -0.4843 0.7178 0.5002
vn -0.6052 0.4928 0.6252
vn -0.6895 0.1317 0.7122
vn 0.2198 0.9659 0.1366
vn 0.4843 0.7178 0.5002
vn 0.6052 0.4928 0.6252
vn 0.6895 0.1317 0.7122
vn 0.1096 0.9727 0.2044
vn 0.0560 0.5010 0.8636
vn 0.2076 0.4595 0.8635
vn 0.2526 0.1239 0.9596
vn -0.0867 0.9618 0.2597
vn -0.1830 0.7070 0.6831
vn -0.2237 0.5026 0.8350
vn -0.2564 0.1374 0.9568
vn 0.0867 0.9618 0.2597
vn 0.1830 0.7070 0.6831
vn 0.2237 0.5026 0.8350
vn 0.2564 0.1374 0.9568
vn -0.1096 0.9727 0.2044
vn -0.0560 0.5010 0.8636
vn -0.2076 0.4595 0.8635
vn -0.2526 0.1239 0.9596
vn -0.0548 0.9618 0.2683
vn 0.0548 0.9618 0.2683
vn -0.1294 0.9659 0.2241
vn -0.1273 0.4917 0.8614
vn -0.2618 0.4131 0.8723
vn -0.2937 0.1016 0.9505
vn -0.0217 0.8404 0.5416
vn 0.0217 0.8404 0.5416
vn 0.1273 0.4917 0.8614
vn 0.2618 0.4131 0.8723
vn 0.2937 0.1016 0.9505
vn 0.1294 0.9659 0.2241
vn -0.2328 0.9617 0.1444
vn -0.4799 0.7452 0.4631
vn -0.5794 0.5279 0.6210
vn -0.6705 0.1483 0.7269
vn 0.2327 0.9618 0.1443
vn 0.4755 0.7190 0.5069
vn 0.5933 0.4966 0.6336
vn 0.6769 0.1357 0.7234
vn -0.1025 0.9760 0.1921
vn -0.0778 0.5245 0.8479
vn -0.2208 0.4633 0.8583
vn -0.2676 0.1211 0.9559
vn 0.0042 0.8638 0.5038
vn 0.1035 0.5195 0.8482
vn 0.2322 0.4184 0.8781
vn 0.2611 0.1035 0.9597
vn 0.1221 0.9659 0.2282
vn -0.6769 -0.1357 -0.7234
vn -0.2611 -0.1035 -0.9597
vn -0.1960 -0.1850 -0.9630
vn -0.6569 -0.2747 -0.7022
vn -0.3335 -0.7071 -0.6235
vn -0.1221 -0.9659 -0.2282
vn 0.2676 -0.1211 -0.9559
vn 0.1782 -0.1996 -0.9635
vn -0.0019 -0.4186 -0.9082
vn -0.0042 -0.8638 -0.5038
vn 0.6705 -0.1483 -0.7269
vn 0.6640 -0.2981 -0.6857
vn 0.3015 -0.7685 -0.5643
vn 0.1025 -0.9760 -0.1921
vn -0.6013 -0.7065 -0.3732
vn -0.2327 -0.9618 -0.1443
vn 0.6015 -0.7064 -0.3733
vn 0.2328 -0.9617 -0.1444
vn -0.2902 -0.0951 -0.9522
vn 0.2448 -0.1076 -0.9636
vn 0.1785 -0.1918 -0.9651
vn -0.2321 -0.1743 -0.9569
vn -0.0278 -0.4147 -0.9095
vn -0.0135 -0.8621 -0.5066
vn 0.3339 -0.7069 -0.6235
vn 0.1292 -0.9619 -0.2411
vn -0.2448 -0.1076 -0.9636
vn -0.1785 -0.1918 -0.9651
vn -0.3339 -0.7069 -0.6235
vn -0.1292 -0.9619 -0.2411
vn 0.2902 -0.0951 -0.9522
vn 0.2321 -0.1743 -0.9569
vn 0.0278 -0.4147 -0.9095
vn 0.0135 -0.8621 -0.5066
vn -0.6980 -0.1436 -0.7016
vn -0.6449 -0.2795 -0.7114
vn -0.3712 -0.6672 -0.6458
vn -0.1425 -0.9578 -0.2495
vn 0.6980 -0.1436 -0.7016
vn 0.6449 -0.2795 -0.7114
vn 0.3712 -0.6672 -0.6458
vn 0.1425 -0.9578 -0.2495
vn -0.2564 -0.1374 -0.9568
vn -0.2489 -0.2735 -0.9291
vn -0.1418 -0.7065 -0.6934
vn -0.0548 -0.9618 -0.2683
vn 0.2564 -0.1374 -0.9568
vn 0.2489 -0.2735 -0.9291
vn 0.1418 -0.7065 -0.6934
vn 0.0548 -0.9618 -0.2683
vn -0.9430 -0.1521 -0.2960
vn -0.9174 -0.3041 -0.2569
vn -0.5283 -0.7829 -0.3287
vn -0.1768 -0.9781 -0.1102
vn 0.9430 -0.1521 -0.2960
vn 0.9174 -0.3041 -0.2569
vn 0.5283 -0.7829 -0.3287
vn 0.1768 -0.9781 -0.1102
vn -0.2239 -0.7064 -0.6714
vn -0.0867 -0.9618 -0.2597
vn 0.2239 -0.7065 -0.6714
vn 0.0867 -0.9618 -0.2597
vn -0.7075 -0.7063 -0.0225
vn -0.2739 -0.9617 -0.0086
vn 0.7075 -0.7063 -0.0225
vn 0.2739 -0.9617 -0.0086
vn -0.7004 -0.1374 -0.7004
vn -0.6801 -0.2735 -0.6801
vn -0.4695 -0.7064 -0.5296
vn -0.1816 -0.9618 -0.2050
vn 0.7004 -0.1374 -0.7004
vn 0.6801 -0.2735 -0.6801
vn 0.4695 -0.7064 -0.5296
vn 0.1816 -0.9618 -0.2050
vn -0.5296 -0.7064 -0.4695
vn -0.2050 -0.9618 -0.1816
vn 0.5296 -0.7064 -0.4695
vn 0.2050 -0.9618 -0.1816
vn -0.2881 -0.1357 -0.9479
vn -0.2797 -0.2747 -0.9200
vn -0.0225 -0.7065 -0.7073
vn -0.0086 -0.9618 -0.2737
vn 0.2881 -0.1357 -0.9479
vn 0.2797 -0.2747 -0.9200
vn 0.0225 -0.7065 -0.7073
vn 0.0086 -0.9618 -0.2737
vn -0.7122 -0.1317 -0.6895
vn -0.6925 -0.2663 -0.6705
vn -0.3732 -0.7071 -0.6006
vn -0.1366 -0.9659 -0.2198
vn 0.7122 -0.1317 -0.6895
vn 0.6925 -0.2663 -0.6705
vn 0.3732 -0.7071 -0.6006
vn 0.1366 -0.9659 -0.2198
vn -0.9532 -0.1317 -0.2720
vn -0.9269 -0.2663 -0.2645
vn -0.6124 -0.7071 -0.3536
vn -0.2241 -0.9659 -0.1294
vn 0.9532 -0.1317 -0.2720
vn 0.9269 -0.2663 -0.2645
vn 0.6124 -0.7071 -0.3536
vn 0.2241 -0.9659 -0.1294
vn -0.9650 -0.1357 0.2245
vn -0.9366 -0.2747 0.2177
vn -0.7067 -0.7071 -0.0229
vn -0.2587 -0.9659 -0.0084
vn 0.9650 -0.1357 0.2245
vn 0.9366 -0.2747 0.2177
vn 0.7067 -0.7071 -0.0229
vn 0.2587 -0.9659 -0.0084
vn -0.6238 -0.7065 0.3342
vn -0.2413 -0.9618 0.1294
vn 0.6238 -0.7065 0.3342
vn 0.2413 -0.9618 0.1294
vn -0.9568 -0.1374 -0.2564
vn -0.9291 -0.2735 -0.2489
vn -0.6714 -0.7065 -0.2239
vn -0.2597 -0.9618 -0.0867
vn 0.9568 -0.1374 -0.2564
vn 0.9291 -0.2735 -0.2489
vn 0.6714 -0.7065 -0.2239
vn 0.2597 -0.9618 -0.0867
vn -0.6934 -0.7065 -0.1418
vn -0.2683 -0.9618 -0.0548
vn -0.5366 -0.2588 0.8031
vn -0.3928 -0.7071 0.5879
vn -0.1438 -0.9659 0.2152
vn -0.1145 -0.9659 0.2321
vn -0.3127 -0.7071 0.6342
vn -0.4272 -0.2588 0.8663
vn -0.3105 -0.2588 0.9147
vn -0.2273 -0.7071 0.6696
vn -0.0832 -0.9659 0.2451
vn -0.0505 -0.9659 0.2538
vn -0.1380 -0.7071 0.6935
vn -0.1884 -0.2588 0.9474
vn -0.0169 -0.9659 0.2583
vn -0.0462 -0.7071 0.7056
vn -0.0632 -0.2588 0.9639
vn 0.0169 -0.9659 0.2583
vn 0.0462 -0.7071 0.7056
vn 0.0632 -0.2588 0.9639
vn 0.0505 -0.9659 0.2538
vn 0.1380 -0.7071 0.6935
vn 0.1884 -0.2588 0.9474
vn 0.0832 -0.9659 0.2451
vn 0.2273 -0.7071 0.6696
vn 0.3105 -0.2588 0.9147
vn 0.1145 -0.9659 0.2321
vn 0.3127 -0.7071 0.6342
vn 0.4272 -0.2588 0.8663
vn 0.1438 -0.9659 0.2152
vn 0.3928 -0.7071 0.5879
vn 0.5366 -0.2588 0.8031
vn 0.1707 -0.9659 0.1946
vn 0.4662 -0.7071 0.5316
vn 0.6369 -0.2588 0.7262
vn 0.1946 -0.9659 0.1707
vn 0.5316 -0.7071 0.4662
vn 0.7262 -0.2588 0.6369
vn 0.8031 -0.2588 0.5366
vn 0.5879 -0.7071 0.3928
vn 0.2152 -0.9659 0.1438
vn -0.6369 -0.2588 0.7262
vn -0.4662 -0.7071 0.5316
vn -0.1707 -0.9659 0.1946
vn 0.6934 -0.7064 -0.1418
vn 0.2683 -0.9618 -0.0548
vn -0.8031 -0.2588 0.5366
vn -0.5879 -0.7071 0.3928
vn -0.2152 -0.9659 0.1438
vn -0.1946 -0.9659 0.1707
vn -0.5316 -0.7071 0.4662
vn -0.7262 -0.2588 0.6369
vn -0.7234 -0.1357 -0.6769
vn -0.7022 -0.2747 -0.6569
vn -0.3732 -0.7065 -0.6013
vn -0.1443 -0.9618 -0.2327
vn 0.8663 -0.2588 0.4272
vn 0.6342 -0.7071 0.3127
vn 0.2321 -0.9659 0.1145
vn -0.8663 -0.2588 0.4272
vn -0.6342 -0.7071 0.3127
vn -0.2321 -0.9659 0.1145
vn 0.2451 -0.9659 0.0832
vn 0.6696 -0.7071 0.2273
vn 0.9147 -0.2588 0.3105
vn 0.7234 -0.1357 -0.6769
vn 0.7022 -0.2747 -0.6569
vn 0.3732 -0.7065 -0.6013
vn 0.1443 -0.9618 -0.2327
vn -0.2451 -0.9659 0.0832
vn -0.6696 -0.7071 0.2273
vn -0.9147 -0.2588 0.3105
vn -0.9615 -0.1317 -0.2410
vn -0.9350 -0.2663 -0.2344
vn -0.6235 -0.7071 -0.3335
vn -0.2282 -0.9659 -0.1221
vn 0.9474 -0.2588 0.1884
vn 0.6935 -0.7071 0.1380
vn 0.2538 -0.9659 0.0505
vn -0.9474 -0.2588 0.1884
vn -0.6935 -0.7071 0.1380
vn -0.2538 -0.9659 0.0505
vn 0.6935 -0.7071 0.1379
vn 0.2583 -0.9659 0.0169
vn 0.7056 -0.7071 0.0462
vn 0.9639 -0.2588 0.0632
vn -0.6935 -0.7071 0.1379
vn 0.9615 -0.1317 -0.2410
vn 0.9350 -0.2663 -0.2344
vn 0.6235 -0.7071 -0.3335
vn 0.2282 -0.9659 -0.1221
vn -0.2583 -0.9659 0.0169
vn -0.7056 -0.7071 0.0462
vn -0.9639 -0.2588 0.0632
vn 0.9639 -0.2588 -0.0632
vn 0.7056 -0.7071 -0.0462
vn 0.2583 -0.9659 -0.0169
vn -0.9615 -0.1317 0.2410
vn -0.9350 -0.2663 0.2344
vn -0.7071 -0.7071 -0.0000
vn -0.2588 -0.9659 -0.0000
vn -0.2583 -0.9659 -0.0169
vn -0.7056 -0.7071 -0.0462
vn -0.9639 -0.2588 -0.0632
vn 0.9615 -0.1317 0.2410
vn 0.9350 -0.2663 0.2344
vn 0.7071 -0.7071 -0.0000
vn 0.2588 -0.9659 -0.0000
vn -0.2538 -0.9659 -0.0505
vn -0.6935 -0.7071 -0.1379
vn -0.9474 -0.2588 -0.1884
vn 0.9474 -0.2588 -0.1884
vn 0.6935 -0.7071 -0.1379
vn 0.2538 -0.9659 -0.0505
vn -0.7234 -0.1357 0.6769
vn -0.7022 -0.2747 0.6569
vn -0.6235 -0.7071 0.3335
vn -0.2282 -0.9659 0.1221
vn 0.9147 -0.2588 -0.3105
vn 0.6696 -0.7071 -0.2273
vn 0.2451 -0.9659 -0.0832
vn 0.6935 -0.7071 -0.1380
vn -0.6935 -0.7071 -0.1380
vn 0.7234 -0.1357 0.6769
vn 0.7022 -0.2747 0.6569
vn 0.6235 -0.7071 0.3335
vn 0.2282 -0.9659 0.1221
vn -0.9147 -0.2588 -0.3105
vn -0.6696 -0.7071 -0.2273
vn -0.2451 -0.9659 -0.0832
vn -0.2321 -0.9659 -0.1145
vn -0.6342 -0.7071 -0.3127
vn -0.8663 -0.2588 -0.4272
vn 0.8663 -0.2588 -0.4272
vn 0.6342 -0.7071 -0.3127
vn 0.2321 -0.9659 -0.1145
vn -0.3732 -0.7065 0.6013
vn -0.1443 -0.9618 0.2327
vn 0.8031 -0.2588 -0.5366
vn 0.5879 -0.7071 -0.3928
vn 0.2152 -0.9659 -0.1438
vn 0.3732 -0.7065 0.6013
vn 0.1443 -0.9618 0.2327
vn -0.8031 -0.2588 -0.5366
vn -0.5879 -0.7071 -0.3928
vn -0.2152 -0.9659 -0.1438
vn -0.1707 -0.9659 -0.1946
vn -0.4662 -0.7071 -0.5316
vn -0.6369 -0.2588 -0.7262
vn -0.1946 -0.9659 -0.1707
vn -0.5316 -0.7071 -0.4662
vn -0.7262 -0.2588 -0.6369
vn 0.1438 -0.9659 -0.2152
vn 0.3928 -0.7071 -0.5879
vn 0.5366 -0.2588 -0.8031
vn -0.9568 -0.1374 0.2564
vn -0.9291 -0.2735 0.2489
vn -0.6934 -0.7064 0.1418
vn -0.2683 -0.9618 0.0548
vn 0.1946 -0.9659 -0.1707
vn 0.5316 -0.7071 -0.4662
vn 0.7262 -0.2588 -0.6369
vn 0.6369 -0.2588 -0.7262
vn 0.4662 -0.7071 -0.5316
vn 0.1707 -0.9659 -0.1946
vn 0.9568 -0.1374 0.2564
vn 0.9291 -0.2735 0.2489
vn 0.6934 -0.7065 0.1418
vn 0.2683 -0.9618 0.0548
vn 0.1145 -0.9659 -0.2321
vn 0.3127 -0.7071 -0.6342
vn 0.4272 -0.2588 -0.8663
vn 0.3105 -0.2588 -0.9147
vn 0.2273 -0.7071 -0.6696
vn 0.0832 -0.9659 -0.2451
vn 0.1884 -0.2588 -0.9474
vn 0.1380 -0.7071 -0.6935
vn 0.0505 -0.9659 -0.2538
vn 0.0632 -0.2588 -0.9639
vn 0.0462 -0.7071 -0.7056
vn 0.0169 -0.9659 -0.2583
vn -0.0632 -0.2588 -0.9639
vn -0.0462 -0.7071 -0.7056
vn -0.0169 -0.9659 -0.2583
vn -0.1884 -0.2588 -0.9474
vn -0.1379 -0.7071 -0.6935
vn -0.0505 -0.9659 -0.2538
vn -0.3105 -0.2588 -0.9147
vn -0.2273 -0.7071 -0.6696
vn -0.0832 -0.9659 -0.2451
vn -0.1145 -0.9659 -0.2321
vn -0.3127 -0.7071 -0.6342
vn -0.4272 -0.2588 -0.8663
vn -0.5366 -0.2588 -0.8031
vn -0.3928 -0.7071 -0.5879
vn -0.1438 -0.9659 -0.2152
vn -0.6714 -0.7065 0.2239
vn -0.2597 -0.9618 0.0867
vn 0.2597 -0.9618 0.0867
vn 0.6714 -0.7065 0.2239
vn -0.9650 -0.1357 -0.2245
vn -0.9366 -0.2747 -0.2177
vn -0.6238 -0.7065 -0.3342
vn -0.2413 -0.9618 -0.1294
vn 0.9650 -0.1357 -0.2245
vn 0.8454 -0.4966 -0.1970
vn 0.6768 -0.7190 -0.1583
vn 0.2413 -0.9618 -0.1294
vn -0.9532 -0.1317 0.2720
vn -0.9269 -0.2663 0.2645
vn -0.7067 -0.7071 0.0229
vn -0.2587 -0.9659 0.0084
vn 0.9532 -0.1317 0.2720
vn 0.8367 -0.4928 0.2388
vn 0.6695 -0.7178 0.1911
vn 0.2587 -0.9659 0.0084
vn -0.7122 -0.1317 0.6895
vn -0.6925 -0.2663 0.6705
vn -0.6124 -0.7071 0.3536
vn -0.2241 -0.9659 0.1294
vn 0.7122 -0.1317 0.6895
vn 0.6252 -0.4928 0.6052
vn 0.5002 -0.7178 0.4843
vn 0.2241 -0.9659 0.1294
vn -0.2881 -0.1357 0.9479
vn -0.2797 -0.2747 0.9200
vn -0.3732 -0.7071 0.6006
vn -0.1366 -0.9659 0.2198
vn 0.2881 -0.1357 0.9479
vn 0.2521 -0.4966 0.8306
vn 0.2013 -0.7190 0.6652
vn 0.1366 -0.9659 0.2198
vn -0.0225 -0.7065 0.7073
vn -0.0086 -0.9618 0.2737
vn 0.0225 -0.7065 0.7073
vn 0.0086 -0.9618 0.2737
vn -0.7004 -0.1374 0.7004
vn -0.6801 -0.2735 0.6801
vn -0.5296 -0.7064 0.4695
vn -0.2050 -0.9618 0.1816
vn 0.7004 -0.1374 0.7004
vn 0.6113 -0.5027 0.6113
vn 0.5000 -0.7071 0.5000
vn 0.2050 -0.9618 0.1816
vn -0.4695 -0.7064 0.5296
vn -0.1816 -0.9618 0.2050
vn 0.4695 -0.7064 0.5296
vn 0.1816 -0.9618 0.2050
vn -0.9479 -0.1357 0.2881
vn -0.9200 -0.2747 0.2797
vn -0.7074 -0.7065 0.0225
vn -0.2737 -0.9618 0.0086
vn 0.9479 -0.1357 0.2881
vn 0.8306 -0.4966 0.2521
vn 0.6652 -0.7190 0.2013
vn 0.2737 -0.9618 0.0086
vn -0.6895 -0.1317 0.7122
vn -0.6705 -0.2663 0.6925
vn -0.6006 -0.7071 0.3732
vn -0.2198 -0.9659 0.1366
vn 0.6895 -0.1317 0.7122
vn 0.6052 -0.4928 0.6252
vn 0.4843 -0.7178 0.5002
vn 0.2198 -0.9659 0.1366
vn 0.2526 -0.1239 0.9596
vn 0.2335 -0.4660 0.8534
vn 0.3033 -0.7666 0.5660
vn 0.1096 -0.9727 0.2044
vn -0.2564 -0.1374 0.9568
vn -0.2237 -0.5026 0.8350
vn -0.2239 -0.7063 0.6715
vn -0.1830 -0.7070 0.6831
vn -0.0867 -0.9618 0.2597
vn 0.2564 -0.1374 0.9568
vn 0.2237 -0.5026 0.8350
vn 0.1830 -0.7070 0.6831
vn 0.0867 -0.9618 0.2597
vn -0.2526 -0.1239 0.9596
vn -0.2076 -0.4595 0.8635
vn -0.3033 -0.7666 0.5660
vn -0.0560 -0.5010 0.8636
vn -0.1096 -0.9727 0.2044
vn -0.0548 -0.9618 0.2683
vn 0.1418 -0.7065 0.6934
vn 0.0548 -0.9618 0.2683
vn -0.2937 -0.1016 0.9505
vn -0.2241 -0.1770 0.9583
vn -0.0318 -0.3845 0.9226
vn -0.0217 -0.8404 0.5416
vn -0.3536 -0.7071 0.6124
vn -0.1294 -0.9659 0.2241
vn 0.2937 -0.1016 0.9505
vn 0.2618 -0.4131 0.8723
vn 0.1273 -0.4917 0.8614
vn 0.0217 -0.8404 0.5416
vn 0.1294 -0.9659 0.2241
vn -0.6705 -0.1483 0.7269
vn -0.5794 -0.5279 0.6210
vn -0.6015 -0.7064 0.3733
vn -0.4799 -0.7452 0.4631
vn -0.2328 -0.9617 0.1444
vn 0.6769 -0.1357 0.7234
vn 0.5933 -0.4966 0.6336
vn 0.4755 -0.7190 0.5069
vn 0.2327 -0.9618 0.1443
vn -0.2676 -0.1211 0.9559
vn -0.2208 -0.4633 0.8583
vn -0.0778 -0.5245 0.8479
vn -0.1025 -0.9760 0.1921
vn 0.2611 -0.1035 0.9597
vn 0.2322 -0.4184 0.8781
vn 0.1035 -0.5195 0.8482
vn 0.0042 -0.8638 0.5038
vn 0.1221 -0.9659 0.2282
vn -0.0000 1.0000 -0.0000
vn -0.0000 -1.0000 -0.0000
vn 0.6593 -0.0000 0.7518
vn 0.5556 -0.0000 0.8315
vn 0.3214 -0.0000 0.9469
vn 0.1951 -0.0000 0.9808
vn 0.4423 -0.0000 0.8969
vn -0.0654 -0.0000 0.9979
vn -0.1951 -0.0000 0.9808
vn 0.0654 -0.0000 0.9979
vn -0.5556 -0.0000 0.8315
vn -0.4423 -0.0000 0.8969
vn -0.3214 -0.0000 0.9469
vn 0.8315 -0.0000 0.5556
vn 0.7518 -0.0000 0.6593
vn -0.6593 -0.0000 0.7518
vn -0.8315 -0.0000 0.5556
vn -0.7518 -0.0000 0.6593
vn 0.8969 -0.0000 0.4423
vn -0.8969 -0.0000 0.4423
vn 0.9469 -0.0000 0.3214
vn -0.9469 -0.0000 0.3214
vn 0.9808 -0.0000 0.1951
vn -0.9808 -0.0000 0.1951
vn 0.9979 -0.0000 0.0654
vn -0.9979 -0.0000 0.0654
vn 0.9979 -0.0000 -0.0654
vn -0.9979 -0.0000 -0.0654
vn 0.9808 -0.0000 -0.1951
vn -0.9808 -0.0000 -0.1951
vn 0.9469 -0.0000 -0.3214
vn -0.9469 -0.0000 -0.3214
vn 0.8969 -0.0000 -0.4423
vn -0.8969 -0.0000 -0.4423
vn 0.8315 -0.0000 -0.5556
vn -0.8315 -0.0000 -0.5556
vn 0.7518 -0.0000 -0.6593
vn 0.6593 -0.0000 -0.7518
vn 0.5556 -0.0000 -0.8315
vn -0.7518 -0.0000 -0.6593
vn -0.6593 -0.0000 -0.7518
vn 0.4423 -0.0000 -0.8969
vn 0.3214 -0.0000 -0.9469
vn -0.0654 -0.0000 -0.9979
vn 0.0654 -0.0000 -0.9979
vn 0.1951 -0.0000 -0.9808
vn -0.4423 -0.0000 -0.8969
vn -0.3214 -0.0000 -0.9469
vn -0.1951 -0.0000 -0.9808
vn -0.5556 -0.0000 -0.8315
vt 0.998801 0.961737
vt 0.999346 0.980454
vt 0.999778 0.979882
vt 0.999508 0.961737
vt 0.999968 1.000000
vt 1.000000 1.000000
vt -0.000711 0.000000
vt 0.000025 0.000000
vt 0.000000 0.000000
vt 0.001286 0.000000
vt 0.000025 1.000000
vt 0.000523 0.980454
vt 0.000000 0.979882
vt 0.000000 1.000000
vt 0.000959 0.961737
vt 0.000000 0.961737
vt 1.000000 0.961737
vt 1.000000 0.979882
vt 0.058565 0.961737
vt 0.059001 0.980454
vt 0.059346 0.979882
vt 0.059130 0.961737
vt 0.059499 1.000000
vt 0.059524 1.000000
vt 0.071734 0.000000
vt 0.060273 0.000000
vt 0.060241 0.000000
vt 0.060201 0.000000
vt 0.059555 1.000000
vt 0.060178 0.980454
vt 0.059726 0.979882
vt 0.060723 0.961737
vt 0.060016 0.961737
vt 0.082134 0.961737
vt 0.082679 0.980454
vt 0.083111 0.979882
vt 0.082841 0.961737
vt 0.083302 1.000000
vt 0.083333 1.000000
vt 0.086287 0.000000
vt 0.084363 0.000000
vt 0.084337 0.000000
vt 0.084295 0.000000
vt 0.083359 1.000000
vt 0.083856 0.980454
vt 0.083511 0.979882
vt 0.084292 0.961737
vt 0.083727 0.961737
vt 0.144056 0.961737
vt 0.143349 0.961737
vt 0.143018 0.979873
vt 0.143410 0.980444
vt 0.142463 0.961737
vt 0.142628 0.979793
vt 0.141898 0.961737
vt 0.142240 0.980350
vt 0.142673 1.000000
vt 0.142857 1.000000
vt 0.134628 0.000000
vt 0.144578 0.000000
vt 0.144241 0.000000
vt 0.142857 1.000000
vt 0.165468 0.961737
vt 0.166013 0.980454
vt 0.166445 0.979882
vt 0.166174 0.961737
vt 0.166635 1.000000
vt 0.166667 1.000000
vt 0.172276 0.000000
vt 0.168700 0.000000
vt 0.168675 0.000000
vt 0.168622 0.000000
vt 0.166692 1.000000
vt 0.167190 0.980454
vt 0.166844 0.979882
vt 0.167626 0.961737
vt 0.167060 0.961737
vt 0.227389 0.961737
vt 0.226683 0.961737
vt 0.226412 0.979882
vt 0.226845 0.980454
vt 0.225797 0.961737
vt 0.226013 0.979882
vt 0.225232 0.961737
vt 0.225667 0.980454
vt 0.226165 1.000000
vt 0.226190 1.000000
vt 0.226908 0.000000
vt 0.228948 0.000000
vt 0.228916 0.000000
vt 0.228925 0.000000
vt 0.226222 1.000000
vt 0.250959 0.961737
vt 0.250394 0.961737
vt 0.250225 0.979793
vt 0.250617 0.980350
vt 0.249508 0.961737
vt 0.249853 0.979873
vt 0.248801 0.961737
vt 0.249447 0.980444
vt 0.250000 1.000000
vt 0.250015 1.000000
vt 0.251022 0.000000
vt 0.253199 0.000000
vt 0.253028 0.000000
vt 0.253012 0.000000
vt 0.250184 1.000000
vt 0.310723 0.961737
vt 0.310016 0.961737
vt 0.309746 0.979882
vt 0.310178 0.980454
vt 0.309130 0.961737
vt 0.309347 0.979882
vt 0.308565 0.961737
vt 0.309001 0.980454
vt 0.309499 1.000000
vt 0.309524 1.000000
vt 0.311245 0.000000
vt 0.313285 0.000000
vt 0.313253 0.000000
vt 0.313246 0.000000
vt 0.309555 1.000000
vt 0.334292 0.961737
vt 0.333727 0.961737
vt 0.333511 0.979882
vt 0.333856 0.980454
vt 0.332841 0.961737
vt 0.333132 0.979882
vt 0.332134 0.961737
vt 0.332679 0.980454
vt 0.333302 1.000000
vt 0.333333 1.000000
vt 0.328346 0.000000
vt 0.337375 0.000000
vt 0.337349 0.000000
vt 0.337581 0.000000
vt 0.333359 1.000000
vt 0.394056 0.961737
vt 0.393349 0.961737
vt 0.393059 0.979882
vt 0.393511 0.980454
vt 0.392463 0.961737
vt 0.392680 0.979882
vt 0.391898 0.961737
vt 0.392334 0.980454
vt 0.392832 1.000000
vt 0.392857 1.000000
vt 0.396330 0.000000
vt 0.397622 0.000000
vt 0.397590 0.000000
vt 0.397527 0.000000
vt 0.392889 1.000000
vt 0.417626 0.961737
vt 0.417060 0.961737
vt 0.416844 0.979882
vt 0.417190 0.980454
vt 0.416174 0.961737
vt 0.416465 0.979882
vt 0.415468 0.961737
vt 0.416013 0.980454
vt 0.416635 1.000000
vt 0.416667 1.000000
vt 0.426068 0.000000
vt 0.421712 0.000000
vt 0.421687 0.000000
vt 0.421596 0.000000
vt 0.416692 1.000000
vt 0.477389 0.961737
vt 0.476683 0.961737
vt 0.476392 0.979882
vt 0.476845 0.980454
vt 0.475797 0.961737
vt 0.476013 0.979882
vt 0.475232 0.961737
vt 0.475667 0.980454
vt 0.476165 1.000000
vt 0.476191 1.000000
vt 0.484561 0.000000
vt 0.481960 0.000000
vt 0.481928 0.000000
vt 0.481882 0.000000
vt 0.476222 1.000000
vt 0.500959 0.961737
vt 0.500394 0.961737
vt 0.500177 0.979882
vt 0.500523 0.980454
vt 0.499508 0.961737
vt 0.499798 0.979882
vt 0.498801 0.961737
vt 0.499346 0.980454
vt 0.499968 1.000000
vt 0.500000 1.000000
vt 0.508625 0.000000
vt 0.506050 0.000000
vt 0.506024 0.000000
vt 0.505971 0.000000
vt 0.500025 1.000000
vt 0.560723 0.961737
vt 0.560016 0.961737
vt 0.559726 0.979882
vt 0.560178 0.980454
vt 0.559130 0.961737
vt 0.559346 0.979882
vt 0.558565 0.961737
vt 0.559001 0.980454
vt 0.559499 1.000000
vt 0.559524 1.000000
vt 0.577758 0.000000
vt 0.566297 0.000000
vt 0.566265 0.000000
vt 0.566225 0.000000
vt 0.559555 1.000000
vt 0.584292 0.961737
vt 0.583727 0.961737
vt 0.583511 0.979882
vt 0.583856 0.980454
vt 0.582841 0.961737
vt 0.583111 0.979882
vt 0.582134 0.961737
vt 0.582679 0.980454
vt 0.583302 1.000000
vt 0.583333 1.000000
vt 0.592311 0.000000
vt 0.590387 0.000000
vt 0.590361 0.000000
vt 0.590319 0.000000
vt 0.583359 1.000000
vt 0.641898 0.961737
vt 0.642334 0.980454
vt 0.642680 0.979882
vt 0.642463 0.961737
vt 0.642832 1.000000
vt 0.642857 1.000000
vt 0.642432 0.000000
vt 0.650634 0.000000
vt 0.650602 0.000000
vt 0.650556 0.000000
vt 0.642889 1.000000
vt 0.643511 0.980454
vt 0.643059 0.979882
vt 0.644056 0.961737
vt 0.643349 0.961737
vt 0.667626 0.961737
vt 0.667060 0.961737
vt 0.666844 0.979882
vt 0.667190 0.980454
vt 0.666174 0.961737
vt 0.666445 0.979882
vt 0.665468 0.961737
vt 0.666013 0.980454
vt 0.666635 1.000000
vt 0.666667 1.000000
vt 0.678300 0.000000
vt 0.674724 0.000000
vt 0.674699 0.000000
vt 0.674646 0.000000
vt 0.666692 1.000000
vt 0.725232 0.961737
vt 0.725667 0.980454
vt 0.726013 0.979882
vt 0.725797 0.961737
vt 0.726165 1.000000
vt 0.726190 1.000000
vt 0.732932 0.000000
vt 0.734972 0.000000
vt 0.734940 0.000000
vt 0.734949 0.000000
vt 0.726222 1.000000
vt 0.726845 0.980454
vt 0.726392 0.979882
vt 0.727389 0.961737
vt 0.726683 0.961737
vt 0.750959 0.961737
vt 0.750394 0.961737
vt 0.750177 0.979882
vt 0.750523 0.980454
vt 0.749508 0.961737
vt 0.749778 0.979882
vt 0.748801 0.961737
vt 0.749346 0.980454
vt 0.749968 1.000000
vt 0.750000 1.000000
vt 0.757401 0.000000
vt 0.759062 0.000000
vt 0.759036 0.000000
vt 0.758976 0.000000
vt 0.750025 1.000000
vt 0.808565 0.961737
vt 0.809001 0.980454
vt 0.809346 0.979882
vt 0.809130 0.961737
vt 0.809499 1.000000
vt 0.809524 1.000000
vt 0.817269 0.000000
vt 0.819309 0.000000
vt 0.819277 0.000000
vt 0.819270 0.000000
vt 0.809555 1.000000
vt 0.810178 0.980454
vt 0.809726 0.979882
vt 0.810723 0.961737
vt 0.810016 0.961737
vt 0.832134 0.961737
vt 0.832679 0.980454
vt 0.833111 0.979882
vt 0.832841 0.961737
vt 0.833302 1.000000
vt 0.833333 1.000000
vt 0.834370 0.000000
vt 0.843399 0.000000
vt 0.843373 0.000000
vt 0.843605 0.000000
vt 0.833359 1.000000
vt 0.833856 0.980454
vt 0.833511 0.979882
vt 0.834292 0.961737
vt 0.833727 0.961737
vt 0.891898 0.961737
vt 0.892334 0.980454
vt 0.892680 0.979882
vt 0.892463 0.961737
vt 0.892832 1.000000
vt 0.892857 1.000000
vt 0.900811 0.000000
vt 0.903646 0.000000
vt 0.903614 0.000000
vt 0.903612 0.000000
vt 0.892889 1.000000
vt 0.893511 0.980454
vt 0.893059 0.979882
vt 0.894056 0.961737
vt 0.893349 0.961737
vt 0.915468 0.961737
vt 0.916013 0.980454
vt 0.916445 0.979882
vt 0.916174 0.961737
vt 0.916635 1.000000
vt 0.916667 1.000000
vt 0.925188 0.000000
vt 0.927736 0.000000
vt 0.927711 0.000000
vt 0.927715 0.000000
vt 0.916692 1.000000
vt 0.917190 0.980454
vt 0.916844 0.979882
vt 0.917626 0.961737
vt 0.917060 0.961737
vt 0.975232 0.961737
vt 0.975667 0.980454
vt 0.976013 0.979882
vt 0.975797 0.961737
vt 0.976165 1.000000
vt 0.976190 1.000000
vt 0.982992 0.000000
vt 0.987984 0.000000
vt 0.987952 0.000000
vt 0.987965 0.000000
vt 0.976222 1.000000
vt 0.976845 0.980454
vt 0.976392 0.979882
vt 0.977389 0.961737
vt 0.976683 0.961737
vt 0.998801 0.038263
vt 0.999508 0.038263
vt 0.999778 0.020118
vt 0.999346 0.000000
vt 1.000000 0.038263
vt 1.000000 0.020118
vt 0.000959 0.038263
vt 0.000523 0.019546
vt 0.000000 0.020118
vt 0.000000 0.038263
vt -0.012766 0.000000
vt -0.001252 0.000000
vt -0.002338 0.000000
vt 0.020995 0.000000
vt 0.054941 0.000000
vt 0.019626 0.000000
vt 1.000089 0.009880
vt 0.058565 0.038263
vt 0.059130 0.038263
vt 0.059346 0.020118
vt 0.059001 0.019546
vt 0.060016 0.038263
vt 0.059746 0.020118
vt 0.060723 0.038263
vt 0.060178 0.019546
vt 0.066202 0.000000
vt 0.065860 0.000000
vt 0.076927 0.000000
vt 0.076523 0.000000
vt 0.082134 0.038263
vt 0.082841 0.038263
vt 0.083111 0.020118
vt 0.082679 0.019546
vt 0.083727 0.038263
vt 0.083511 0.020118
vt 0.084292 0.038263
vt 0.083856 0.019546
vt 0.085378 0.000000
vt 0.084749 0.000000
vt 0.086435 0.000000
vt 0.085250 0.000000
vt 0.144056 0.038263
vt 0.143410 0.019556
vt 0.143018 0.020127
vt 0.143349 0.038263
vt 0.144472 0.000000
vt 0.143802 0.000000
vt 0.133996 0.000000
vt 0.142470 0.000000
vt 0.142240 0.019650
vt 0.142632 0.020207
vt 0.141898 0.038263
vt 0.142463 0.038263
vt 0.165468 0.038263
vt 0.166174 0.038263
vt 0.166445 0.020118
vt 0.166013 0.019546
vt 0.167060 0.038263
vt 0.166844 0.020118
vt 0.167626 0.038263
vt 0.167190 0.019546
vt 0.170659 0.000000
vt 0.169795 0.000000
vt 0.172933 0.000000
vt 0.171672 0.000000
vt 0.227389 0.038263
vt 0.226845 0.019546
vt 0.226412 0.020118
vt 0.226683 0.038263
vt 0.227868 0.000000
vt 0.228603 0.000000
vt 0.227271 0.000000
vt 0.227760 0.000000
vt 0.225667 0.019546
vt 0.226013 0.020118
vt 0.225232 0.038263
vt 0.225797 0.038263
vt 0.250959 0.038263
vt 0.250618 0.019650
vt 0.250225 0.020207
vt 0.250394 0.038263
vt 0.254166 0.000000
vt 0.252965 0.000000
vt 0.250463 0.000000
vt 0.252297 0.000000
vt 0.249447 0.019556
vt 0.249839 0.020127
vt 0.248801 0.038263
vt 0.249508 0.038263
vt 0.310723 0.038263
vt 0.310178 0.000000
vt 0.309746 0.020118
vt 0.310016 0.038263
vt 0.314182 0.000000
vt 0.312657 0.000000
vt 0.312934 0.000000
vt 0.313534 0.000000
vt 0.311343 0.000000
vt 0.312152 0.000000
vt 0.312724 0.000000
vt 0.313146 0.000000
vt 0.308565 0.038263
vt 0.309130 0.038263
vt 0.309346 0.020118
vt 0.309001 0.000000
vt 0.334292 0.038263
vt 0.333856 0.000000
vt 0.333511 0.020118
vt 0.333727 0.038263
vt 0.338171 0.000000
vt 0.330430 0.000000
vt 0.336010 0.000000
vt 0.337253 0.000000
vt 0.332721 0.000000
vt 0.336467 0.000000
vt 0.336687 0.000000
vt 0.338693 0.000000
vt 0.332134 0.038263
vt 0.332841 0.038263
vt 0.333111 0.020118
vt 0.332679 0.000000
vt 0.394056 0.038263
vt 0.393511 0.000000
vt 0.393079 0.020118
vt 0.393349 0.038263
vt 0.398761 0.000000
vt 0.398295 0.000000
vt 0.397368 0.000000
vt 0.398022 0.000000
vt 0.395243 0.000000
vt 0.395866 0.000000
vt 0.397061 0.000000
vt 0.397128 0.000000
vt 0.391898 0.038263
vt 0.392463 0.038263
vt 0.392680 0.020118
vt 0.392334 0.000000
vt 0.417626 0.038263
vt 0.417190 0.000000
vt 0.416844 0.020118
vt 0.417060 0.038263
vt 0.421461 0.000000
vt 0.424305 0.000000
vt 0.422511 0.000000
vt 0.421752 0.000000
vt 0.425680 0.000000
vt 0.423514 0.000000
vt 0.421025 0.000000
vt 0.421156 0.000000
vt 0.415468 0.038263
vt 0.416174 0.038263
vt 0.416445 0.020118
vt 0.416013 0.000000
vt 0.477389 0.038263
vt 0.476845 0.000000
vt 0.476412 0.020118
vt 0.476683 0.038263
vt 0.481774 0.000000
vt 0.483292 0.000000
vt 0.482501 0.000000
vt 0.481949 0.000000
vt 0.484892 0.000000
vt 0.483630 0.000000
vt 0.481398 0.000000
vt 0.481661 0.000000
vt 0.475232 0.038263
vt 0.475797 0.038263
vt 0.476013 0.020118
vt 0.475667 0.000000
vt 0.500959 0.038263
vt 0.500523 0.000000
vt 0.500177 0.020118
vt 0.500394 0.038263
vt 0.506081 0.000000
vt 0.507401 0.000000
vt 0.506491 0.000000
vt 0.506118 0.000000
vt 0.508653 0.000000
vt 0.507121 0.000000
vt 0.505362 0.000000
vt 0.505700 0.000000
vt 0.498801 0.038263
vt 0.499508 0.038263
vt 0.499778 0.020118
vt 0.499346 0.000000
vt 0.560723 0.038263
vt 0.560178 0.000000
vt 0.559746 0.020118
vt 0.560016 0.038263
vt 0.560477 0.000000
vt 0.572226 0.000000
vt 0.570530 0.000000
vt 0.564638 0.000000
vt 0.582952 0.000000
vt 0.582547 0.000000
vt 0.565736 0.000000
vt 0.566428 0.000000
vt 0.558565 0.038263
vt 0.559130 0.038263
vt 0.559346 0.020118
vt 0.559001 0.000000
vt 0.584292 0.038263
vt 0.583856 0.000000
vt 0.583511 0.020118
vt 0.583727 0.038263
vt 0.590489 0.000000
vt 0.591402 0.000000
vt 0.590734 0.000000
vt 0.590461 0.000000
vt 0.592459 0.000000
vt 0.591275 0.000000
vt 0.589699 0.000000
vt 0.590094 0.000000
vt 0.582134 0.038263
vt 0.582841 0.038263
vt 0.583111 0.020118
vt 0.582679 0.000000
vt 0.641898 0.038263
vt 0.642463 0.038263
vt 0.642680 0.020118
vt 0.642334 0.000000
vt 0.643349 0.038263
vt 0.643052 0.020118
vt 0.644056 0.038263
vt 0.643511 0.000000
vt 0.651840 0.000000
vt 0.650794 0.000000
vt 0.650037 0.000000
vt 0.651167 0.000000
vt 0.641868 0.000000
vt 0.648703 0.000000
vt 0.650073 0.000000
vt 0.650322 0.000000
vt 0.642929 0.009880
vt 0.667626 0.038263
vt 0.667190 0.000000
vt 0.666844 0.020118
vt 0.667060 0.038263
vt 0.674021 0.000000
vt 0.676683 0.000000
vt 0.675648 0.000000
vt 0.674578 0.000000
vt 0.678957 0.000000
vt 0.677696 0.000000
vt 0.674037 0.000000
vt 0.674428 0.000000
vt 0.665468 0.038263
vt 0.666174 0.038263
vt 0.666445 0.020118
vt 0.666013 0.000000
vt 0.725232 0.038263
vt 0.725797 0.038263
vt 0.726013 0.020118
vt 0.725667 0.000000
vt 0.726683 0.038263
vt 0.726386 0.020118
vt 0.727389 0.038263
vt 0.726845 0.000000
vt 0.735890 0.000000
vt 0.733892 0.000000
vt 0.734628 0.000000
vt 0.735337 0.000000
vt 0.733295 0.000000
vt 0.733784 0.000000
vt 0.734410 0.000000
vt 0.734699 0.000000
vt 0.726262 0.009880
vt 0.750959 0.038263
vt 0.750523 0.000000
vt 0.750177 0.020118
vt 0.750394 0.038263
vt 0.759879 0.000000
vt 0.759926 0.000000
vt 0.759014 0.000000
vt 0.759368 0.000000
vt 0.756901 0.000000
vt 0.758100 0.000000
vt 0.758374 0.000000
vt 0.758617 0.000000
vt 0.748801 0.038263
vt 0.749508 0.038263
vt 0.749778 0.020118
vt 0.749346 0.000000
vt 0.808565 0.038263
vt 0.809130 0.038263
vt 0.809346 0.020118
vt 0.809001 0.000000
vt 0.810016 0.038263
vt 0.809719 0.020118
vt 0.810723 0.038263
vt 0.810178 0.000000
vt 0.820206 0.000000
vt 0.818682 0.000000
vt 0.818983 0.000000
vt 0.819662 0.000000
vt 0.817367 0.000000
vt 0.818176 0.000000
vt 0.818748 0.000000
vt 0.819040 0.000000
vt 0.809595 0.009880
vt 0.832134 0.038263
vt 0.832841 0.038263
vt 0.833111 0.020118
vt 0.832679 0.000000
vt 0.833727 0.038263
vt 0.833511 0.020118
vt 0.834292 0.038263
vt 0.833856 0.000000
vt 0.844195 0.000000
vt 0.836454 0.000000
vt 0.843175 0.000000
vt 0.843744 0.000000
vt 0.838745 0.000000
vt 0.842491 0.000000
vt 0.842712 0.000000
vt 0.843103 0.000000
vt 0.833422 0.009880
vt 0.891898 0.038263
vt 0.892463 0.038263
vt 0.892680 0.020118
vt 0.892334 0.000000
vt 0.893349 0.038263
vt 0.893079 0.020118
vt 0.894056 0.038263
vt 0.893511 0.000000
vt 0.904785 0.000000
vt 0.902685 0.000000
vt 0.903109 0.000000
vt 0.904140 0.000000
vt 0.900790 0.000000
vt 0.901890 0.000000
vt 0.903085 0.000000
vt 0.903343 0.000000
vt 0.892768 0.009880
vt 0.915468 0.038263
vt 0.916174 0.038263
vt 0.916445 0.020118
vt 0.916013 0.000000
vt 0.917060 0.038263
vt 0.916844 0.020118
vt 0.917626 0.038263
vt 0.917190 0.000000
vt 0.928681 0.000000
vt 0.926770 0.000000
vt 0.927381 0.000000
vt 0.928168 0.000000
vt 0.925454 0.000000
vt 0.926444 0.000000
vt 0.927049 0.000000
vt 0.927420 0.000000
vt 0.916756 0.009880
vt 0.975232 0.038263
vt 0.975797 0.038263
vt 0.976013 0.020118
vt 0.975667 0.000000
vt 0.976683 0.038263
vt 0.976412 0.020118
vt 0.977389 0.038263
vt 0.976845 0.000000
vt 0.990011 0.000000
vt 0.985862 0.000000
vt 0.986664 0.000000
vt 0.988995 0.000000
vt 0.982488 0.000000
vt 0.983927 0.000000
vt 0.987422 0.000000
vt 0.987557 0.000000
vt 0.976101 0.009880
vt 0.689024 0.000000
vt 0.702345 0.000000
vt 0.699703 0.000000
vt 0.686861 0.000000
vt 0.678684 1.000000
vt 0.691374 1.000000
vt 0.690870 0.980869
vt 0.678602 0.980869
vt 0.690476 0.961737
vt 0.678571 0.961737
vt 0.705738 0.000000
vt 0.709587 0.000000
vt 0.701139 1.000000
vt 0.701819 0.980868
vt 0.702381 0.961737
vt 0.721553 0.000000
vt 0.723053 0.000000
vt 0.714445 1.000000
vt 0.714342 0.980869
vt 0.714286 0.961737
vt 0.628237 0.000000
vt 0.634107 0.000000
vt 0.637757 0.000000
vt 0.627239 0.000000
vt 0.619771 1.000000
vt 0.630164 1.000000
vt 0.630690 0.980869
vt 0.619389 0.980869
vt 0.630952 0.961737
vt 0.619048 0.961737
vt 0.775531 0.000000
vt 0.771882 0.000000
vt 0.762693 1.000000
vt 0.762167 0.980869
vt 0.761905 0.961737
vt 0.781401 0.000000
vt 0.782400 0.000000
vt 0.773086 1.000000
vt 0.773468 0.980869
vt 0.773810 0.961737
vt 0.616984 0.000000
vt 0.615209 0.000000
vt 0.607885 1.000000
vt 0.607428 0.980869
vt 0.607143 0.961737
vt 0.792655 0.000000
vt 0.794429 0.000000
vt 0.784972 1.000000
vt 0.785430 0.980869
vt 0.785714 0.961737
vt 0.665452 0.000000
vt 0.662651 0.000000
vt 0.654762 1.000000
vt 0.654762 0.980869
vt 0.654762 0.961737
vt 0.745157 0.000000
vt 0.746988 0.000000
vt 0.738095 1.000000
vt 0.738095 0.980869
vt 0.738095 0.961737
vt 0.600311 0.000000
vt 0.602222 0.000000
vt 0.595052 1.000000
vt 0.595158 0.980868
vt 0.595238 0.961737
vt 0.810706 0.000000
vt 0.807417 0.000000
vt 0.797805 1.000000
vt 0.797699 0.980869
vt 0.797619 0.961737
vt 0.579955 0.000000
vt 0.578313 0.000000
vt 0.571429 1.000000
vt 0.571429 0.980869
vt 0.571429 0.961737
vt 0.829695 0.000000
vt 0.831325 0.000000
vt 0.821429 1.000000
vt 0.821429 0.980869
vt 0.821429 0.961737
vt 0.561291 0.000000
vt 0.554103 0.000000
vt 0.547507 1.000000
vt 0.547589 0.980869
vt 0.547619 0.961737
vt 0.844546 0.000000
vt 0.855535 0.000000
vt 0.845350 1.000000
vt 0.845268 0.980869
vt 0.845238 0.961737
vt 0.542633 0.000000
vt 0.542152 0.000000
vt 0.535698 1.000000
vt 0.535710 0.980869
vt 0.535714 0.961737
vt 0.866871 0.000000
vt 0.867486 0.000000
vt 0.857159 1.000000
vt 0.857147 0.980869
vt 0.857143 0.961737
vt 0.531673 0.000000
vt 0.530137 0.000000
vt 0.523826 1.000000
vt 0.523814 0.980869
vt 0.523810 0.961737
vt 0.877845 0.000000
vt 0.879501 0.000000
vt 0.869031 1.000000
vt 0.869043 0.980868
vt 0.869048 0.961737
vt 0.520540 0.000000
vt 0.518186 0.000000
vt 0.512017 1.000000
vt 0.511935 0.980869
vt 0.511905 0.961737
vt 0.888888 0.000000
vt 0.891453 0.000000
vt 0.880840 1.000000
vt 0.880922 0.980869
vt 0.880952 0.961737
vt 0.496306 0.000000
vt 0.493976 0.000000
vt 0.488095 1.000000
vt 0.488095 0.980869
vt 0.488095 0.961737
vt 0.913263 0.000000
vt 0.915663 0.000000
vt 0.904762 1.000000
vt 0.904762 0.980869
vt 0.904762 0.961737
vt 0.916667 0.914906
vt 0.910149 0.914906
vt 0.909493 0.928571
vt 0.916667 0.928571
vt 0.729495 0.000000
vt 0.731229 0.000000
vt 0.733132 0.000000
vt 0.730440 0.000000
vt 0.735263 0.000000
vt 0.731384 0.000000
vt 0.108293 0.914906
vt 0.104167 0.914906
vt 0.104167 0.928571
vt 0.108927 0.928571
vt 0.666414 0.000000
vt 0.667869 0.000000
vt 0.667382 0.000000
vt 0.664455 0.000000
vt 0.666894 0.000000
vt 0.662368 0.000000
vt 0.083334 0.914906
vt 0.083334 0.928571
vt 0.674925 0.000000
vt 0.674601 0.000000
vt 0.674277 0.000000
vt 0.681910 0.000000
vt 0.682064 0.000000
vt 0.682219 0.000000
vt 0.062500 0.928571
vt 0.062500 0.914906
vt 0.689662 0.000000
vt 0.689644 0.000000
vt 0.689626 0.000000
vt 0.041667 0.928571
vt 0.041667 0.914906
vt 0.020834 0.914906
vt 0.020834 0.928571
vt 0.697021 0.000000
vt 0.697210 0.000000
vt 0.697400 0.000000
vt 0.704992 0.000000
vt 0.704634 0.000000
vt 0.704275 0.000000
vt 0.000000 0.928571
vt 0.000000 0.914906
vt 0.712308 0.000000
vt 0.711787 0.000000
vt 0.711266 0.000000
vt 0.979167 0.928571
vt 1.000000 0.928571
vt 1.000000 0.914906
vt 0.979167 0.914906
vt 0.958333 0.914906
vt 0.958333 0.928571
vt 0.717874 0.000000
vt 0.718548 0.000000
vt 0.719223 0.000000
vt 0.725618 0.000000
vt 0.724801 0.000000
vt 0.723985 0.000000
vt 0.937500 0.928571
vt 0.937500 0.914906
vt 0.145834 0.914906
vt 0.125000 0.914906
vt 0.125000 0.928571
vt 0.145834 0.928571
vt 0.659764 0.000000
vt 0.663142 0.000000
vt 0.661969 0.000000
vt 0.658513 0.000000
vt 0.660796 0.000000
vt 0.657261 0.000000
vt 0.150513 0.914906
vt 0.150844 0.928571
vt 0.659235 0.000000
vt 0.657642 0.000000
vt 0.656071 0.000000
vt 0.895833 0.914906
vt 0.895833 0.928571
vt 0.735963 0.000000
vt 0.736482 0.000000
vt 0.737001 0.000000
vt 0.875000 0.914906
vt 0.875000 0.928571
vt 0.742801 0.000000
vt 0.743479 0.000000
vt 0.744157 0.000000
vt 0.750790 0.000000
vt 0.749964 0.000000
vt 0.749139 0.000000
vt 0.854167 0.928571
vt 0.854167 0.914906
vt 0.753568 0.000000
vt 0.751997 0.000000
vt 0.750579 0.000000
vt 0.849157 0.928571
vt 0.849487 0.914906
vt 0.833333 0.914906
vt 0.833333 0.928571
vt 0.757885 0.000000
vt 0.758428 0.000000
vt 0.758971 0.000000
vt 0.828496 0.914906
vt 0.828274 0.928571
vt 0.760001 0.000000
vt 0.761409 0.000000
vt 0.762793 0.000000
vt 0.471665 0.000000
vt 0.469766 0.000000
vt 0.464173 1.000000
vt 0.464256 0.980869
vt 0.464286 0.961737
vt 0.183035 0.914906
vt 0.166667 0.914906
vt 0.166667 0.928571
vt 0.183301 0.928571
vt 0.662339 0.000000
vt 0.660323 0.000000
vt 0.658599 0.000000
vt 0.661011 0.000000
vt 0.656875 0.000000
vt 0.659577 0.000000
vt 0.659188 0.000000
vt 0.651560 0.000000
vt 0.652855 0.000000
vt 0.659921 0.000000
vt 0.654094 0.000000
vt 0.660653 0.000000
vt 0.187500 0.928571
vt 0.204989 0.928571
vt 0.204821 0.914906
vt 0.187500 0.914906
vt 0.937525 0.000000
vt 0.939873 0.000000
vt 0.928684 1.000000
vt 0.928601 0.980869
vt 0.928571 0.961737
vt 0.812500 0.914906
vt 0.812500 0.928571
vt 0.758299 0.000000
vt 0.759836 0.000000
vt 0.761373 0.000000
vt 0.758078 0.000000
vt 0.756784 0.000000
vt 0.755471 0.000000
vt 0.795011 0.928571
vt 0.795179 0.914906
vt 0.791667 0.914906
vt 0.791667 0.928571
vt 0.755091 0.000000
vt 0.756500 0.000000
vt 0.757909 0.000000
vt 0.783494 0.914906
vt 0.783406 0.928571
vt 0.753782 0.000000
vt 0.755019 0.000000
vt 0.756281 0.000000
vt 0.459942 0.000000
vt 0.457815 0.000000
vt 0.452365 1.000000
vt 0.452377 0.980869
vt 0.452381 0.961737
vt 0.223038 0.914906
vt 0.208334 0.914906
vt 0.208334 0.928571
vt 0.223147 0.928571
vt 0.648713 0.000000
vt 0.653001 0.000000
vt 0.652037 0.000000
vt 0.647423 0.000000
vt 0.651074 0.000000
vt 0.646151 0.000000
vt 0.646931 0.000000
vt 0.648283 0.000000
vt 0.649546 0.000000
vt 0.648293 0.000000
vt 0.650796 0.000000
vt 0.649655 0.000000
vt 0.229167 0.928571
vt 0.234839 0.928572
vt 0.234807 0.914906
vt 0.229167 0.914906
vt 0.949553 0.000000
vt 0.951824 0.000000
vt 0.940493 1.000000
vt 0.940481 0.980869
vt 0.940476 0.961737
vt 0.770834 0.914906
vt 0.770834 0.928571
vt 0.757424 0.000000
vt 0.758566 0.000000
vt 0.759708 0.000000
vt 0.761356 0.000000
vt 0.760092 0.000000
vt 0.758817 0.000000
vt 0.765162 0.928572
vt 0.765194 0.914906
vt 0.753339 0.914906
vt 0.753317 0.928572
vt 0.754403 0.000000
vt 0.755686 0.000000
vt 0.756978 0.000000
vt 0.448970 0.000000
vt 0.445800 0.000000
vt 0.440493 1.000000
vt 0.440481 0.980869
vt 0.440476 0.961737
vt 0.641920 0.000000
vt 0.640612 0.000000
vt 0.641905 0.000000
vt 0.643183 0.000000
vt 0.643205 0.000000
vt 0.644446 0.000000
vt 0.250000 0.928571
vt 0.253317 0.928572
vt 0.253339 0.914906
vt 0.250000 0.914906
vt 0.645525 0.000000
vt 0.646850 0.000000
vt 0.648161 0.000000
vt 0.265162 0.928572
vt 0.265194 0.914906
vt 0.960611 0.000000
vt 0.963839 0.000000
vt 0.952365 1.000000
vt 0.952377 0.980869
vt 0.952381 0.961737
vt 0.750000 0.914906
vt 0.750000 0.928571
vt 0.755796 0.000000
vt 0.757120 0.000000
vt 0.758445 0.000000
vt 0.734806 0.914906
vt 0.734839 0.928572
vt 0.761452 0.000000
vt 0.762789 0.000000
vt 0.764113 0.000000
vt 0.438233 0.000000
vt 0.433849 0.000000
vt 0.428684 1.000000
vt 0.428602 0.980869
vt 0.428571 0.961737
vt 0.641714 0.000000
vt 0.635561 0.000000
vt 0.636949 0.000000
vt 0.643318 0.000000
vt 0.638383 0.000000
vt 0.644922 0.000000
vt 0.270834 0.928571
vt 0.283406 0.928571
vt 0.283494 0.914906
vt 0.270834 0.914906
vt 0.729167 0.914906
vt 0.729167 0.928571
vt 0.757948 0.000000
vt 0.758970 0.000000
vt 0.759993 0.000000
vt 0.723038 0.914906
vt 0.723147 0.928571
vt 0.753976 0.000000
vt 0.755304 0.000000
vt 0.756704 0.000000
vt 0.642316 0.000000
vt 0.643096 0.000000
vt 0.643876 0.000000
vt 0.291667 0.928571
vt 0.291667 0.914906
vt 0.295180 0.914906
vt 0.295012 0.928571
vt 0.646235 0.000000
vt 0.644860 0.000000
vt 0.643367 0.000000
vt 0.708334 0.914906
vt 0.708334 0.928571
vt 0.761673 0.000000
vt 0.763630 0.000000
vt 0.765588 0.000000
vt 0.766272 0.000000
vt 0.764779 0.000000
vt 0.763208 0.000000
vt 0.704989 0.928571
vt 0.704821 0.914906
vt 0.971210 0.000000
vt 0.975790 0.000000
vt 0.964174 1.000000
vt 0.964256 0.980869
vt 0.964286 0.961737
vt 0.629277 0.000000
vt 0.621324 0.000000
vt 0.622999 0.000000
vt 0.631808 0.000000
vt 0.624809 0.000000
vt 0.634339 0.000000
vt 0.312500 0.928571
vt 0.328274 0.928571
vt 0.328496 0.914906
vt 0.312500 0.914906
vt 0.687500 0.914906
vt 0.687500 0.928571
vt 0.747008 0.000000
vt 0.747095 0.000000
vt 0.747183 0.000000
vt 0.683034 0.914906
vt 0.683301 0.928571
vt 0.743049 0.000000
vt 0.744534 0.000000
vt 0.746270 0.000000
vt 0.630546 0.000000
vt 0.630193 0.000000
vt 0.629840 0.000000
vt 0.333334 0.928571
vt 0.333334 0.914906
vt 0.349488 0.914906
vt 0.349157 0.928571
vt 0.646537 0.000000
vt 0.644891 0.000000
vt 0.642895 0.000000
vt 0.666667 0.914906
vt 0.666667 0.928571
vt 0.753769 0.000000
vt 0.757003 0.000000
vt 0.760236 0.000000
vt 0.766743 0.000000
vt 0.764748 0.000000
vt 0.762568 0.000000
vt 0.650844 0.928571
vt 0.650513 0.914906
vt 0.413331 0.000000
vt 0.409639 0.000000
vt 0.404762 1.000000
vt 0.404762 0.980869
vt 0.404762 0.961737
vt 0.649024 0.000000
vt 0.650171 0.000000
vt 0.653012 0.000000
vt 0.650802 0.000000
vt 0.655704 0.000000
vt 0.652580 0.000000
vt 0.395834 0.928571
vt 0.409493 0.928571
vt 0.410149 0.914906
vt 0.395834 0.914906
vt 0.645409 0.000000
vt 0.647268 0.000000
vt 0.649126 0.000000
vt 0.375000 0.928571
vt 0.375000 0.914906
vt 0.643226 0.000000
vt 0.645133 0.000000
vt 0.647040 0.000000
vt 0.354167 0.928571
vt 0.354167 0.914906
vt 0.645834 0.914906
vt 0.625000 0.914906
vt 0.625000 0.928571
vt 0.645834 0.928571
vt 0.760570 0.000000
vt 0.750314 0.000000
vt 0.750807 0.000000
vt 0.761301 0.000000
vt 0.751300 0.000000
vt 0.762033 0.000000
vt 0.608293 0.914906
vt 0.608927 0.928571
vt 0.742121 0.000000
vt 0.744582 0.000000
vt 0.747365 0.000000
vt 0.659357 0.000000
vt 0.659389 0.000000
vt 0.659420 0.000000
vt 0.416667 0.928571
vt 0.416667 0.914906
vt 1.009912 0.000000
vt 0.998532 0.000000
vt 0.988095 1.000000
vt 0.988095 0.980869
vt 0.988095 0.961737
vt 0.604167 0.914906
vt 0.604167 0.928571
vt 0.741036 0.000000
vt 0.742902 0.000000
vt 0.744767 0.000000
vt 0.739306 0.000000
vt 0.737562 0.000000
vt 0.735819 0.000000
vt 0.583334 0.928571
vt 0.583334 0.914906
vt 0.732503 0.000000
vt 0.730910 0.000000
vt 0.729317 0.000000
vt 0.562500 0.928571
vt 0.562500 0.914906
vt 0.541667 0.914906
vt 0.541667 0.928571
vt 0.721642 0.000000
vt 0.723057 0.000000
vt 0.724471 0.000000
vt 0.520834 0.914906
vt 0.520834 0.928571
vt 0.712927 0.000000
vt 0.714139 0.000000
vt 0.715350 0.000000
vt 0.705296 0.000000
vt 0.704307 0.000000
vt 0.703319 0.000000
vt 0.500000 0.928571
vt 0.500000 0.914906
vt 0.479167 0.914906
vt 0.479167 0.928571
vt 0.692983 0.000000
vt 0.693731 0.000000
vt 0.694479 0.000000
vt 0.458334 0.914906
vt 0.458334 0.928571
vt 0.682096 0.000000
vt 0.682591 0.000000
vt 0.683087 0.000000
vt 0.671312 0.000000
vt 0.671078 0.000000
vt 0.670844 0.000000
vt 0.437500 0.928571
vt 0.437500 0.914906
vt 0.382864 0.000000
vt 0.385429 0.000000
vt 0.380840 1.000000
vt 0.380922 0.980869
vt 0.380952 0.961737
vt 0.014516 0.000000
vt 0.012162 0.000000
vt 0.012017 1.000000
vt 0.011935 0.980869
vt 0.011905 0.961737
vt 0.371821 0.000000
vt 0.373477 0.000000
vt 0.369031 1.000000
vt 0.369043 0.980868
vt 0.369048 0.961737
vt 0.025649 0.000000
vt 0.024113 0.000000
vt 0.023826 1.000000
vt 0.023814 0.980869
vt 0.023810 0.961737
vt 0.360846 0.000000
vt 0.361462 0.000000
vt 0.357159 1.000000
vt 0.357147 0.980869
vt 0.357143 0.961737
vt 0.036609 0.000000
vt 0.036128 0.000000
vt 0.035698 1.000000
vt 0.035710 0.980869
vt 0.035714 0.961737
vt 0.338522 0.000000
vt 0.349511 0.000000
vt 0.345350 1.000000
vt 0.345268 0.980869
vt 0.345238 0.961737
vt 0.055267 0.000000
vt 0.048079 0.000000
vt 0.047507 1.000000
vt 0.047589 0.980869
vt 0.047619 0.961737
vt 0.323671 0.000000
vt 0.325301 0.000000
vt 0.321429 1.000000
vt 0.321429 0.980869
vt 0.321429 0.961737
vt 0.073930 0.000000
vt 0.072289 0.000000
vt 0.071429 1.000000
vt 0.071429 0.980869
vt 0.071429 0.961737
vt 0.301180 0.000000
vt 0.301091 0.000000
vt 0.297507 1.000000
vt 0.297589 0.980869
vt 0.297619 0.961737
vt 0.096857 0.000000
vt 0.096499 0.000000
vt 0.095350 1.000000
vt 0.095268 0.980869
vt 0.095238 0.961737
vt 0.288681 0.000000
vt 0.289140 0.000000
vt 0.285698 1.000000
vt 0.285710 0.980869
vt 0.285714 0.961737
vt 0.108909 0.000000
vt 0.108450 0.000000
vt 0.107159 1.000000
vt 0.107147 0.980869
vt 0.107143 0.961737
vt 0.270107 0.000000
vt 0.266197 0.000000
vt 0.263028 1.000000
vt 0.262288 0.980869
vt 0.261905 0.961737
vt 0.239133 0.000000
vt 0.240964 0.000000
vt 0.238095 1.000000
vt 0.238095 0.980869
vt 0.238095 0.961737
vt 0.159428 0.000000
vt 0.156627 0.000000
vt 0.154762 1.000000
vt 0.154762 0.980869
vt 0.154762 0.961737
vt 0.127484 0.000000
vt 0.131393 0.000000
vt 0.129829 1.000000
vt 0.130570 0.980869
vt 0.130952 0.961737
vt 0.274113 0.000000
vt 0.276228 0.000000
vt 0.272939 1.000000
vt 0.273390 0.980868
vt 0.273810 0.961737
vt 0.123478 0.000000
vt 0.121363 0.000000
vt 0.119918 1.000000
vt 0.119468 0.980869
vt 0.119048 0.961737
vt 0.215529 0.000000
vt 0.217028 0.000000
vt 0.214445 1.000000
vt 0.214342 0.980869
vt 0.214286 0.961737
vt 0.183000 0.000000
vt 0.180836 0.000000
vt 0.178684 1.000000
vt 0.178602 0.980869
vt 0.178571 0.961737
vt 0.199714 0.000000
vt 0.203563 0.000000
vt 0.201139 1.000000
vt 0.201819 0.980869
vt 0.202381 0.961737
vt 0.196321 0.000000
vt 0.193679 0.000000
vt 0.191374 1.000000
vt 0.190870 0.980869
vt 0.190476 0.961737
vt 0.678571 0.038263
vt 0.690476 0.038263
vt 0.690717 0.000000
vt 0.678601 0.000000
vt 0.686777 0.000000
vt 0.699039 0.000000
vt 0.700570 0.000000
vt 0.687900 0.000000
vt 0.702345 0.000000
vt 0.689024 0.000000
vt 0.702381 0.038263
vt 0.702048 0.000000
vt 0.710507 0.000000
vt 0.708291 0.000000
vt 0.714286 0.038263
vt 0.714328 0.000000
vt 0.722935 0.000000
vt 0.722143 0.000000
vt 0.619048 0.038263
vt 0.630952 0.038263
vt 0.630741 0.000000
vt 0.619242 0.000000
vt 0.626702 0.000000
vt 0.638340 0.000000
vt 0.636331 0.000000
vt 0.627372 0.000000
vt 0.761905 0.038263
vt 0.762116 0.000000
vt 0.771298 0.000000
vt 0.773308 0.000000
vt 0.773810 0.038263
vt 0.773616 0.000000
vt 0.782936 0.000000
vt 0.782267 0.000000
vt 0.607143 0.038263
vt 0.607342 0.000000
vt 0.614659 0.000000
vt 0.615721 0.000000
vt 0.785714 0.038263
vt 0.785515 0.000000
vt 0.794979 0.000000
vt 0.793918 0.000000
vt 0.654762 0.038263
vt 0.654762 0.000000
vt 0.664720 0.000000
vt 0.738095 0.038263
vt 0.738095 0.000000
vt 0.745681 0.000000
vt 0.745157 0.000000
vt 0.595238 0.038263
vt 0.595188 0.000000
vt 0.602359 0.000000
vt 0.602885 0.000000
vt 0.600311 0.000000
vt 0.797619 0.038263
vt 0.797669 0.000000
vt 0.807279 0.000000
vt 0.806701 0.000000
vt 0.571429 0.038263
vt 0.571429 0.000000
vt 0.579200 0.000000
vt 0.579954 0.000000
vt 0.821429 0.038263
vt 0.821429 0.000000
vt 0.830470 0.000000
vt 0.829695 0.000000
vt 0.547619 0.038263
vt 0.547589 0.000000
vt 0.554186 0.000000
vt 0.561901 0.000000
vt 0.561292 0.000000
vt 0.845238 0.038263
vt 0.845268 0.000000
vt 0.855452 0.000000
vt 0.848946 0.000000
vt 0.844546 0.000000
vt 0.535714 0.038263
vt 0.535710 0.000000
vt 0.542164 0.000000
vt 0.542106 0.000000
vt 0.857143 0.038263
vt 0.857147 0.000000
vt 0.867474 0.000000
vt 0.867478 0.000000
vt 0.523810 0.038263
vt 0.523814 0.000000
vt 0.530125 0.000000
vt 0.530761 0.000000
vt 0.531673 0.000000
vt 0.869048 0.038263
vt 0.869043 0.000000
vt 0.879514 0.000000
vt 0.878817 0.000000
vt 0.877845 0.000000
vt 0.511905 0.038263
vt 0.511935 0.000000
vt 0.518103 0.000000
vt 0.519417 0.000000
vt 0.520540 0.000000
vt 0.880952 0.038263
vt 0.880922 0.000000
vt 0.891536 0.000000
vt 0.890100 0.000000
vt 0.488095 0.038263
vt 0.488095 0.000000
vt 0.495112 0.000000
vt 0.904762 0.038263
vt 0.904762 0.000000
vt 0.914492 0.000000
vt 0.910149 0.585094
vt 0.916667 0.585094
vt 0.916667 0.571429
vt 0.909493 0.571429
vt 0.729495 0.000000
vt 0.730439 0.000000
vt 0.733133 0.000000
vt 0.735264 0.000000
vt 0.725618 0.000000
vt 0.723985 0.000000
vt 0.937500 0.571429
vt 0.937500 0.585094
vt 0.958333 0.585094
vt 0.958333 0.571429
vt 0.717874 0.000000
vt 0.718548 0.000000
vt 0.719222 0.000000
vt 0.712308 0.000000
vt 0.979167 0.571429
vt 0.979167 0.585094
vt 0.704634 0.000000
vt 1.000000 0.571429
vt 1.000000 0.585094
vt 0.697400 0.000000
vt 0.697210 0.000000
vt 0.020834 0.571429
vt 0.000000 0.571429
vt 0.000000 0.585094
vt 0.020834 0.585094
vt 0.689662 0.000000
vt 0.689644 0.000000
vt 0.689626 0.000000
vt 0.041667 0.571429
vt 0.041667 0.585094
vt 0.681910 0.000000
vt 0.682064 0.000000
vt 0.062500 0.571429
vt 0.062500 0.585094
vt 0.674277 0.000000
vt 0.674601 0.000000
vt 0.674925 0.000000
vt 0.083334 0.571429
vt 0.083334 0.585094
vt 0.667869 0.000000
vt 0.104167 0.571429
vt 0.104167 0.585094
vt 0.666414 0.000000
vt 0.108928 0.571429
vt 0.108293 0.585094
vt 0.125000 0.585094
vt 0.125000 0.571429
vt 0.657261 0.000000
vt 0.658513 0.000000
vt 0.659764 0.000000
vt 0.145834 0.571429
vt 0.145834 0.585094
vt 0.150513 0.585094
vt 0.150844 0.571429
vt 0.657642 0.000000
vt 0.656071 0.000000
vt 0.875000 0.585094
vt 0.895833 0.585094
vt 0.895833 0.571429
vt 0.875000 0.571429
vt 0.735963 0.000000
vt 0.736482 0.000000
vt 0.737001 0.000000
vt 0.849487 0.585094
vt 0.854167 0.585094
vt 0.854167 0.571429
vt 0.849157 0.571429
vt 0.749139 0.000000
vt 0.749964 0.000000
vt 0.464286 0.038263
vt 0.464256 0.000000
vt 0.469849 0.000000
vt 0.470949 0.000000
vt 0.166667 0.585094
vt 0.166667 0.571429
vt 0.658599 0.000000
vt 0.656875 0.000000
vt 0.183035 0.585094
vt 0.183301 0.571429
vt 0.662338 0.000000
vt 0.758971 0.000000
vt 0.758428 0.000000
vt 0.757885 0.000000
vt 0.833333 0.571429
vt 0.833333 0.585094
vt 0.828496 0.585094
vt 0.828274 0.571429
vt 0.760001 0.000000
vt 0.761409 0.000000
vt 0.187500 0.585094
vt 0.187500 0.571429
vt 0.659921 0.000000
vt 0.204989 0.571429
vt 0.204821 0.585094
vt 0.761373 0.000000
vt 0.759836 0.000000
vt 0.812500 0.571429
vt 0.812500 0.585094
vt 0.928571 0.038263
vt 0.928602 0.000000
vt 0.939789 0.000000
vt 0.938746 0.000000
vt 0.937525 0.000000
vt 0.755471 0.000000
vt 0.795012 0.571429
vt 0.795179 0.585094
vt 0.452381 0.038263
vt 0.452377 0.000000
vt 0.457827 0.000000
vt 0.458783 0.000000
vt 0.208334 0.585094
vt 0.208334 0.571429
vt 0.223038 0.585094
vt 0.223147 0.571429
vt 0.646151 0.000000
vt 0.757909 0.000000
vt 0.791667 0.571429
vt 0.791667 0.585094
vt 0.783494 0.585094
vt 0.783406 0.571429
vt 0.753782 0.000000
vt 0.755019 0.000000
vt 0.756281 0.000000
vt 0.229167 0.585094
vt 0.229167 0.571429
vt 0.646931 0.000000
vt 0.234839 0.571429
vt 0.234807 0.585094
vt 0.758566 0.000000
vt 0.770834 0.571429
vt 0.770834 0.585094
vt 0.940476 0.038263
vt 0.940481 0.000000
vt 0.951812 0.000000
vt 0.950805 0.000000
vt 0.761356 0.000000
vt 0.760092 0.000000
vt 0.765162 0.571429
vt 0.765194 0.585094
vt 0.754403 0.000000
vt 0.753317 0.571429
vt 0.753339 0.585094
vt 0.250000 0.585094
vt 0.250000 0.571429
vt 0.643183 0.000000
vt 0.641920 0.000000
vt 0.253339 0.585094
vt 0.253317 0.571429
vt 0.440476 0.038263
vt 0.440481 0.000000
vt 0.445788 0.000000
vt 0.447537 0.000000
vt 0.265194 0.585094
vt 0.265162 0.571429
vt 0.764114 0.000000
vt 0.762789 0.000000
vt 0.757120 0.000000
vt 0.761452 0.000000
vt 0.750000 0.571429
vt 0.734839 0.571429
vt 0.734806 0.585094
vt 0.750000 0.585094
vt 0.952381 0.038263
vt 0.952377 0.000000
vt 0.963851 0.000000
vt 0.962019 0.000000
vt 0.759993 0.000000
vt 0.758970 0.000000
vt 0.757948 0.000000
vt 0.729167 0.571429
vt 0.729167 0.585094
vt 0.755304 0.000000
vt 0.753976 0.000000
vt 0.723147 0.571429
vt 0.723038 0.585094
vt 0.270834 0.585094
vt 0.270834 0.571429
vt 0.644922 0.000000
vt 0.283494 0.585094
vt 0.283406 0.571429
vt 0.428571 0.038263
vt 0.428602 0.000000
vt 0.433765 0.000000
vt 0.436681 0.000000
vt 0.291667 0.585094
vt 0.295180 0.585094
vt 0.295012 0.571429
vt 0.291667 0.571429
vt 0.643876 0.000000
vt 0.646235 0.000000
vt 0.643096 0.000000
vt 0.643367 0.000000
vt 0.642317 0.000000
vt 0.765588 0.000000
vt 0.761673 0.000000
vt 0.708334 0.571429
vt 0.708334 0.585094
vt 0.964286 0.038263
vt 0.964256 0.000000
vt 0.975873 0.000000
vt 0.972674 0.000000
vt 0.971210 0.000000
vt 0.704821 0.585094
vt 0.704989 0.571429
vt 0.763208 0.000000
vt 0.764779 0.000000
vt 0.766272 0.000000
vt 0.747183 0.000000
vt 0.747096 0.000000
vt 0.687500 0.571429
vt 0.687500 0.585094
vt 0.683301 0.571429
vt 0.683035 0.585094
vt 0.312500 0.585094
vt 0.312500 0.571429
vt 0.631808 0.000000
vt 0.629277 0.000000
vt 0.328496 0.585094
vt 0.328274 0.571429
vt 0.624809 0.000000
vt 0.622999 0.000000
vt 0.621324 0.000000
vt 0.333334 0.585094
vt 0.349488 0.585094
vt 0.349157 0.571429
vt 0.333334 0.571429
vt 0.630546 0.000000
vt 0.757002 0.000000
vt 0.666667 0.571429
vt 0.666667 0.585094
vt 0.650513 0.585094
vt 0.650844 0.571429
vt 0.762033 0.000000
vt 0.761301 0.000000
vt 0.760570 0.000000
vt 0.645834 0.571429
vt 0.645834 0.585094
vt 0.751300 0.000000
vt 0.747365 0.000000
vt 0.744582 0.000000
vt 0.750807 0.000000
vt 0.742121 0.000000
vt 0.750314 0.000000
vt 0.625000 0.571429
vt 0.608927 0.571429
vt 0.608293 0.585094
vt 0.625000 0.585094
vt 0.652580 0.000000
vt 0.409493 0.571429
vt 0.395834 0.571429
vt 0.395834 0.585094
vt 0.410149 0.585094
vt 0.404762 0.038263
vt 0.404762 0.000000
vt 0.409639 0.000000
vt 0.411582 0.000000
vt 0.354167 0.585094
vt 0.354167 0.571429
vt 0.645409 0.000000
vt 0.647267 0.000000
vt 0.649126 0.000000
vt 0.375000 0.571429
vt 0.375000 0.585094
vt 0.988095 0.038263
vt 0.988095 0.000000
vt 0.999607 0.000000
vt 1.006544 0.000000
vt 1.009912 0.000000
vt 0.416667 0.585094
vt 0.416667 0.571429
vt 0.659420 0.000000
vt 0.659389 0.000000
vt 0.659357 0.000000
vt 0.671312 0.000000
vt 0.671078 0.000000
vt 0.670844 0.000000
vt 0.437500 0.571429
vt 0.437500 0.585094
vt 0.458334 0.585094
vt 0.458334 0.571429
vt 0.682591 0.000000
vt 0.683087 0.000000
vt 0.479167 0.585094
vt 0.479167 0.571429
vt 0.693731 0.000000
vt 0.694480 0.000000
vt 0.500000 0.585094
vt 0.500000 0.571429
vt 0.704307 0.000000
vt 0.520834 0.585094
vt 0.520834 0.571429
vt 0.714139 0.000000
vt 0.715351 0.000000
vt 0.541667 0.585094
vt 0.541667 0.571429
vt 0.721643 0.000000
vt 0.723057 0.000000
vt 0.724472 0.000000
vt 0.562500 0.585094
vt 0.562500 0.571429
vt 0.732502 0.000000
vt 0.739306 0.000000
vt 0.583334 0.571429
vt 0.583334 0.585094
vt 0.604167 0.585094
vt 0.604167 0.571429
vt 0.741037 0.000000
vt 0.742902 0.000000
vt 0.744767 0.000000
vt 0.380952 0.038263
vt 0.380922 0.000000
vt 0.385512 0.000000
vt 0.384076 0.000000
vt 0.011905 0.038263
vt 0.011935 0.019131
vt 0.013393 0.000000
vt 0.014516 0.000000
vt 0.369048 0.038263
vt 0.369043 0.000000
vt 0.373489 0.000000
vt 0.372792 0.000000
vt 0.371821 0.000000
vt 0.023810 0.038263
vt 0.023814 0.019131
vt 0.024737 0.000000
vt 0.357143 0.038263
vt 0.357147 0.000000
vt 0.361450 0.000000
vt 0.361454 0.000000
vt 0.035714 0.038263
vt 0.035710 0.019131
vt 0.036082 0.000000
vt 0.345238 0.038263
vt 0.345268 0.000000
vt 0.349428 0.000000
vt 0.342922 0.000000
vt 0.338522 0.000000
vt 0.047619 0.038263
vt 0.047589 0.019131
vt 0.055877 0.000000
vt 0.055267 0.000000
vt 0.321429 0.038263
vt 0.321429 0.000000
vt 0.325301 0.000000
vt 0.324446 0.000000
vt 0.071429 0.038263
vt 0.071429 0.019131
vt 0.073176 0.000000
vt 0.297619 0.038263
vt 0.297589 0.000000
vt 0.301174 0.000000
vt 0.300322 0.000000
vt 0.095238 0.038263
vt 0.095268 0.019131
vt 0.097216 0.000000
vt 0.096857 0.000000
vt 0.285714 0.038263
vt 0.285710 0.000000
vt 0.289152 0.000000
vt 0.288853 0.000000
vt 0.107143 0.038263
vt 0.107147 0.019131
vt 0.108737 0.000000
vt 0.261905 0.038263
vt 0.262215 0.012754
vt 0.267583 0.000000
vt 0.238095 0.038263
vt 0.238095 0.019131
vt 0.239657 0.000000
vt 0.154762 0.038263
vt 0.154762 0.019131
vt 0.158696 0.000000
vt 0.130952 0.038263
vt 0.130570 0.019131
vt 0.130007 0.000000
vt 0.273810 0.038263
vt 0.273576 0.000000
vt 0.265669 0.000000
vt 0.276872 0.000000
vt 0.275610 0.000000
vt 0.119048 0.038263
vt 0.119468 0.019131
vt 0.121980 0.000000
vt 0.123478 0.000000
vt 0.214286 0.038263
vt 0.214342 0.019131
vt 0.216119 0.000000
vt 0.215529 0.000000
vt 0.178571 0.038263
vt 0.178602 0.019131
vt 0.181876 0.000000
vt 0.202381 0.038263
vt 0.201819 0.019131
vt 0.202267 0.000000
vt 0.190476 0.038263
vt 0.190870 0.019131
vt 0.194546 0.000000
s 1
usemtl 
f 1/1/1 4/2/2 6/3/3 5/4/4
f 4/2/2 8/5/5 9/6/6 6/3/3
s 0
f 2/7/7 7/8/7 9/9/7 8/10/7
s 1
f 7/11/8 11/12/9 12/13/10 9/14/6
f 3/15/11 10/16/12 12/13/10 11/12/9
f 10/17/12 5/4/4 6/3/3 12/18/10
f 6/3/3 9/6/6 12/18/10
f 29/19/13 32/20/14 34/21/15 33/22/16
f 32/20/14 36/23/17 37/24/18 34/21/15
s 0
f 30/25/19 35/26/19 37/27/19 36/28/19
s 1
f 35/29/20 39/30/21 40/31/22 37/24/18
f 31/32/23 38/33/24 40/31/22 39/30/21
f 38/33/24 33/22/16 34/21/15 40/31/22
f 34/21/15 37/24/18 40/31/22
f 45/34/25 48/35/26 50/36/27 49/37/28
f 48/35/26 52/38/29 53/39/30 50/36/27
s 0
f 46/40/31 51/41/31 53/42/31 52/43/31
s 1
f 51/44/32 55/45/33 56/46/34 53/39/30
f 47/47/35 54/48/36 56/46/34 55/45/33
f 54/48/36 49/37/28 50/36/27 56/46/34
f 50/36/27 53/39/30 56/46/34
f 73/49/37 76/50/38 78/51/39 77/52/40
f 76/50/38 80/53/41 81/54/42 78/51/39
f 74/55/43 79/56/44 81/54/42 80/53/41
f 79/56/44 83/57/45 84/58/46 81/54/42
s 0
f 75/59/47 82/60/47 84/60/47 83/61/47
s 1
f 82/62/48 77/52/40 78/51/39 84/58/46
f 78/51/39 81/54/42 84/58/46
f 89/63/49 92/64/50 94/65/51 93/66/52
f 92/64/50 96/67/53 97/68/54 94/65/51
s 0
f 90/69/55 95/70/55 97/71/55 96/72/55
s 1
f 95/73/56 99/74/57 100/75/58 97/68/54
f 91/76/59 98/77/60 100/75/58 99/74/57
f 98/77/60 93/66/52 94/65/51 100/75/58
f 94/65/51 97/68/54 100/75/58
f 117/78/61 120/79/62 122/80/63 121/81/64
f 120/79/62 124/82/65 125/83/66 122/80/63
f 118/84/67 123/85/68 125/83/66 124/82/65
f 123/85/68 127/86/69 128/87/70 125/83/66
s 0
f 119/88/71 126/89/71 128/90/71 127/91/71
s 1
f 126/92/72 121/81/64 122/80/63 128/87/70
f 122/80/63 125/83/66 128/87/70
f 133/93/73 136/94/74 138/95/75 137/96/76
f 136/94/74 140/97/77 141/98/78 138/95/75
f 134/99/79 139/100/80 141/98/78 140/97/77
f 139/100/80 143/101/81 144/102/82 141/98/78
s 0
f 135/103/83 142/104/83 144/105/83 143/106/83
s 1
f 142/107/84 137/96/76 138/95/75 144/102/82
f 138/95/75 141/98/78 144/102/82
f 161/108/85 164/109/86 166/110/87 165/111/88
f 164/109/86 168/112/89 169/113/90 166/110/87
f 162/114/91 167/115/92 169/113/90 168/112/89
f 167/115/92 171/116/93 172/117/94 169/113/90
s 0
f 163/118/95 170/119/95 172/120/95 171/121/95
s 1
f 170/122/96 165/111/88 166/110/87 172/117/94
f 166/110/87 169/113/90 172/117/94
f 177/123/97 180/124/98 182/125/99 181/126/100
f 180/124/98 184/127/101 185/128/102 182/125/99
f 178/129/103 183/130/104 185/128/102 184/127/101
f 183/130/104 187/131/105 188/132/106 185/128/102
s 0
f 179/133/107 186/134/107 188/135/107 187/136/107
s 1
f 186/137/108 181/126/100 182/125/99 188/132/106
f 182/125/99 185/128/102 188/132/106
f 205/138/109 208/139/110 210/140/111 209/141/112
f 208/139/110 212/142/113 213/143/114 210/140/111
f 206/144/115 211/145/116 213/143/114 212/142/113
f 211/145/116 215/146/117 216/147/118 213/143/114
s 0
f 207/148/119 214/149/119 216/150/119 215/151/119
s 1
f 214/152/120 209/141/112 210/140/111 216/147/118
f 210/140/111 213/143/114 216/147/118
f 221/153/121 224/154/122 226/155/123 225/156/124
f 224/154/122 228/157/125 229/158/126 226/155/123
f 222/159/127 227/160/128 229/158/126 228/157/125
f 227/160/128 231/161/129 232/162/130 229/158/126
s 0
f 223/163/131 230/164/131 232/165/131 231/166/131
s 1
f 230/167/132 225/156/124 226/155/123 232/162/130
f 226/155/123 229/158/126 232/162/130
f 249/168/133 252/169/134 254/170/135 253/171/136
f 252/169/134 256/172/137 257/173/138 254/170/135
f 250/174/139 255/175/140 257/173/138 256/172/137
f 255/175/140 259/176/141 260/177/142 257/173/138
s 0
f 251/178/143 258/179/143 260/180/143 259/181/143
s 1
f 258/182/144 253/171/136 254/170/135 260/177/142
f 254/170/135 257/173/138 260/177/142
f 265/183/145 268/184/146 270/185/147 269/186/148
f 268/184/146 272/187/149 273/188/150 270/185/147
f 266/189/151 271/190/152 273/188/150 272/187/149
f 271/190/152 275/191/153 276/192/154 273/188/150
s 0
f 267/193/155 274/194/155 276/195/155 275/196/155
s 1
f 274/197/156 269/186/148 270/185/147 276/192/154
f 270/185/147 273/188/150 276/192/154
f 293/198/157 296/199/158 298/200/159 297/201/160
f 296/199/158 300/202/161 301/203/162 298/200/159
f 294/204/163 299/205/164 301/203/162 300/202/161
f 299/205/164 303/206/165 304/207/166 301/203/162
s 0
f 295/208/167 302/209/167 304/210/167 303/211/167
s 1
f 302/212/168 297/201/160 298/200/159 304/207/166
f 298/200/159 301/203/162 304/207/166
f 309/213/169 312/214/170 314/215/171 313/216/172
f 312/214/170 316/217/173 317/218/174 314/215/171
f 310/219/175 315/220/176 317/218/174 316/217/173
f 315/220/176 319/221/177 320/222/178 317/218/174
s 0
f 311/223/179 318/224/179 320/225/179 319/226/179
s 1
f 318/227/180 313/216/172 314/215/171 320/222/178
f 314/215/171 317/218/174 320/222/178
f 337/228/181 340/229/182 342/230/183 341/231/184
f 340/229/182 344/232/185 345/233/186 342/230/183
s 0
f 338/234/187 343/235/187 345/236/187 344/237/187
s 1
f 343/238/188 347/239/189 348/240/190 345/233/186
f 339/241/191 346/242/192 348/240/190 347/239/189
f 346/242/192 341/231/184 342/230/183 348/240/190
f 342/230/183 345/233/186 348/240/190
f 353/243/193 356/244/194 358/245/195 357/246/196
f 356/244/194 360/247/197 361/248/198 358/245/195
f 354/249/199 359/250/200 361/248/198 360/247/197
f 359/250/200 363/251/201 364/252/202 361/248/198
s 0
f 355/253/203 362/254/203 364/255/203 363/256/203
s 1
f 362/257/204 357/246/196 358/245/195 364/252/202
f 358/245/195 361/248/198 364/252/202
f 381/258/205 384/259/206 386/260/207 385/261/208
f 384/259/206 388/262/209 389/263/210 386/260/207
s 0
f 382/264/211 387/265/211 389/266/211 388/267/211
s 1
f 387/268/212 391/269/213 392/270/214 389/263/210
f 383/271/215 390/272/216 392/270/214 391/269/213
f 390/272/216 385/261/208 386/260/207 392/270/214
f 386/260/207 389/263/210 392/270/214
f 397/273/217 400/274/218 402/275/219 401/276/220
f 400/274/218 404/277/221 405/278/222 402/275/219
f 398/279/223 403/280/224 405/278/222 404/277/221
f 403/280/224 407/281/225 408/282/226 405/278/222
s 0
f 399/283/227 406/284/227 408/285/227 407/286/227
s 1
f 406/287/228 401/276/220 402/275/219 408/282/226
f 402/275/219 405/278/222 408/282/226
f 425/288/229 428/289/230 430/290/231 429/291/232
f 428/289/230 432/292/233 433/293/234 430/290/231
s 0
f 426/294/235 431/295/235 433/296/235 432/297/235
s 1
f 431/298/236 435/299/237 436/300/238 433/293/234
f 427/301/239 434/302/240 436/300/238 435/299/237
f 434/302/240 429/291/232 430/290/231 436/300/238
f 430/290/231 433/293/234 436/300/238
f 441/303/241 444/304/242 446/305/243 445/306/244
f 444/304/242 448/307/245 449/308/246 446/305/243
s 0
f 442/309/247 447/310/247 449/311/247 448/312/247
s 1
f 447/313/248 451/314/249 452/315/250 449/308/246
f 443/316/251 450/317/252 452/315/250 451/314/249
f 450/317/252 445/306/244 446/305/243 452/315/250
f 446/305/243 449/308/246 452/315/250
f 469/318/253 472/319/254 474/320/255 473/321/256
f 472/319/254 476/322/257 477/323/258 474/320/255
s 0
f 470/324/259 475/325/259 477/326/259 476/327/259
s 1
f 475/328/260 479/329/261 480/330/262 477/323/258
f 471/331/263 478/332/264 480/330/262 479/329/261
f 478/332/264 473/321/256 474/320/255 480/330/262
f 474/320/255 477/323/258 480/330/262
f 485/333/265 488/334/266 490/335/267 489/336/268
f 488/334/266 492/337/269 493/338/270 490/335/267
s 0
f 486/339/271 491/340/271 493/341/271 492/342/271
s 1
f 491/343/272 495/344/273 496/345/274 493/338/270
f 487/346/275 494/347/276 496/345/274 495/344/273
f 494/347/276 489/336/268 490/335/267 496/345/274
f 490/335/267 493/338/270 496/345/274
f 513/348/277 516/349/278 518/350/279 517/351/280
f 516/349/278 520/352/281 521/353/282 518/350/279
s 0
f 514/354/283 519/355/283 521/356/283 520/357/283
s 1
f 519/358/284 523/359/285 524/360/286 521/353/282
f 515/361/287 522/362/288 524/360/286 523/359/285
f 522/362/288 517/351/280 518/350/279 524/360/286
f 518/350/279 521/353/282 524/360/286
f 529/363/289 532/364/290 534/365/291 533/366/292
f 532/364/290 536/367/293 537/368/294 534/365/291
f 530/369/295 535/370/296 537/371/294 536/372/293
f 535/370/296 539/373/297 540/374/298 537/371/294
s 0
f 531/375/299 538/376/299 540/374/299 539/373/299
f 538/376/300 533/377/300 534/378/300 540/374/300
s 1
f 534/365/291 537/368/294 540/379/298
f 557/380/301 560/381/302 562/382/303 561/383/304
f 560/381/302 564/384/305 565/385/306 562/382/303
f 558/386/307 563/387/308 565/385/306 564/384/305
f 563/387/308 567/388/309 568/389/310 565/385/306
s 0
f 559/390/311 566/391/311 568/389/311 567/388/311
f 566/391/312 561/383/312 562/382/312 568/389/312
s 1
f 562/382/303 565/385/306 568/389/310
f 573/392/313 576/393/314 578/394/315 577/395/316
f 576/393/314 580/396/317 581/397/318 578/394/315
f 574/398/319 579/399/320 581/397/318 580/396/317
f 579/399/320 583/400/321 584/401/322 581/397/318
s 0
f 575/402/323 582/403/323 584/401/323 583/400/323
f 582/403/324 577/395/324 578/394/324 584/401/324
s 1
f 578/394/315 581/397/318 584/401/322
f 601/404/325 604/405/326 606/406/327 605/407/328
f 604/405/326 608/408/329 609/409/330 606/406/327
s 0
f 602/410/331 607/411/331 609/409/331 608/408/331
f 607/411/332 611/412/332 612/413/332 609/409/332
s 1
f 603/414/333 610/415/334 612/413/335 611/412/336
f 610/415/334 605/407/328 606/406/327 612/413/335
f 606/406/327 609/409/330 612/413/335
f 617/416/337 620/417/338 622/418/339 621/419/340
f 620/417/338 624/420/341 625/421/342 622/418/339
f 618/422/343 623/423/344 625/421/342 624/420/341
f 623/423/344 627/424/345 628/425/346 625/421/342
s 0
f 619/426/347 626/427/347 628/425/347 627/424/347
f 626/427/348 621/419/348 622/418/348 628/425/348
s 1
f 622/418/339 625/421/342 628/425/346
f 645/428/349 648/429/350 650/430/351 649/431/352
f 648/429/350 652/432/353 653/433/354 650/430/351
s 0
f 646/434/355 651/435/355 653/433/355 652/432/355
f 651/435/356 655/436/356 656/437/356 653/433/356
s 1
f 647/438/357 654/439/358 656/437/359 655/436/360
f 654/439/358 649/431/352 650/430/351 656/437/359
f 650/430/351 653/433/354 656/437/359
f 661/440/361 664/441/362 666/442/363 665/443/364
f 664/441/362 668/444/365 669/445/366 666/442/363
s 0
f 662/446/367 667/447/367 669/445/367 668/444/367
f 667/447/368 671/448/368 672/449/368 669/445/368
s 1
f 663/450/369 670/451/370 672/449/371 671/448/372
f 670/451/370 665/443/364 666/442/363 672/449/371
f 666/442/363 669/445/366 672/449/371
f 689/452/373 692/453/374 694/454/375 693/455/376
s 0
f 692/456/377 696/457/377 697/458/377 694/459/377
f 690/460/378 695/461/378 697/458/378 696/457/378
f 695/461/379 699/462/379 700/463/379 697/458/379
s 1
f 691/464/380 698/465/381 700/466/382 699/467/383
f 698/465/381 693/455/376 694/454/375 700/466/382
s 0
f 694/459/384 697/458/384 700/463/384
s 1
f 705/468/385 708/469/386 710/470/387 709/471/388
s 0
f 708/472/389 712/473/389 713/474/389 710/475/389
f 706/476/390 711/477/390 713/474/390 712/473/390
f 711/477/391 715/478/391 716/479/391 713/474/391
s 1
f 707/480/392 714/481/393 716/482/394 715/483/395
f 714/481/393 709/471/388 710/470/387 716/482/394
s 0
f 710/475/396 713/474/396 716/479/396
s 1
f 733/484/397 736/485/398 738/486/399 737/487/400
s 0
f 736/488/401 740/489/401 741/490/401 738/491/401
f 734/492/402 739/493/402 741/490/402 740/489/402
f 739/493/403 743/494/403 744/495/403 741/490/403
s 1
f 735/496/404 742/497/405 744/498/406 743/499/407
f 742/497/405 737/487/400 738/486/399 744/498/406
s 0
f 738/491/408 741/490/408 744/495/408
s 1
f 749/500/409 752/501/410 754/502/411 753/503/412
s 0
f 752/504/413 756/505/413 757/506/413 754/507/413
f 750/508/414 755/509/414 757/506/414 756/505/414
f 755/509/415 759/510/415 760/511/415 757/506/415
s 1
f 751/512/416 758/513/417 760/514/418 759/515/419
f 758/513/417 753/503/412 754/502/411 760/514/418
s 0
f 754/507/420 757/506/420 760/511/420
s 1
f 777/516/421 780/517/422 782/518/423 781/519/424
s 0
f 780/520/425 784/521/425 785/522/425 782/523/425
f 778/524/426 783/525/426 785/522/426 784/521/426
f 783/525/427 787/526/427 788/527/427 785/522/427
s 1
f 779/528/428 786/529/429 788/530/430 787/531/431
f 786/529/429 781/519/424 782/518/423 788/530/430
s 0
f 782/523/432 785/522/432 788/527/432
s 1
f 793/532/433 796/533/434 798/534/435 797/535/436
s 0
f 796/536/437 800/537/437 801/538/437 798/539/437
f 794/540/438 799/541/438 801/538/438 800/537/438
f 799/541/439 803/542/439 804/543/439 801/538/439
s 1
f 795/544/440 802/545/441 804/546/442 803/547/443
f 802/545/441 797/535/436 798/534/435 804/546/442
s 0
f 798/539/444 801/538/444 804/543/444
s 1
f 821/548/445 824/549/446 826/550/447 825/551/448
s 0
f 824/552/449 828/553/449 829/554/449 826/555/449
f 822/556/450 827/557/450 829/554/450 828/553/450
f 827/557/451 831/558/451 832/559/451 829/554/451
s 1
f 823/560/452 830/561/453 832/562/454 831/563/455
f 830/561/453 825/551/448 826/550/447 832/562/454
s 0
f 826/555/456 829/554/456 832/559/456
s 1
f 837/564/457 840/565/458 842/566/459 841/567/460
s 0
f 840/568/461 844/569/461 845/570/461 842/571/461
f 838/572/462 843/573/462 845/570/462 844/569/462
f 843/573/463 847/574/463 848/575/463 845/570/463
s 1
f 839/576/464 846/577/465 848/578/466 847/579/467
f 846/577/465 841/567/460 842/566/459 848/578/466
s 0
f 842/571/468 845/570/468 848/575/468
s 1
f 865/580/469 868/581/470 870/582/471 869/583/472
f 868/581/470 872/584/473 873/585/474 870/582/471
f 866/586/475 871/587/476 873/585/474 872/584/473
s 0
f 871/588/477 875/589/477 876/590/477 873/591/477
f 867/592/478 874/593/478 876/590/478 875/589/478
f 874/593/479 869/594/479 870/595/479 876/590/479
s 1
f 870/582/471 873/585/474 876/596/480
f 881/597/481 884/598/482 886/599/483 885/600/484
s 0
f 884/601/485 888/602/485 889/603/485 886/604/485
f 882/605/486 887/606/486 889/603/486 888/602/486
f 887/606/487 891/607/487 892/608/487 889/603/487
s 1
f 883/609/488 890/610/489 892/611/490 891/612/491
f 890/610/489 885/600/484 886/599/483 892/611/490
s 0
f 886/604/492 889/603/492 892/608/492
s 1
f 909/613/493 912/614/494 914/615/495 913/616/496
f 912/614/494 916/617/497 917/618/498 914/615/495
f 910/619/499 915/620/500 917/618/498 916/617/497
s 0
f 915/621/501 919/622/501 920/623/501 917/624/501
f 911/625/502 918/626/502 920/623/502 919/622/502
f 918/626/503 913/627/503 914/628/503 920/623/503
s 1
f 914/615/495 917/618/498 920/629/504
f 925/630/505 928/631/506 930/632/507 929/633/508
s 0
f 928/634/509 932/635/509 933/636/509 930/637/509
f 926/638/510 931/639/510 933/636/510 932/635/510
f 931/639/511 935/640/511 936/641/511 933/636/511
s 1
f 927/642/512 934/643/513 936/644/514 935/645/515
f 934/643/513 929/633/508 930/632/507 936/644/514
s 0
f 930/637/516 933/636/516 936/641/516
s 1
f 953/646/517 956/647/518 958/648/519 957/649/520
f 956/647/518 960/650/521 961/651/522 958/648/519
f 954/652/523 959/653/524 961/651/522 960/650/521
s 0
f 959/654/525 963/655/525 964/656/525 961/657/525
f 955/658/526 962/659/526 964/656/526 963/655/526
f 962/659/527 957/660/527 958/661/527 964/656/527
s 1
f 958/648/519 961/651/522 964/662/528
f 969/663/529 972/664/530 974/665/531 973/666/532
f 972/664/530 976/667/533 977/668/534 974/665/531
f 970/669/535 975/670/536 977/668/534 976/667/533
s 0
f 975/671/537 979/672/537 980/673/537 977/674/537
f 971/675/538 978/676/538 980/673/538 979/672/538
f 978/676/539 973/677/539 974/678/539 980/673/539
s 1
f 974/665/531 977/668/534 980/679/540
f 997/680/541 1000/681/542 1002/682/543 1001/683/544
f 1000/681/542 1004/684/545 1005/685/546 1002/682/543
f 998/686/547 1003/687/548 1005/685/546 1004/684/545
s 0
f 1003/688/549 1007/689/549 1008/690/549 1005/691/549
f 999/692/550 1006/693/550 1008/690/550 1007/689/550
f 1006/693/551 1001/694/551 1002/695/551 1008/690/551
s 1
f 1002/682/543 1005/685/546 1008/696/552
f 1013/697/553 1016/698/554 1018/699/555 1017/700/556
f 1016/698/554 1020/701/557 1021/702/558 1018/699/555
f 1014/703/559 1019/704/560 1021/702/558 1020/701/557
s 0
f 1019/705/561 1023/706/561 1024/707/561 1021/708/561
f 1015/709/562 1022/710/562 1024/707/562 1023/706/562
f 1022/710/563 1017/711/563 1018/712/563 1024/707/563
s 1
f 1018/699/555 1021/702/558 1024/713/564
f 1041/714/565 1044/715/566 1046/716/567 1045/717/568
f 1044/715/566 1048/718/569 1049/719/570 1046/716/567
f 1042/720/571 1047/721/572 1049/719/570 1048/718/569
s 0
f 1047/722/573 1051/723/573 1052/724/573 1049/725/573
f 1043/726/574 1050/727/574 1052/724/574 1051/723/574
f 1050/727/575 1045/728/575 1046/729/575 1052/724/575
s 1
f 1046/716/567 1049/719/570 1052/730/576
s 0
f 366/731/577 369/732/577 371/733/577 368/734/577
s 1
f 368/735/578 371/736/579 372/737/580 367/738/581
f 367/738/581 372/737/580 370/739/582 365/740/583
s 0
f 369/732/584 373/741/584 375/742/584 371/733/584
s 1
f 371/736/579 375/743/585 376/744/586 372/737/580
f 372/737/580 376/744/586 374/745/587 370/739/582
s 0
f 373/741/588 377/746/588 379/747/588 375/742/588
s 1
f 375/743/585 379/748/589 380/749/590 376/744/586
f 376/744/586 380/749/590 378/750/591 374/745/587
s 0
f 355/253/592 366/731/592 368/734/592 362/254/592
s 1
f 362/257/204 368/735/578 367/738/581 357/246/196
f 357/246/196 367/738/581 365/740/583 353/243/193
s 0
f 377/746/593 382/264/593 388/267/593 379/747/593
s 1
f 379/748/589 388/262/209 384/259/206 380/749/590
f 380/749/590 384/259/206 381/258/205 378/750/591
s 0
f 330/751/594 333/752/594 335/753/594 332/754/594
s 1
f 332/755/595 335/756/596 336/757/597 331/758/598
f 331/758/598 336/757/597 334/759/599 329/760/600
s 0
f 333/752/601 338/234/601 344/237/601 335/753/601
s 1
f 335/756/596 344/232/185 340/229/182 336/757/597
f 336/757/597 340/229/182 337/228/181 334/759/599
s 0
f 399/283/602 409/761/602 411/762/602 406/284/602
s 1
f 406/287/228 411/763/603 412/764/604 401/276/220
f 401/276/220 412/764/604 410/765/605 397/273/217
s 0
f 409/761/606 413/766/606 415/767/606 411/762/606
s 1
f 411/763/603 415/768/607 416/769/608 412/764/604
f 412/764/604 416/769/608 414/770/609 410/765/605
s 0
f 326/771/610 330/751/610 332/754/610 328/772/610
s 1
f 328/773/611 332/755/595 331/758/598 327/774/612
f 327/774/612 331/758/598 329/760/600 325/775/613
s 0
f 413/766/614 417/776/614 419/777/614 415/767/614
s 1
f 415/768/607 419/778/615 420/779/616 416/769/608
f 416/769/608 420/779/616 418/780/617 414/770/609
s 0
f 350/781/618 355/253/618 363/256/618 352/782/618
s 1
f 352/783/619 363/251/201 359/250/200 351/784/620
f 351/784/620 359/250/200 354/249/199 349/785/621
s 0
f 382/264/622 393/786/622 395/787/622 387/265/622
s 1
f 387/268/212 395/788/623 396/789/624 391/269/213
f 391/269/213 396/789/624 394/790/625 383/271/215
s 0
f 322/791/626 326/771/626 328/772/626 324/792/626
s 1
f 324/793/627 328/773/611 327/774/612 323/794/628
f 323/794/628 327/774/612 325/775/613 321/795/629
s 0
f 417/776/630 421/796/630 423/797/630 419/777/630
s 1
f 419/778/615 423/798/631 424/799/632 420/779/616
f 420/779/616 424/799/632 422/800/633 418/780/617
s 0
f 338/234/634 350/781/634 352/782/634 343/235/634
s 1
f 343/238/188 352/783/619 351/784/620 347/239/189
f 347/239/189 351/784/620 349/785/621 339/241/191
s 0
f 393/786/635 399/283/635 407/286/635 395/787/635
s 1
f 395/788/623 407/281/225 403/280/224 396/789/624
f 396/789/624 403/280/224 398/279/223 394/790/625
s 0
f 311/223/636 322/791/636 324/792/636 318/224/636
s 1
f 318/227/180 324/793/627 323/794/628 313/216/172
f 313/216/172 323/794/628 321/795/629 309/213/169
s 0
f 421/796/637 426/294/637 432/297/637 423/797/637
s 1
f 423/798/631 432/292/233 428/289/230 424/799/632
f 424/799/632 428/289/230 425/288/229 422/800/633
s 0
f 306/801/638 311/223/638 319/226/638 308/802/638
s 1
f 308/803/639 319/221/177 315/220/176 307/804/640
f 307/804/640 315/220/176 310/219/175 305/805/641
s 0
f 426/294/642 437/806/642 439/807/642 431/295/642
s 1
f 431/298/236 439/808/643 440/809/644 435/299/237
f 435/299/237 440/809/644 438/810/645 427/301/239
s 0
f 295/208/646 306/801/646 308/802/646 302/209/646
s 1
f 302/212/168 308/803/639 307/804/640 297/201/160
f 297/201/160 307/804/640 305/805/641 293/198/157
s 0
f 437/806/647 442/309/647 448/312/647 439/807/647
s 1
f 439/808/643 448/307/245 444/304/242 440/809/644
f 440/809/644 444/304/242 441/303/241 438/810/645
s 0
f 290/811/648 295/208/648 303/211/648 292/812/648
s 1
f 292/813/649 303/206/165 299/205/164 291/814/650
f 291/814/650 299/205/164 294/204/163 289/815/651
s 0
f 442/309/652 453/816/652 455/817/652 447/310/652
s 1
f 447/313/248 455/818/653 456/819/654 451/314/249
f 451/314/249 456/819/654 454/820/655 443/316/251
s 0
f 286/821/656 290/811/656 292/812/656 288/822/656
s 1
f 288/823/657 292/813/649 291/814/650 287/824/658
f 287/824/658 291/814/650 289/815/651 285/825/659
s 0
f 453/816/660 457/826/660 459/827/660 455/817/660
s 1
f 455/818/653 459/828/661 460/829/662 456/819/654
f 456/819/654 460/829/662 458/830/663 454/820/655
s 0
f 282/831/664 286/821/664 288/822/664 284/832/664
s 1
f 284/833/665 288/823/657 287/824/658 283/834/666
f 283/834/666 287/824/658 285/825/659 281/835/667
s 0
f 457/826/668 461/836/668 463/837/668 459/827/668
s 1
f 459/828/661 463/838/669 464/839/670 460/829/662
f 460/829/662 464/839/670 462/840/671 458/830/663
s 0
f 278/841/672 282/831/672 284/832/672 280/842/672
s 1
f 280/843/673 284/833/665 283/834/666 279/844/674
f 279/844/674 283/834/666 281/835/667 277/845/675
s 0
f 461/836/676 465/846/676 467/847/676 463/837/676
s 1
f 463/838/669 467/848/677 468/849/678 464/839/670
f 464/839/670 468/849/678 466/850/679 462/840/671
s 0
f 267/193/680 278/841/680 280/842/680 274/194/680
s 1
f 274/197/156 280/843/673 279/844/674 269/186/148
f 269/186/148 279/844/674 277/845/675 265/183/145
s 0
f 465/846/681 470/324/681 476/327/681 467/847/681
s 1
f 467/848/677 476/322/257 472/319/254 468/849/678
f 468/849/678 472/319/254 469/318/253 466/850/679
s 0
f 262/851/682 267/193/682 275/196/682 264/852/682
s 1
f 264/853/683 275/191/153 271/190/152 263/854/684
f 263/854/684 271/190/152 266/189/151 261/855/685
s 0
f 470/324/686 481/856/686 483/857/686 475/325/686
s 1
f 475/328/260 483/858/687 484/859/688 479/329/261
f 479/329/261 484/859/688 482/860/689 471/331/263
s 0
f 1086/861/690 1089/862/690 1091/863/690 1088/864/690
f 1088/865/691 1091/866/691 1092/867/691 1087/868/691
f 1087/868/692 1092/867/692 1090/869/692 1085/870/692
f 251/178/693 262/851/693 264/852/693 258/179/693
s 1
f 258/182/144 264/853/683 263/854/684 253/171/136
f 253/171/136 263/854/684 261/855/685 249/168/133
s 0
f 1057/871/694 1061/872/694 1063/873/694 1059/874/694
f 1059/875/695 1063/876/695 1064/877/695 1060/878/695
f 1060/878/696 1064/877/696 1062/879/696 1058/880/696
f 1061/872/697 1073/881/697 1075/882/697 1063/873/697
f 1063/876/698 1075/883/698 1076/884/698 1064/877/698
f 1064/877/699 1076/884/699 1074/885/699 1062/879/699
f 1070/886/700 1074/885/700 1076/884/700 1072/887/700
f 1072/887/701 1076/884/701 1075/883/701 1071/888/701
f 1071/889/702 1075/882/702 1073/881/702 1069/890/702
f 1066/891/703 1070/886/703 1072/887/703 1068/892/703
f 1068/892/704 1072/887/704 1071/888/704 1067/893/704
f 1067/894/705 1071/889/705 1069/890/705 1065/895/705
f 1065/895/706 1101/896/706 1103/897/706 1067/894/706
f 1067/893/707 1103/898/707 1104/899/707 1068/892/707
f 1068/892/708 1104/899/708 1102/900/708 1066/891/708
f 1082/901/709 1102/900/709 1104/899/709 1084/902/709
f 1084/902/710 1104/899/710 1103/898/710 1083/903/710
f 1083/904/711 1103/897/711 1101/896/711 1081/905/711
f 1078/906/712 1082/901/712 1084/902/712 1080/907/712
f 1080/907/713 1084/902/713 1083/903/713 1079/908/713
f 1079/909/714 1083/910/714 1081/911/714 1077/912/714
f 1077/912/715 1097/913/715 1099/914/715 1079/909/715
f 1079/908/716 1099/915/716 1100/916/716 1080/907/716
f 1080/907/717 1100/916/717 1098/917/717 1078/906/717
f 1094/918/718 1098/917/718 1100/916/718 1096/919/718
f 1096/919/719 1100/916/719 1099/915/719 1095/920/719
f 1095/921/720 1099/914/720 1097/913/720 1093/922/720
f 1085/870/721 1094/918/721 1096/919/721 1087/868/721
f 1087/868/722 1096/919/722 1095/920/722 1088/865/722
f 1088/864/723 1095/921/723 1093/922/723 1086/861/723
f 1110/923/724 1113/924/724 1115/925/724 1112/926/724
f 1112/927/725 1115/928/725 1116/929/725 1111/930/725
f 1111/930/726 1116/929/726 1114/931/726 1109/932/726
f 1058/880/696 1114/931/696 1116/929/696 1060/878/696
f 1060/878/695 1116/929/695 1115/928/695 1059/875/695
f 1059/874/694 1115/925/694 1113/924/694 1057/871/694
f 1105/933/727 1110/923/727 1112/926/727 1107/934/727
f 1107/935/728 1112/927/728 1111/930/728 1108/936/728
f 1108/936/729 1111/930/729 1109/932/729 1106/937/729
f 481/856/730 486/339/730 492/342/730 483/857/730
s 1
f 483/858/687 492/337/269 488/334/266 484/859/688
f 484/859/688 488/334/266 485/333/265 482/860/689
s 0
f 1089/862/690 1117/938/690 1119/939/690 1091/863/690
f 1091/866/691 1119/940/691 1120/941/691 1092/867/691
f 1092/867/692 1120/941/692 1118/942/692 1090/869/692
f 1117/938/731 1129/943/731 1131/944/731 1119/939/731
f 1119/940/732 1131/945/732 1132/946/732 1120/941/732
f 1120/941/733 1132/946/733 1130/947/733 1118/942/733
f 1126/948/734 1130/947/734 1132/946/734 1128/949/734
f 1128/949/735 1132/946/735 1131/945/735 1127/950/735
f 1127/951/736 1131/944/736 1129/943/736 1125/952/736
f 1122/953/737 1126/948/737 1128/949/737 1124/954/737
f 1124/954/738 1128/949/738 1127/950/738 1123/955/738
f 1123/956/739 1127/951/739 1125/952/739 1121/957/739
f 1121/957/739 1141/958/739 1143/959/739 1123/956/739
f 1123/955/738 1143/960/738 1144/961/738 1124/954/738
f 1124/954/737 1144/961/737 1142/962/737 1122/953/737
f 1141/958/740 1145/963/740 1147/964/740 1143/959/740
f 1143/960/741 1147/965/741 1148/966/741 1144/961/741
f 1144/961/742 1148/966/742 1146/967/742 1142/962/742
f 246/968/743 251/178/743 259/181/743 248/969/743
s 1
f 248/970/744 259/176/141 255/175/140 247/971/745
f 247/971/745 255/175/140 250/174/139 245/972/746
s 0
f 1133/973/747 1137/974/747 1139/975/747 1135/976/747
f 1135/977/748 1139/978/748 1140/979/748 1136/980/748
f 1136/980/749 1140/979/749 1138/981/749 1134/982/749
f 1106/937/729 1138/981/729 1140/979/729 1108/936/729
f 1108/936/728 1140/979/728 1139/978/728 1107/935/728
f 1107/934/727 1139/975/727 1137/974/727 1105/933/727
f 1150/983/750 1154/984/750 1156/985/750 1152/986/750
f 1152/986/751 1156/985/751 1155/987/751 1151/988/751
f 1151/989/752 1155/990/752 1153/991/752 1149/992/752
f 1134/982/749 1150/983/749 1152/986/749 1136/980/749
f 1136/980/748 1152/986/748 1151/988/748 1135/977/748
f 1135/976/747 1151/989/747 1149/992/747 1133/973/747
f 486/339/753 497/993/753 499/994/753 491/340/753
s 1
f 491/343/272 499/995/754 500/996/755 495/344/273
f 495/344/273 500/996/755 498/997/756 487/346/275
s 0
f 1145/963/740 1161/998/740 1163/999/740 1147/964/740
f 1147/965/741 1163/1000/741 1164/1001/741 1148/966/741
f 1148/966/742 1164/1001/742 1162/1002/742 1146/967/742
f 1158/1003/757 1162/1002/757 1164/1001/757 1160/1004/757
f 1160/1004/758 1164/1001/758 1163/1000/758 1159/1005/758
f 1159/1006/759 1163/999/759 1161/998/759 1157/1007/759
f 1157/1007/759 1173/1008/759 1175/1009/759 1159/1006/759
f 1159/1005/758 1175/1010/758 1176/1011/758 1160/1004/758
f 1160/1004/757 1176/1011/757 1174/1012/757 1158/1003/757
f 1173/1008/760 1177/1013/760 1179/1014/760 1175/1009/760
f 1175/1010/761 1179/1015/761 1180/1016/761 1176/1011/761
f 1176/1011/762 1180/1016/762 1178/1017/762 1174/1012/762
f 242/1018/763 246/968/763 248/969/763 244/1019/763
s 1
f 244/1020/764 248/970/744 247/971/745 243/1021/765
f 243/1021/765 247/971/745 245/972/746 241/1022/766
s 0
f 1165/1023/767 1169/1024/767 1171/1025/767 1167/1026/767
f 1167/1027/768 1171/1028/768 1172/1029/768 1168/1030/768
f 1168/1030/769 1172/1029/769 1170/1031/769 1166/1032/769
f 1154/984/750 1170/1031/750 1172/1029/750 1156/985/750
f 1156/985/751 1172/1029/751 1171/1028/751 1155/987/751
f 1155/990/752 1171/1025/752 1169/1024/752 1153/991/752
f 1182/1033/770 1186/1034/770 1188/1035/770 1184/1036/770
f 1184/1036/771 1188/1035/771 1187/1037/771 1183/1038/771
f 1183/1039/772 1187/1040/772 1185/1041/772 1181/1042/772
f 1166/1032/769 1182/1033/769 1184/1036/769 1168/1030/769
f 1168/1030/773 1184/1036/773 1183/1038/773 1167/1027/773
f 1167/1026/767 1183/1039/767 1181/1042/767 1165/1023/767
f 497/993/774 501/1043/774 503/1044/774 499/994/774
s 1
f 499/995/754 503/1045/775 504/1046/776 500/996/755
f 500/996/755 504/1046/776 502/1047/777 498/997/756
s 0
f 1177/1013/760 1193/1048/760 1195/1049/760 1179/1014/760
f 1179/1015/778 1195/1050/778 1196/1051/778 1180/1016/778
f 1180/1016/762 1196/1051/762 1194/1052/762 1178/1017/762
f 1190/1053/779 1194/1052/779 1196/1051/779 1192/1054/779
f 1192/1054/780 1196/1051/780 1195/1050/780 1191/1055/780
f 1191/1056/781 1195/1049/781 1193/1048/781 1189/1057/781
f 1189/1057/781 1201/1058/781 1203/1059/781 1191/1056/781
f 1191/1055/780 1203/1060/780 1204/1061/780 1192/1054/780
f 1192/1054/779 1204/1061/779 1202/1062/779 1190/1053/779
f 238/1063/782 242/1018/782 244/1019/782 240/1064/782
s 1
f 240/1065/783 244/1020/764 243/1021/765 239/1066/784
f 239/1066/784 243/1021/765 241/1022/766 237/1067/785
s 0
f 1198/1068/786 1206/1069/786 1208/1070/786 1200/1071/786
f 1200/1071/787 1208/1070/787 1207/1072/787 1199/1073/787
f 1199/1074/788 1207/1075/788 1205/1076/788 1197/1077/788
f 1186/1034/770 1198/1068/770 1200/1071/770 1188/1035/770
f 1188/1035/771 1200/1071/771 1199/1073/771 1187/1037/771
f 1187/1040/772 1199/1074/772 1197/1077/772 1185/1041/772
f 1206/1069/786 1210/1078/786 1212/1079/786 1208/1070/786
f 1208/1070/787 1212/1079/787 1211/1080/787 1207/1072/787
f 1207/1075/788 1211/1081/788 1209/1082/788 1205/1076/788
f 501/1043/789 505/1083/789 507/1084/789 503/1044/789
s 1
f 503/1045/775 507/1085/790 508/1086/791 504/1046/776
f 504/1046/776 508/1086/791 506/1087/792 502/1047/777
s 0
f 1201/1058/781 1213/1088/781 1215/1089/781 1203/1059/781
f 1203/1060/780 1215/1090/780 1216/1091/780 1204/1061/780
f 1204/1061/779 1216/1091/779 1214/1092/779 1202/1062/779
f 1213/1088/793 1217/1093/793 1219/1094/793 1215/1089/793
f 1215/1090/794 1219/1095/794 1220/1096/794 1216/1091/794
f 1216/1091/795 1220/1096/795 1218/1097/795 1214/1092/795
f 234/1098/796 238/1063/796 240/1064/796 236/1099/796
s 1
f 236/1100/797 240/1065/783 239/1066/784 235/1101/798
f 235/1101/798 239/1066/784 237/1067/785 233/1102/799
s 0
f 1222/1103/800 1234/1104/800 1236/1105/800 1224/1106/800
f 1224/1106/801 1236/1105/801 1235/1107/801 1223/1108/801
f 1223/1109/802 1235/1110/802 1233/1111/802 1221/1112/802
f 1210/1078/786 1222/1103/786 1224/1106/786 1212/1079/786
f 1212/1079/787 1224/1106/787 1223/1108/787 1211/1080/787
f 1211/1081/788 1223/1109/788 1221/1112/788 1209/1082/788
f 1217/1093/793 1225/1113/793 1227/1114/793 1219/1094/793
f 1219/1095/794 1227/1115/794 1228/1116/794 1220/1096/794
f 1220/1096/795 1228/1116/795 1226/1117/795 1218/1097/795
f 1225/1113/803 1229/1118/803 1231/1119/803 1227/1114/803
f 1227/1115/804 1231/1120/804 1232/1121/804 1228/1116/804
f 1228/1116/805 1232/1121/805 1230/1122/805 1226/1117/805
f 1234/1104/800 1241/1123/800 1243/1124/800 1236/1105/800
f 1236/1105/806 1243/1124/806 1244/1125/806 1235/1107/806
f 1235/1110/802 1244/1126/802 1242/1127/802 1233/1111/802
f 1237/1128/807 1242/1127/807 1244/1126/807 1239/1129/807
f 1239/1130/808 1244/1125/808 1243/1124/808 1240/1131/808
f 1240/1131/809 1243/1124/809 1241/1123/809 1238/1132/809
f 1229/1118/803 1249/1133/803 1251/1134/803 1231/1119/803
f 1231/1120/810 1251/1135/810 1252/1136/810 1232/1121/810
f 1232/1121/805 1252/1136/805 1250/1137/805 1230/1122/805
f 1246/1138/811 1250/1137/811 1252/1136/811 1248/1139/811
f 1248/1139/812 1252/1136/812 1251/1135/812 1247/1140/812
f 1247/1141/813 1251/1134/813 1249/1133/813 1245/1142/813
f 505/1083/814 509/1143/814 511/1144/814 507/1084/814
s 1
f 507/1085/790 511/1145/815 512/1146/816 508/1086/791
f 508/1086/791 512/1146/816 510/1147/817 506/1087/792
s 0
f 223/163/818 234/1098/818 236/1099/818 230/164/818
s 1
f 230/167/132 236/1100/797 235/1101/798 225/156/124
f 225/156/124 235/1101/798 233/1102/799 221/153/121
s 0
f 1254/1148/819 1266/1149/819 1268/1150/819 1256/1151/819
f 1256/1151/820 1268/1150/820 1267/1152/820 1255/1153/820
f 1255/1154/821 1267/1155/821 1265/1156/821 1253/1157/821
f 1238/1132/809 1254/1148/809 1256/1151/809 1240/1131/809
f 1240/1131/808 1256/1151/808 1255/1153/808 1239/1130/808
f 1239/1129/807 1255/1154/807 1253/1157/807 1237/1128/807
f 1245/1142/813 1257/1158/813 1259/1159/813 1247/1141/813
f 1247/1140/812 1259/1160/812 1260/1161/812 1248/1139/812
f 1248/1139/811 1260/1161/811 1258/1162/811 1246/1138/811
f 1257/1158/822 1261/1163/822 1263/1164/822 1259/1159/822
f 1259/1160/823 1263/1165/823 1264/1166/823 1260/1161/823
f 1260/1161/824 1264/1166/824 1262/1167/824 1258/1162/824
f 1266/1149/819 1273/1168/819 1275/1169/819 1268/1150/819
f 1268/1150/820 1275/1169/820 1276/1170/820 1267/1152/820
f 1267/1155/821 1276/1171/821 1274/1172/821 1265/1156/821
f 1269/1173/825 1274/1172/825 1276/1171/825 1271/1174/825
f 1271/1175/826 1276/1170/826 1275/1169/826 1272/1176/826
f 1272/1176/827 1275/1169/827 1273/1168/827 1270/1177/827
f 1261/1163/822 1281/1178/822 1283/1179/822 1263/1164/822
f 1263/1165/823 1283/1180/823 1284/1181/823 1264/1166/823
f 1264/1166/824 1284/1181/824 1282/1182/824 1262/1167/824
f 1278/1183/828 1282/1182/828 1284/1181/828 1280/1184/828
f 1280/1184/829 1284/1181/829 1283/1180/829 1279/1185/829
f 1279/1186/830 1283/1179/830 1281/1178/830 1277/1187/830
f 509/1143/831 514/354/831 520/357/831 511/1144/831
s 1
f 511/1145/815 520/352/281 516/349/278 512/1146/816
f 512/1146/816 516/349/278 513/348/277 510/1147/817
s 0
f 218/1188/832 223/163/832 231/166/832 220/1189/832
s 1
f 220/1190/833 231/161/129 227/160/128 219/1191/834
f 219/1191/834 227/160/128 222/159/127 217/1192/835
s 0
f 1294/1193/836 1310/1194/836 1312/1195/836 1296/1196/836
f 1296/1196/837 1312/1195/837 1311/1197/837 1295/1198/837
f 1295/1199/838 1311/1200/838 1309/1201/838 1293/1202/838
f 1290/1203/839 1294/1193/839 1296/1196/839 1292/1204/839
f 1292/1204/840 1296/1196/840 1295/1198/840 1291/1205/840
f 1291/1206/841 1295/1199/841 1293/1202/841 1289/1207/841
f 1286/1208/842 1290/1203/842 1292/1204/842 1288/1209/842
f 1288/1209/843 1292/1204/843 1291/1205/843 1287/1210/843
f 1287/1211/844 1291/1206/844 1289/1207/844 1285/1212/844
f 1270/1177/827 1286/1208/827 1288/1209/827 1272/1176/827
f 1272/1176/826 1288/1209/826 1287/1210/826 1271/1175/826
f 1271/1174/825 1287/1211/825 1285/1212/825 1269/1173/825
f 1298/1213/845 1301/1214/845 1303/1215/845 1300/1216/845
f 1300/1217/846 1303/1218/846 1304/1219/846 1299/1220/846
f 1299/1220/847 1304/1219/847 1302/1221/847 1297/1222/847
f 1301/1214/848 1305/1223/848 1307/1224/848 1303/1215/848
f 1303/1218/849 1307/1225/849 1308/1226/849 1304/1219/849
f 1304/1219/850 1308/1226/850 1306/1227/850 1302/1221/850
f 1277/1187/830 1298/1213/830 1300/1216/830 1279/1186/830
f 1279/1185/829 1300/1217/829 1299/1220/829 1280/1184/829
f 1280/1184/828 1299/1220/828 1297/1222/828 1278/1183/828
f 1310/1194/836 1313/1228/836 1315/1229/836 1312/1195/836
f 1312/1195/837 1315/1229/837 1316/1230/837 1311/1197/837
f 1311/1200/838 1316/1231/838 1314/1232/838 1309/1201/838
f 514/354/851 525/1233/851 527/1234/851 519/355/851
s 1
f 519/358/284 527/1235/852 528/1236/853 523/359/285
f 523/359/285 528/1236/853 526/1237/854 515/361/287
s 0
f 1305/1223/848 1345/1238/848 1347/1239/848 1307/1224/848
f 1307/1225/849 1347/1240/849 1348/1241/849 1308/1226/849
f 1308/1226/850 1348/1241/850 1346/1242/850 1306/1227/850
f 1342/1243/855 1346/1242/855 1348/1241/855 1344/1244/855
f 1344/1244/856 1348/1241/856 1347/1240/856 1343/1245/856
f 1343/1246/857 1347/1239/857 1345/1238/857 1341/1247/857
f 1334/1248/858 1342/1243/858 1344/1244/858 1336/1249/858
f 1336/1249/859 1344/1244/859 1343/1245/859 1335/1250/859
f 1335/1251/860 1343/1246/860 1341/1247/860 1333/1252/860
f 1333/1252/861 1337/1253/861 1339/1254/861 1335/1251/861
f 1335/1250/862 1339/1255/862 1340/1256/862 1336/1249/862
f 1336/1249/863 1340/1256/863 1338/1257/863 1334/1248/863
f 1337/1253/864 1349/1258/864 1351/1259/864 1339/1254/864
f 1339/1255/865 1351/1260/865 1352/1261/865 1340/1256/865
f 1340/1256/866 1352/1261/866 1350/1262/866 1338/1257/866
f 1322/1263/867 1350/1262/867 1352/1261/867 1324/1264/867
f 1324/1264/868 1352/1261/868 1351/1260/868 1323/1265/868
f 1323/1266/869 1351/1259/869 1349/1258/869 1321/1267/869
f 1321/1267/870 1325/1268/870 1327/1269/870 1323/1266/870
f 1323/1265/871 1327/1270/871 1328/1271/871 1324/1264/871
f 1324/1264/872 1328/1271/872 1326/1272/872 1322/1263/872
f 1325/1268/873 1329/1273/873 1331/1274/873 1327/1269/873
f 1327/1270/874 1331/1275/874 1332/1276/874 1328/1271/874
f 1328/1271/875 1332/1276/875 1330/1277/875 1326/1272/875
f 1318/1278/876 1330/1277/876 1332/1276/876 1320/1279/876
f 1320/1279/877 1332/1276/877 1331/1275/877 1319/1280/877
f 1319/1281/878 1331/1274/878 1329/1273/878 1317/1282/878
f 1313/1228/879 1318/1278/879 1320/1279/879 1315/1229/879
f 1315/1229/880 1320/1279/880 1319/1280/880 1316/1230/880
f 1316/1231/881 1319/1281/881 1317/1282/881 1314/1232/881
f 207/148/882 218/1188/882 220/1189/882 214/149/882
s 1
f 214/152/120 220/1190/833 219/1191/834 209/141/112
f 209/141/112 219/1191/834 217/1192/835 205/138/109
f 1/1/1 526/1237/854 528/1236/853 4/2/2
f 4/2/2 528/1236/853 527/1235/852 8/5/5
s 0
f 8/10/883 527/1234/883 525/1233/883 2/7/883
f 202/1283/884 207/148/884 215/151/884 204/1284/884
s 1
f 204/1285/885 215/146/117 211/145/116 203/1286/886
f 203/1286/886 211/145/116 206/144/115 201/1287/887
s 0
f 2/7/888 13/1288/888 15/1289/888 7/8/888
s 1
f 7/11/8 15/1290/889 16/1291/890 11/12/9
f 11/12/9 16/1291/890 14/1292/891 3/15/11
s 0
f 198/1293/892 202/1283/892 204/1284/892 200/1294/892
s 1
f 200/1295/893 204/1285/885 203/1286/886 199/1296/894
f 199/1296/894 203/1286/886 201/1287/887 197/1297/895
s 0
f 13/1288/896 17/1298/896 19/1299/896 15/1289/896
s 1
f 15/1290/889 19/1300/897 20/1301/898 16/1291/890
f 16/1291/890 20/1301/898 18/1302/899 14/1292/891
s 0
f 194/1303/900 198/1293/900 200/1294/900 196/1304/900
s 1
f 196/1305/901 200/1295/893 199/1296/894 195/1306/902
f 195/1306/902 199/1296/894 197/1297/895 193/1307/903
s 0
f 17/1298/904 21/1308/904 23/1309/904 19/1299/904
s 1
f 19/1300/897 23/1310/905 24/1311/906 20/1301/898
f 20/1301/898 24/1311/906 22/1312/907 18/1302/899
s 0
f 190/1313/908 194/1303/908 196/1304/908 192/1314/908
s 1
f 192/1315/909 196/1305/901 195/1306/902 191/1316/910
f 191/1316/910 195/1306/902 193/1307/903 189/1317/911
s 0
f 21/1308/912 25/1318/912 27/1319/912 23/1309/912
s 1
f 23/1310/905 27/1320/913 28/1321/914 24/1311/906
f 24/1311/906 28/1321/914 26/1322/915 22/1312/907
s 0
f 179/133/916 190/1313/916 192/1314/916 186/134/916
s 1
f 186/137/108 192/1315/909 191/1316/910 181/126/100
f 181/126/100 191/1316/910 189/1317/911 177/123/97
s 0
f 25/1318/917 30/25/917 36/28/917 27/1319/917
s 1
f 27/1320/913 36/23/17 32/20/14 28/1321/914
f 28/1321/914 32/20/14 29/19/13 26/1322/915
s 0
f 174/1323/918 179/133/918 187/136/918 176/1324/918
s 1
f 176/1325/919 187/131/105 183/130/104 175/1326/920
f 175/1326/920 183/130/104 178/129/103 173/1327/921
s 0
f 30/25/922 41/1328/922 43/1329/922 35/26/922
s 1
f 35/29/20 43/1330/923 44/1331/924 39/30/21
f 39/30/21 44/1331/924 42/1332/925 31/32/23
s 0
f 163/118/926 174/1323/926 176/1324/926 170/119/926
s 1
f 170/122/96 176/1325/919 175/1326/920 165/111/88
f 165/111/88 175/1326/920 173/1327/921 161/108/85
s 0
f 41/1328/927 46/40/927 52/43/927 43/1329/927
s 1
f 43/1330/923 52/38/29 48/35/26 44/1331/924
f 44/1331/924 48/35/26 45/34/25 42/1332/925
s 0
f 158/1333/928 163/118/928 171/121/928 160/1334/928
s 1
f 160/1335/929 171/116/93 167/115/92 159/1336/930
f 159/1336/930 167/115/92 162/114/91 157/1337/931
s 0
f 46/40/932 57/1338/932 59/1339/932 51/41/932
s 1
f 51/44/32 59/1340/933 60/1341/934 55/45/33
f 55/45/33 60/1341/934 58/1342/935 47/47/35
s 0
f 154/1343/936 158/1333/936 160/1334/936 156/1344/936
s 1
f 156/1345/937 160/1335/929 159/1336/930 155/1346/938
f 155/1346/938 159/1336/930 157/1337/931 153/1347/939
s 0
f 57/1338/940 61/1348/940 63/1349/940 59/1339/940
s 1
f 59/1340/933 63/1350/941 64/1351/942 60/1341/934
f 60/1341/934 64/1351/942 62/1352/943 58/1342/935
s 0
f 135/103/944 145/1353/944 147/1354/944 142/104/944
s 1
f 142/107/84 147/1355/945 148/1356/946 137/96/76
f 137/96/76 148/1356/946 146/1357/947 133/93/73
s 0
f 130/1358/948 135/103/948 143/106/948 132/1359/948
s 1
f 132/1360/949 143/101/81 139/100/80 131/1361/950
f 131/1361/950 139/100/80 134/99/79 129/1362/951
s 0
f 75/59/952 85/1363/952 87/1364/952 82/60/952
s 1
f 82/62/48 87/1365/953 88/1366/954 77/52/40
f 77/52/40 88/1366/954 86/1367/955 73/49/37
s 0
f 70/1368/956 75/59/956 83/61/956 72/1369/956
s 1
f 72/1370/957 83/57/45 79/56/44 71/1371/958
f 71/1371/958 79/56/44 74/55/43 69/1372/959
s 0
f 119/88/960 130/1358/960 132/1359/960 126/89/960
s 1
f 126/92/72 132/1360/949 131/1361/950 121/81/64
f 121/81/64 131/1361/950 129/1362/951 117/78/61
s 0
f 85/1363/961 90/69/961 96/72/961 87/1364/961
s 1
f 87/1365/953 96/67/53 92/64/50 88/1366/954
f 88/1366/954 92/64/50 89/63/49 86/1367/955
s 0
f 150/1373/962 154/1343/962 156/1344/962 152/1374/962
s 1
f 152/1375/963 156/1345/937 155/1346/938 151/1376/964
f 151/1376/964 155/1346/938 153/1347/939 149/1377/965
s 0
f 145/1353/966 150/1373/966 152/1374/966 147/1354/966
s 1
f 147/1355/945 152/1375/963 151/1376/964 148/1356/946
f 148/1356/946 151/1376/964 149/1377/965 146/1357/947
s 0
f 66/1378/967 70/1368/967 72/1369/967 68/1379/967
s 1
f 68/1380/968 72/1370/957 71/1371/958 67/1381/969
f 67/1381/969 71/1371/958 69/1372/959 65/1382/970
s 0
f 61/1348/971 66/1378/971 68/1379/971 63/1349/971
s 1
f 63/1350/941 68/1380/968 67/1381/969 64/1351/942
f 64/1351/942 67/1381/969 65/1382/970 62/1352/943
s 0
f 114/1383/972 119/88/972 127/91/972 116/1384/972
s 1
f 116/1385/973 127/86/69 123/85/68 115/1386/974
f 115/1386/974 123/85/68 118/84/67 113/1387/975
s 0
f 90/69/976 101/1388/976 103/1389/976 95/70/976
s 1
f 95/73/56 103/1390/977 104/1391/978 99/74/57
f 99/74/57 104/1391/978 102/1392/979 91/76/59
s 0
f 110/1393/980 114/1383/980 116/1384/980 112/1394/980
s 1
f 112/1395/981 116/1385/973 115/1386/974 111/1396/982
f 111/1396/982 115/1386/974 113/1387/975 109/1397/983
s 0
f 106/1398/984 110/1393/984 112/1394/984 108/1399/984
s 1
f 108/1400/985 112/1395/981 111/1396/982 107/1401/986
f 107/1401/986 111/1396/982 109/1397/983 105/1402/987
s 0
f 101/1388/988 106/1398/988 108/1399/988 103/1389/988
s 1
f 103/1390/977 108/1400/985 107/1401/986 104/1391/978
f 104/1391/978 107/1401/986 105/1402/987 102/1392/979
f 894/1403/989 897/1404/990 899/1405/991 896/1406/992
s 0
f 896/1407/993 899/1408/993 900/1409/993 895/1410/993
f 895/1410/994 900/1409/994 898/1411/994 893/1412/994
s 1
f 897/1404/990 901/1413/995 903/1414/996 899/1405/991
s 0
f 899/1408/997 903/1415/997 904/1416/997 900/1409/997
f 900/1409/998 904/1416/998 902/741/998 898/1411/998
s 1
f 901/1413/995 905/1417/999 907/1418/1000 903/1414/996
s 0
f 903/1415/1001 907/1419/1001 908/1420/1001 904/1416/1001
f 904/1416/1002 908/1420/1002 906/746/1002 902/741/1002
s 1
f 881/597/481 894/1403/989 896/1406/992 884/598/482
s 0
f 884/601/1003 896/1407/1003 895/1410/1003 888/602/1003
f 888/602/1004 895/1410/1004 893/1412/1004 882/605/1004
s 1
f 905/1417/999 909/613/493 913/616/496 907/1418/1000
s 0
f 907/1419/1005 913/627/1005 918/626/1005 908/1420/1005
f 908/1420/1006 918/626/1006 911/625/1006 906/746/1006
s 1
f 858/1421/1007 861/1422/1008 863/1423/1009 860/1424/1010
s 0
f 860/1425/1011 863/1426/1011 864/1427/1011 859/1428/1011
f 859/1428/1012 864/1427/1012 862/752/1012 857/751/1012
s 1
f 861/1422/1008 865/580/469 869/583/472 863/1423/1009
s 0
f 863/1426/1013 869/594/1013 874/593/1013 864/1427/1013
f 864/1427/1014 874/593/1014 867/592/1014 862/752/1014
s 1
f 925/630/505 937/1429/1015 939/1430/1016 928/631/506
s 0
f 928/634/1017 939/1431/1017 940/1432/1017 932/635/1017
f 932/635/1018 940/1432/1018 938/761/1018 926/638/1018
s 1
f 937/1429/1015 941/1433/1019 943/1434/1020 939/1430/1016
s 0
f 939/1431/1021 943/1435/1021 944/1436/1021 940/1432/1021
f 940/1432/1022 944/1436/1022 942/766/1022 938/761/1022
s 1
f 854/1437/1023 858/1421/1007 860/1424/1010 856/1438/1024
s 0
f 856/1439/1025 860/1425/1025 859/1428/1025 855/1440/1025
f 855/1440/1026 859/1428/1026 857/751/1026 853/771/1026
s 1
f 941/1433/1019 945/1441/1027 947/1442/1028 943/1434/1020
s 0
f 943/1435/1029 947/1443/1029 948/1444/1029 944/1436/1029
f 944/1436/1030 948/1444/1030 946/776/1030 942/766/1030
s 1
f 878/1445/1031 883/609/488 891/612/491 880/1446/1032
s 0
f 880/782/1033 891/607/1033 887/606/1033 879/1447/1033
f 879/1447/1034 887/606/1034 882/605/1034 877/781/1034
s 1
f 910/619/499 921/1448/1035 923/1449/1036 915/620/500
s 0
f 915/621/1037 923/787/1037 924/1450/1037 919/622/1037
f 919/622/1038 924/1450/1038 922/1451/1038 911/625/1038
s 1
f 850/1452/1039 854/1437/1023 856/1438/1024 852/1453/1040
s 0
f 852/1454/1041 856/1439/1041 855/1440/1041 851/1455/1041
f 851/1455/1042 855/1440/1042 853/771/1042 849/1456/1042
s 1
f 945/1441/1027 949/1457/1043 951/1458/1044 947/1442/1028
s 0
f 947/1443/1045 951/1459/1045 952/1460/1045 948/1444/1045
f 948/1444/1046 952/1460/1046 950/796/1046 946/776/1046
s 1
f 866/586/475 878/1445/1031 880/1446/1032 871/587/476
s 0
f 871/588/1047 880/782/1047 879/1447/1047 875/589/1047
f 875/589/1048 879/1447/1048 877/781/1048 867/592/1048
s 1
f 921/1448/1035 927/642/512 935/645/515 923/1449/1036
s 0
f 923/787/1049 935/640/1049 931/639/1049 924/1450/1049
f 924/1450/1050 931/639/1050 926/638/1050 922/1451/1050
s 1
f 837/564/457 850/1452/1039 852/1453/1040 840/565/458
s 0
f 840/568/1051 852/1454/1051 851/1455/1051 844/569/1051
f 844/569/1052 851/1455/1052 849/1456/1052 838/572/1052
s 1
f 949/1457/1043 953/646/517 957/649/520 951/1458/1044
s 0
f 951/1459/1053 957/660/1053 962/659/1053 952/1460/1053
f 952/1460/1054 962/659/1054 955/658/1054 950/796/1054
s 1
f 834/1461/1055 839/576/464 847/579/467 836/1462/1056
s 0
f 836/802/1057 847/574/1057 843/573/1057 835/1463/1057
f 835/1463/1058 843/573/1058 838/572/1058 833/1464/1058
s 1
f 954/652/523 965/1465/1059 967/1466/1060 959/653/524
s 0
f 959/654/1061 967/807/1061 968/1467/1061 963/655/1061
f 963/655/1062 968/1467/1062 966/1468/1062 955/658/1062
s 1
f 821/548/445 834/1461/1055 836/1462/1056 824/549/446
s 0
f 824/552/1063 836/802/1063 835/1463/1063 828/553/1063
f 828/553/1064 835/1463/1064 833/1464/1064 822/556/1064
s 1
f 965/1465/1059 969/663/529 973/666/532 967/1466/1060
s 0
f 967/807/1065 973/677/1065 978/676/1065 968/1467/1065
f 968/1467/1066 978/676/1066 971/675/1066 966/1468/1066
s 1
f 818/1469/1067 823/560/452 831/563/455 820/1470/1068
s 0
f 820/1471/1069 831/558/1069 827/557/1069 819/1472/1069
f 819/1472/1070 827/557/1070 822/556/1070 817/1473/1070
s 1
f 970/669/535 981/1474/1071 983/1475/1072 975/670/536
s 0
f 975/671/1073 983/1476/1073 984/1477/1073 979/672/1073
f 979/672/1074 984/1477/1074 982/1478/1074 971/675/1074
s 1
f 814/1479/1075 818/1469/1067 820/1470/1068 816/1480/1076
s 0
f 816/1481/1077 820/1471/1077 819/1472/1077 815/1482/1077
f 815/1482/1078 819/1472/1078 817/1473/1078 813/821/1078
s 1
f 981/1474/1071 985/1483/1079 987/1484/1080 983/1475/1072
s 0
f 983/1476/1081 987/1485/1081 988/1486/1081 984/1477/1081
f 984/1477/1082 988/1486/1082 986/826/1082 982/1478/1082
s 1
f 810/1487/1083 814/1479/1075 816/1480/1076 812/1488/1084
s 0
f 812/1489/1085 816/1481/1085 815/1482/1085 811/1490/1085
f 811/1490/1086 815/1482/1086 813/821/1086 809/1491/1086
s 1
f 985/1483/1079 989/1492/1087 991/1493/1088 987/1484/1080
s 0
f 987/1485/1089 991/1494/1089 992/1495/1089 988/1486/1089
f 988/1486/1090 992/1495/1090 990/1496/1090 986/826/1090
s 1
f 806/1497/1091 810/1487/1083 812/1488/1084 808/1498/1092
s 0
f 808/1499/1093 812/1489/1093 811/1490/1093 807/1500/1093
f 807/1500/1094 811/1490/1094 809/1491/1094 805/1501/1094
s 1
f 989/1492/1087 993/1502/1095 995/1503/1096 991/1493/1088
s 0
f 991/1494/1097 995/1504/1097 996/1505/1097 992/1495/1097
f 992/1495/1098 996/1505/1098 994/846/1098 990/1496/1098
s 1
f 793/532/433 806/1497/1091 808/1498/1092 796/533/434
s 0
f 796/536/1099 808/1499/1099 807/1500/1099 800/537/1099
f 800/537/1100 807/1500/1100 805/1501/1100 794/540/1100
s 1
f 993/1502/1095 997/680/541 1001/683/544 995/1503/1096
s 0
f 995/1504/1101 1001/694/1101 1006/693/1101 996/1505/1101
f 996/1505/1102 1006/693/1102 999/692/1102 994/846/1102
s 1
f 790/1506/1103 795/544/440 803/547/443 792/1507/1104
s 0
f 792/852/1105 803/542/1105 799/541/1105 791/1508/1105
f 791/1508/1106 799/541/1106 794/540/1106 789/851/1106
s 1
f 998/686/547 1009/1509/1107 1011/1510/1108 1003/687/548
s 0
f 1003/688/1109 1011/857/1109 1012/1511/1109 1007/689/1109
f 1007/689/1110 1012/1511/1110 1010/856/1110 999/692/1110
s 1
f 777/516/421 790/1506/1103 792/1507/1104 780/517/422
s 0
f 780/520/1111 792/852/1111 791/1508/1111 784/521/1111
f 784/521/1112 791/1508/1112 789/851/1112 778/524/1112
f 1389/1512/1113 1393/1513/1113 1395/1514/1113 1391/1515/1113
f 1391/866/1114 1395/1516/1114 1396/1517/1114 1392/1518/1114
f 1392/1518/1115 1396/1517/1115 1394/870/1115 1390/1519/1115
f 1386/1520/1116 1394/870/1116 1396/1517/1116 1388/919/1116
f 1388/919/1117 1396/1517/1117 1395/1516/1117 1387/1521/1117
f 1387/1522/1118 1395/1514/1118 1393/1513/1118 1385/1523/1118
f 1385/1523/1119 1397/1524/1119 1399/1525/1119 1387/1522/1119
f 1387/1521/1120 1399/1526/1120 1400/1527/1120 1388/919/1120
f 1388/919/1121 1400/1527/1121 1398/1528/1121 1386/1520/1121
f 1382/1529/1122 1398/1528/1122 1400/1527/1122 1384/907/1122
f 1384/907/1123 1400/1527/1123 1399/1526/1123 1383/908/1123
f 1383/1530/1124 1399/1525/1124 1397/1524/1124 1381/1531/1124
f 1378/901/1125 1382/1529/1125 1384/907/1125 1380/1532/1125
f 1380/1532/1126 1384/907/1126 1383/908/1126 1379/903/1126
f 1379/1533/1127 1383/1530/1127 1381/1531/1127 1377/1534/1127
f 1374/1535/1128 1378/901/1128 1380/1532/1128 1376/1536/1128
f 1376/1536/1129 1380/1532/1129 1379/903/1129 1375/898/1129
f 1375/1537/1130 1379/1538/1130 1377/1539/1130 1373/1540/1130
f 1370/1541/1131 1374/1535/1131 1376/1536/1131 1372/1542/1131
f 1372/1542/1132 1376/1536/1132 1375/898/1132 1371/1543/1132
f 1371/1544/1133 1375/1537/1133 1373/1540/1133 1369/1545/1133
f 1366/1546/1134 1370/1541/1134 1372/1542/1134 1368/1547/1134
f 1368/1547/1135 1372/1542/1135 1371/1543/1135 1367/888/1135
f 1367/1548/1136 1371/1544/1136 1369/1545/1136 1365/1549/1136
f 1362/1550/1137 1366/1546/1137 1368/1547/1137 1364/1551/1137
f 1364/1551/1138 1368/1547/1138 1367/888/1138 1363/1552/1138
f 1363/1553/1139 1367/1548/1139 1365/1549/1139 1361/1554/1139
f 1358/879/1140 1362/1550/1140 1364/1551/1140 1360/877/1140
f 1360/877/1141 1364/1551/1141 1363/1552/1141 1359/1555/1141
f 1359/1556/1142 1363/1553/1142 1361/1554/1142 1357/1557/1142
f 1354/880/1143 1358/879/1143 1360/877/1143 1356/878/1143
f 1356/878/1144 1360/877/1144 1359/1555/1144 1355/1558/1144
f 1355/1559/1145 1359/1556/1145 1357/1557/1145 1353/1560/1145
f 1353/1560/1145 1409/1561/1145 1411/1562/1145 1355/1559/1145
f 1355/1558/1144 1411/928/1144 1412/929/1144 1356/878/1144
f 1356/878/1143 1412/929/1143 1410/931/1143 1354/880/1143
f 1402/1563/1146 1410/931/1146 1412/929/1146 1404/1564/1146
f 1404/1564/1147 1412/929/1147 1411/928/1147 1403/1565/1147
f 1403/1566/1148 1411/1562/1148 1409/1561/1148 1401/1567/1148
f 1401/1567/1149 1405/1568/1149 1407/1569/1149 1403/1566/1149
f 1403/1565/1150 1407/935/1150 1408/1570/1150 1404/1564/1150
f 1404/1564/1151 1408/1570/1151 1406/1571/1151 1402/1563/1151
f 1414/1572/1152 1425/1573/1152 1427/1574/1152 1416/1575/1152
f 1416/945/1153 1427/1576/1153 1428/1577/1153 1415/946/1153
f 1415/946/1154 1428/1577/1154 1426/1578/1154 1413/947/1154
f 1390/1519/1115 1426/1578/1115 1428/1577/1115 1392/1518/1115
f 1392/1518/1114 1428/1577/1114 1427/1576/1114 1391/866/1114
f 1391/1515/1113 1427/1574/1113 1425/1573/1113 1389/1512/1113
s 1
f 1009/1509/1107 1013/697/553 1017/700/556 1011/1510/1108
s 0
f 1011/857/1155 1017/711/1155 1022/710/1155 1012/1511/1155
f 1012/1511/1156 1022/710/1156 1015/709/1156 1010/856/1156
f 1417/1579/1157 1421/1580/1157 1423/1581/1157 1419/1582/1157
f 1419/955/1158 1423/1583/1158 1424/1584/1158 1420/954/1158
f 1420/954/1159 1424/1584/1159 1422/948/1159 1418/953/1159
f 1413/947/1160 1422/948/1160 1424/1584/1160 1415/946/1160
f 1415/946/1161 1424/1584/1161 1423/1583/1161 1416/945/1161
f 1416/1575/1162 1423/1581/1162 1421/1580/1162 1414/1572/1162
s 1
f 774/1585/1163 779/528/428 787/531/431 776/1586/1164
s 0
f 776/1587/1165 787/526/1165 783/525/1165 775/1588/1165
f 775/1588/1166 783/525/1166 778/524/1166 773/968/1166
f 1405/1568/1149 1429/1589/1149 1431/1590/1149 1407/1569/1149
f 1407/935/1150 1431/978/1150 1432/1591/1150 1408/1570/1150
f 1408/1570/1151 1432/1591/1151 1430/1592/1151 1406/1571/1151
f 1429/1589/1167 1433/1593/1167 1435/1594/1167 1431/1590/1167
f 1431/978/1168 1435/1595/1168 1436/980/1168 1432/1591/1168
f 1432/1591/1169 1436/980/1169 1434/982/1169 1430/1592/1169
f 1418/953/1159 1441/1596/1159 1443/1597/1159 1420/954/1159
f 1420/954/1158 1443/1597/1158 1444/1598/1158 1419/955/1158
f 1419/1582/1157 1444/1599/1157 1442/1600/1157 1417/1579/1157
f 1437/1601/1170 1442/1600/1170 1444/1599/1170 1439/1602/1170
f 1439/1603/1171 1444/1598/1171 1443/1597/1171 1440/1604/1171
f 1440/1604/1172 1443/1597/1172 1441/1596/1172 1438/967/1172
f 1433/1593/1167 1449/1605/1167 1451/1606/1167 1435/1594/1167
f 1435/1595/1168 1451/988/1168 1452/1607/1168 1436/980/1168
f 1436/980/1169 1452/1607/1169 1450/983/1169 1434/982/1169
f 1446/984/1173 1450/983/1173 1452/1607/1173 1448/985/1173
f 1448/985/1174 1452/1607/1174 1451/988/1174 1447/987/1174
f 1447/1608/1175 1451/1606/1175 1449/1605/1175 1445/1609/1175
f 1438/967/1172 1453/1610/1172 1455/1611/1172 1440/1604/1172
f 1440/1604/1171 1455/1611/1171 1456/1000/1171 1439/1603/1171
f 1439/1602/1170 1456/1612/1170 1454/1613/1170 1437/1601/1170
s 1
f 1014/703/559 1025/1614/1176 1027/1615/1177 1019/704/560
s 0
f 1019/705/1178 1027/1616/1178 1028/1617/1178 1023/706/1178
f 1023/706/1179 1028/1617/1179 1026/1618/1179 1015/709/1179
f 1453/1610/1180 1458/1003/1180 1460/1004/1180 1455/1611/1180
f 1455/1611/1181 1460/1004/1181 1459/1619/1181 1456/1000/1181
f 1456/1612/1182 1459/1620/1182 1457/1621/1182 1454/1613/1182
s 1
f 770/1622/1183 774/1585/1163 776/1586/1164 772/1623/1184
s 0
f 772/1624/1185 776/1587/1185 775/1588/1185 771/1625/1185
f 771/1625/1186 775/1588/1186 773/968/1186 769/1018/1186
f 1445/1609/1175 1461/1626/1175 1463/1627/1175 1447/1608/1175
f 1447/987/1174 1463/1028/1174 1464/1029/1174 1448/985/1174
f 1448/985/1173 1464/1029/1173 1462/1031/1173 1446/984/1173
f 1461/1626/1187 1465/1628/1187 1467/1629/1187 1463/1627/1187
f 1463/1028/1188 1467/1027/1188 1468/1030/1188 1464/1029/1188
f 1464/1029/1189 1468/1030/1189 1466/1630/1189 1462/1031/1189
f 1458/1003/1180 1473/1631/1180 1475/1011/1180 1460/1004/1180
f 1460/1004/1181 1475/1011/1181 1476/1010/1181 1459/1619/1181
f 1459/1620/1182 1476/1632/1182 1474/1633/1182 1457/1621/1182
f 1469/1634/1190 1474/1633/1190 1476/1632/1190 1471/1635/1190
f 1471/1636/1191 1476/1010/1191 1475/1011/1191 1472/1637/1191
f 1472/1637/1192 1475/1011/1192 1473/1631/1192 1470/1638/1192
f 1465/1628/1187 1481/1639/1187 1483/1640/1187 1467/1629/1187
f 1467/1027/1193 1483/1038/1193 1484/1036/1193 1468/1030/1193
f 1468/1030/1189 1484/1036/1189 1482/1641/1189 1466/1630/1189
f 1478/1034/1194 1482/1641/1194 1484/1036/1194 1480/1035/1194
f 1480/1035/1195 1484/1036/1195 1483/1038/1195 1479/1037/1195
f 1479/1642/1196 1483/1640/1196 1481/1639/1196 1477/1643/1196
f 1470/1638/1192 1485/1052/1192 1487/1644/1192 1472/1637/1192
f 1472/1637/1197 1487/1644/1197 1488/1050/1197 1471/1636/1197
f 1471/1635/1190 1488/1645/1190 1486/1646/1190 1469/1634/1190
s 1
f 1025/1614/1176 1029/1647/1198 1031/1648/1199 1027/1615/1177
s 0
f 1027/1616/1200 1031/1649/1200 1032/1650/1200 1028/1617/1200
f 1028/1617/1201 1032/1650/1201 1030/1043/1201 1026/1618/1201
f 1485/1052/1202 1490/1651/1202 1492/1652/1202 1487/1644/1202
f 1487/1644/1203 1492/1652/1203 1491/1055/1203 1488/1050/1203
f 1488/1645/1204 1491/1653/1204 1489/1654/1204 1486/1646/1204
f 1490/1651/1202 1498/1062/1202 1500/1061/1202 1492/1652/1202
f 1492/1652/1203 1500/1061/1203 1499/1655/1203 1491/1055/1203
f 1491/1653/1204 1499/1656/1204 1497/1657/1204 1489/1654/1204
f 1477/1643/1196 1493/1658/1196 1495/1659/1196 1479/1642/1196
f 1479/1037/1195 1495/1073/1195 1496/1660/1195 1480/1035/1195
f 1480/1035/1194 1496/1660/1194 1494/1661/1194 1478/1034/1194
f 1493/1658/1205 1501/1662/1205 1503/1663/1205 1495/1659/1205
f 1495/1073/1206 1503/1072/1206 1504/1070/1206 1496/1660/1206
f 1496/1660/1207 1504/1070/1207 1502/1069/1207 1494/1661/1207
s 1
f 766/1664/1208 770/1622/1183 772/1623/1184 768/1665/1209
s 0
f 768/1666/1210 772/1624/1210 771/1625/1210 767/1667/1210
f 767/1667/1211 771/1625/1211 769/1018/1211 765/1063/1211
f 1501/1662/1205 1505/1668/1205 1507/1669/1205 1503/1663/1205
f 1503/1072/1206 1507/1080/1206 1508/1079/1206 1504/1070/1206
f 1504/1070/1207 1508/1079/1207 1506/1078/1207 1502/1069/1207
f 1510/1092/1212 1514/1670/1212 1516/1671/1212 1512/1672/1212
f 1512/1672/1213 1516/1671/1213 1515/1673/1213 1511/1090/1213
f 1511/1674/1214 1515/1675/1214 1513/1676/1214 1509/1677/1214
f 1498/1062/1202 1510/1092/1202 1512/1672/1202 1500/1061/1202
f 1500/1061/1203 1512/1672/1203 1511/1090/1203 1499/1655/1203
f 1499/1656/1204 1511/1674/1204 1509/1677/1204 1497/1657/1204
s 1
f 1029/1647/1198 1033/1678/1215 1035/1679/1216 1031/1648/1199
s 0
f 1031/1649/1217 1035/1680/1217 1036/1681/1217 1032/1650/1217
f 1032/1650/1218 1036/1681/1218 1034/1083/1218 1030/1043/1218
f 1514/1670/1212 1521/1682/1212 1523/1683/1212 1516/1671/1212
f 1516/1671/1213 1523/1683/1213 1524/1684/1213 1515/1673/1213
f 1515/1675/1214 1524/1685/1214 1522/1686/1214 1513/1676/1214
f 1521/1682/1219 1526/1122/1219 1528/1687/1219 1523/1683/1219
f 1523/1683/1220 1528/1687/1220 1527/1688/1220 1524/1684/1220
f 1524/1685/1221 1527/1689/1221 1525/1690/1221 1522/1686/1221
f 1505/1668/1205 1517/1691/1205 1519/1692/1205 1507/1669/1205
f 1507/1080/1206 1519/1693/1206 1520/1106/1206 1508/1079/1206
f 1508/1079/1207 1520/1106/1207 1518/1103/1207 1506/1078/1207
f 1517/1691/1222 1529/1694/1222 1531/1695/1222 1519/1692/1222
f 1519/1693/1223 1531/1107/1223 1532/1105/1223 1520/1106/1223
f 1520/1106/1224 1532/1105/1224 1530/1104/1224 1518/1103/1224
s 1
f 762/1696/1225 766/1664/1208 768/1665/1209 764/1697/1226
s 0
f 764/1698/1227 768/1666/1227 767/1667/1227 763/1699/1227
f 763/1699/1228 767/1667/1228 765/1063/1228 761/1098/1228
f 1534/1700/1229 1537/1701/1229 1539/1702/1229 1536/1703/1229
f 1536/1704/1230 1539/1705/1230 1540/1131/1230 1535/1706/1230
f 1535/1706/1231 1540/1131/1231 1538/1707/1231 1533/1708/1231
f 1529/1694/1222 1534/1700/1222 1536/1703/1222 1531/1695/1222
f 1531/1107/1232 1536/1704/1232 1535/1706/1232 1532/1105/1232
f 1532/1105/1224 1535/1706/1224 1533/1708/1224 1530/1104/1224
f 1526/1122/1219 1545/1709/1219 1547/1136/1219 1528/1687/1219
f 1528/1687/1233 1547/1136/1233 1548/1710/1233 1527/1688/1233
f 1527/1689/1221 1548/1711/1221 1546/1712/1221 1525/1690/1221
s 1
f 1033/1678/1215 1037/1713/1234 1039/1714/1235 1035/1679/1216
s 0
f 1035/1680/1236 1039/1715/1236 1040/1716/1236 1036/1681/1236
f 1036/1681/1237 1040/1716/1237 1038/1717/1237 1034/1083/1237
f 1541/1718/1238 1546/1712/1238 1548/1711/1238 1543/1719/1238
f 1543/1720/1239 1548/1710/1239 1547/1136/1239 1544/1721/1239
f 1544/1721/1240 1547/1136/1240 1545/1709/1240 1542/1722/1240
f 1542/1722/1240 1553/1723/1240 1555/1724/1240 1544/1721/1240
f 1544/1721/1239 1555/1724/1239 1556/1160/1239 1543/1720/1239
f 1543/1719/1238 1556/1725/1238 1554/1726/1238 1541/1718/1238
f 1553/1723/1241 1558/1167/1241 1560/1166/1241 1555/1724/1241
f 1555/1724/1242 1560/1166/1242 1559/1165/1242 1556/1160/1242
f 1556/1725/1243 1559/1727/1243 1557/1728/1243 1554/1726/1243
f 1537/1701/1229 1549/1729/1229 1551/1730/1229 1539/1702/1229
f 1539/1705/1230 1551/1153/1230 1552/1731/1230 1540/1131/1230
f 1540/1131/1231 1552/1731/1231 1550/1732/1231 1538/1707/1231
f 1549/1729/1244 1561/1733/1244 1563/1734/1244 1551/1730/1244
f 1551/1153/1245 1563/1735/1245 1564/1736/1245 1552/1731/1245
f 1552/1731/1246 1564/1736/1246 1562/1737/1246 1550/1732/1246
s 1
f 749/500/409 762/1696/1225 764/1697/1226 752/501/410
s 0
f 752/504/1247 764/1698/1247 763/1699/1247 756/505/1247
f 756/505/1248 763/1699/1248 761/1098/1248 750/508/1248
f 1566/1738/1249 1569/1739/1249 1571/1740/1249 1568/1741/1249
f 1568/1170/1250 1571/1175/1250 1572/1176/1250 1567/1169/1250
f 1567/1169/1251 1572/1176/1251 1570/1177/1251 1565/1742/1251
f 1561/1733/1244 1566/1738/1244 1568/1741/1244 1563/1734/1244
f 1563/1735/1245 1568/1170/1245 1567/1169/1245 1564/1736/1245
f 1564/1736/1246 1567/1169/1246 1565/1742/1246 1562/1737/1246
f 1558/1167/1241 1577/1182/1241 1579/1743/1241 1560/1166/1241
f 1560/1166/1242 1579/1743/1242 1580/1180/1242 1559/1165/1242
f 1559/1727/1243 1580/1744/1243 1578/1745/1243 1557/1728/1243
s 1
f 1037/1713/1234 1041/714/565 1045/717/568 1039/1714/1235
s 0
f 1039/1715/1252 1045/728/1252 1050/727/1252 1040/1716/1252
f 1040/1716/1253 1050/727/1253 1043/726/1253 1038/1717/1253
f 1573/1746/1254 1578/1745/1254 1580/1744/1254 1575/1747/1254
f 1575/1185/1255 1580/1180/1255 1579/1743/1255 1576/1184/1255
f 1576/1184/1256 1579/1743/1256 1577/1182/1256 1574/1183/1256
f 1574/1183/1256 1589/1748/1256 1591/1749/1256 1576/1184/1256
f 1576/1184/1255 1591/1749/1255 1592/1750/1255 1575/1185/1255
f 1575/1747/1254 1592/1751/1254 1590/1752/1254 1573/1746/1254
f 1594/1753/1257 1598/1754/1257 1600/1755/1257 1596/1756/1257
f 1596/1756/1258 1600/1755/1258 1599/1757/1258 1595/1758/1258
f 1595/1759/1259 1599/1760/1259 1597/1761/1259 1593/1762/1259
f 1589/1748/1260 1594/1753/1260 1596/1756/1260 1591/1749/1260
f 1591/1749/1261 1596/1756/1261 1595/1758/1261 1592/1750/1261
f 1592/1751/1262 1595/1759/1262 1593/1762/1262 1590/1752/1262
f 1602/1194/1263 1605/1193/1263 1607/1196/1263 1604/1195/1263
f 1604/1195/1264 1607/1196/1264 1608/1763/1264 1603/1197/1264
f 1603/1764/1265 1608/1765/1265 1606/1766/1265 1601/1767/1265
s 1
f 746/1768/1266 751/512/416 759/515/419 748/1769/1267
s 0
f 748/1770/1268 759/510/1268 755/509/1268 747/1771/1268
f 747/1771/1269 755/509/1269 750/508/1269 745/1188/1269
f 1569/1739/1249 1585/1772/1249 1587/1773/1249 1571/1740/1249
f 1571/1175/1250 1587/1210/1250 1588/1209/1250 1572/1176/1250
f 1572/1176/1251 1588/1209/1251 1586/1208/1251 1570/1177/1251
f 1582/1774/1270 1586/1208/1270 1588/1209/1270 1584/1775/1270
f 1584/1775/1271 1588/1209/1271 1587/1210/1271 1583/1776/1271
f 1583/1777/1272 1587/1773/1272 1585/1772/1272 1581/1778/1272
f 1581/1778/1273 1606/1766/1273 1608/1765/1273 1583/1777/1273
f 1583/1776/1274 1608/1763/1274 1607/1196/1274 1584/1775/1274
f 1584/1775/1275 1607/1196/1275 1605/1193/1275 1582/1774/1275
s 1
f 1042/720/571 1053/1779/1276 1055/1780/1277 1047/721/572
s 0
f 1047/722/1278 1055/1781/1278 1056/1782/1278 1051/723/1278
f 1051/723/1279 1056/1782/1279 1054/1783/1279 1043/726/1279
f 1601/1767/1265 1613/1784/1265 1615/1785/1265 1603/1764/1265
f 1603/1197/1264 1615/1786/1264 1616/1787/1264 1604/1195/1264
f 1604/1195/1263 1616/1787/1263 1614/1788/1263 1602/1194/1263
f 1610/1789/1280 1614/1788/1280 1616/1787/1280 1612/1790/1280
f 1612/1790/1281 1616/1787/1281 1615/1786/1281 1611/1791/1281
f 1611/1792/1282 1615/1785/1282 1613/1784/1282 1609/1793/1282
f 1609/1793/1283 1617/1794/1283 1619/1795/1283 1611/1792/1283
f 1611/1791/1284 1619/1275/1284 1620/1796/1284 1612/1790/1284
f 1612/1790/1285 1620/1796/1285 1618/1797/1285 1610/1789/1285
f 1617/1794/1286 1621/1798/1286 1623/1799/1286 1619/1795/1286
f 1619/1275/1287 1623/1270/1287 1624/1800/1287 1620/1796/1287
f 1620/1796/1288 1624/1800/1288 1622/1801/1288 1618/1797/1288
f 1621/1798/1289 1625/1802/1289 1627/1803/1289 1623/1799/1289
f 1623/1270/1290 1627/1265/1290 1628/1804/1290 1624/1800/1290
f 1624/1800/1291 1628/1804/1291 1626/1263/1291 1622/1801/1291
f 1625/1802/1292 1629/1805/1292 1631/1806/1292 1627/1803/1292
f 1627/1265/1293 1631/1260/1293 1632/1807/1293 1628/1804/1293
f 1628/1804/1294 1632/1807/1294 1630/1808/1294 1626/1263/1294
f 1629/1805/1295 1633/1809/1295 1635/1810/1295 1631/1806/1295
f 1631/1260/1296 1635/1811/1296 1636/1812/1296 1632/1807/1296
f 1632/1807/1297 1636/1812/1297 1634/1813/1297 1630/1808/1297
f 1633/1809/1298 1645/1814/1298 1647/1815/1298 1635/1810/1298
f 1635/1811/1299 1647/1250/1299 1648/1249/1299 1636/1812/1299
f 1636/1812/1300 1648/1249/1300 1646/1816/1300 1634/1813/1300
f 1638/1817/1301 1646/1816/1301 1648/1249/1301 1640/1244/1301
f 1640/1244/1302 1648/1249/1302 1647/1250/1302 1639/1245/1302
f 1639/1818/1303 1647/1815/1303 1645/1814/1303 1637/1819/1303
f 1637/1819/1304 1641/1820/1304 1643/1821/1304 1639/1818/1304
f 1639/1245/1305 1643/1822/1305 1644/1823/1305 1640/1244/1305
f 1640/1244/1306 1644/1823/1306 1642/1824/1306 1638/1817/1306
f 1598/1754/1257 1642/1824/1257 1644/1823/1257 1600/1755/1257
f 1600/1755/1258 1644/1823/1258 1643/1822/1258 1599/1757/1258
f 1599/1760/1259 1643/1821/1259 1641/1820/1259 1597/1761/1259
s 1
f 733/484/397 746/1768/1266 748/1769/1267 736/485/398
s 0
f 736/488/1307 748/1770/1307 747/1771/1307 740/489/1307
f 740/489/1308 747/1771/1308 745/1188/1308 734/492/1308
f 531/375/1309 1054/1783/1309 1056/1782/1309 538/376/1309
f 538/376/1310 1056/1782/1310 1055/1781/1310 533/377/1310
s 1
f 533/366/292 1055/1780/1277 1053/1779/1276 529/363/289
f 730/1825/1311 735/496/404 743/499/407 732/1826/1312
s 0
f 732/1827/1313 743/494/1313 739/493/1313 731/1828/1313
f 731/1828/1314 739/493/1314 734/492/1314 729/1283/1314
s 1
f 530/369/295 541/1829/1315 543/1830/1316 535/370/296
f 535/370/296 543/1830/1316 544/1831/1317 539/373/297
s 0
f 539/373/1318 544/1831/1318 542/1832/1318 531/375/1318
s 1
f 726/1833/1319 730/1825/1311 732/1826/1312 728/1834/1320
s 0
f 728/1835/1321 732/1827/1321 731/1828/1321 727/1836/1321
f 727/1836/1322 731/1828/1322 729/1283/1322 725/1837/1322
s 1
f 541/1829/1315 545/1838/1323 547/1839/1324 543/1830/1316
f 543/1830/1316 547/1839/1324 548/1840/1325 544/1831/1317
s 0
f 544/1831/1326 548/1840/1326 546/1298/1326 542/1832/1326
s 1
f 722/1841/1327 726/1833/1319 728/1834/1320 724/1842/1328
s 0
f 724/1843/1329 728/1835/1329 727/1836/1329 723/1844/1329
f 723/1844/1330 727/1836/1330 725/1837/1330 721/1303/1330
s 1
f 545/1838/1323 549/1845/1331 551/1846/1332 547/1839/1324
f 547/1839/1324 551/1846/1332 552/1847/1333 548/1840/1325
s 0
f 548/1840/1334 552/1847/1334 550/1308/1334 546/1298/1334
s 1
f 718/1848/1335 722/1841/1327 724/1842/1328 720/1849/1336
s 0
f 720/1850/1337 724/1843/1337 723/1844/1337 719/1851/1337
f 719/1851/1338 723/1844/1338 721/1303/1338 717/1852/1338
s 1
f 549/1845/1331 553/1853/1339 555/1854/1340 551/1846/1332
f 551/1846/1332 555/1854/1340 556/1855/1341 552/1847/1333
s 0
f 552/1847/1342 556/1855/1342 554/1856/1342 550/1308/1342
s 1
f 705/468/385 718/1848/1335 720/1849/1336 708/469/386
s 0
f 708/472/1343 720/1850/1343 719/1851/1343 712/473/1343
f 712/473/1344 719/1851/1344 717/1852/1344 706/476/1344
s 1
f 553/1853/1339 557/380/301 561/383/304 555/1854/1340
f 555/1854/1340 561/383/304 566/391/1345 556/1855/1341
s 0
f 556/1855/1346 566/391/1346 559/390/1346 554/1856/1346
s 1
f 702/1857/1347 707/480/392 715/483/395 704/1858/1348
s 0
f 704/1859/1349 715/478/1349 711/477/1349 703/1860/1349
f 703/1860/1350 711/477/1350 706/476/1350 701/1323/1350
s 1
f 558/386/307 569/1861/1351 571/1862/1352 563/387/308
f 563/387/308 571/1862/1352 572/1863/1353 567/388/309
s 0
f 567/388/1354 572/1863/1354 570/1328/1354 559/390/1354
s 1
f 689/452/373 702/1857/1347 704/1858/1348 692/453/374
s 0
f 692/456/1355 704/1859/1355 703/1860/1355 696/457/1355
f 696/457/1356 703/1860/1356 701/1323/1356 690/460/1356
s 1
f 569/1861/1351 573/392/313 577/395/316 571/1862/1352
f 571/1862/1352 577/395/316 582/403/1357 572/1863/1353
s 0
f 572/1863/1358 582/403/1358 575/402/1358 570/1328/1358
s 1
f 686/1864/1359 691/464/380 699/467/383 688/1865/1360
s 0
f 688/1866/1361 699/462/1361 695/461/1361 687/1867/1361
f 687/1867/1362 695/461/1362 690/460/1362 685/1333/1362
s 1
f 574/398/319 585/1868/1363 587/1869/1364 579/399/320
f 579/399/320 587/1869/1364 588/1870/1365 583/400/321
s 0
f 583/400/1366 588/1870/1366 586/1871/1366 575/402/1366
s 1
f 682/1872/1367 686/1864/1359 688/1865/1360 684/1873/1368
s 0
f 684/1874/1369 688/1866/1369 687/1867/1369 683/1875/1369
f 683/1875/1370 687/1867/1370 685/1333/1370 681/1343/1370
s 1
f 585/1868/1363 589/1876/1371 591/1877/1372 587/1869/1364
f 587/1869/1364 591/1877/1372 592/1878/1373 588/1870/1365
s 0
f 588/1870/1374 592/1878/1374 590/1348/1374 586/1871/1374
s 1
f 661/440/361 673/1879/1375 675/1880/1376 664/441/362
f 664/441/362 675/1880/1376 676/1881/1377 668/444/365
s 0
f 668/444/1378 676/1881/1378 674/1353/1378 662/446/1378
s 1
f 658/1882/1379 663/450/369 671/448/372 660/1883/1380
f 660/1883/1380 671/448/372 667/447/1381 659/1884/1382
s 0
f 659/1884/1383 667/447/1383 662/446/1383 657/1358/1383
s 1
f 601/404/325 613/1885/1384 615/1886/1385 604/405/326
f 604/405/326 615/1886/1385 616/1887/1386 608/408/329
s 0
f 608/408/1387 616/1887/1387 614/1363/1387 602/410/1387
s 1
f 598/1888/1388 603/414/333 611/412/336 600/1889/1389
f 600/1889/1389 611/412/336 607/411/1390 599/1890/1391
s 0
f 599/1890/1392 607/411/1392 602/410/1392 597/1368/1392
s 1
f 645/428/349 658/1882/1379 660/1883/1380 648/429/350
f 648/429/350 660/1883/1380 659/1884/1382 652/432/353
s 0
f 652/432/1393 659/1884/1393 657/1358/1393 646/434/1393
s 1
f 613/1885/1384 617/416/337 621/419/340 615/1886/1385
f 615/1886/1385 621/419/340 626/427/1394 616/1887/1386
s 0
f 616/1887/1395 626/427/1395 619/426/1395 614/1363/1395
s 1
f 673/1879/1375 677/1891/1396 679/1892/1397 675/1880/1376
s 0
f 675/1893/1398 679/1894/1398 680/1895/1398 676/1881/1398
f 676/1881/1399 680/1895/1399 678/1373/1399 674/1353/1399
s 1
f 677/1891/1396 682/1872/1367 684/1873/1368 679/1892/1397
s 0
f 679/1894/1400 684/1874/1400 683/1875/1400 680/1895/1400
f 680/1895/1401 683/1875/1401 681/1343/1401 678/1373/1401
s 1
f 594/1896/1402 598/1888/1388 600/1889/1389 596/1897/1403
f 596/1897/1403 600/1889/1389 599/1890/1391 595/1898/1404
s 0
f 595/1898/1405 599/1890/1405 597/1368/1405 593/1899/1405
s 1
f 589/1876/1371 594/1896/1402 596/1897/1403 591/1877/1372
f 591/1877/1372 596/1897/1403 595/1898/1404 592/1878/1373
s 0
f 592/1878/1406 595/1898/1406 593/1899/1406 590/1348/1406
s 1
f 642/1900/1407 647/438/357 655/436/360 644/1901/1408
f 644/1901/1408 655/436/360 651/435/1409 643/1902/1410
s 0
f 643/1902/1411 651/435/1411 646/434/1411 641/1903/1411
s 1
f 618/422/343 629/1904/1412 631/1905/1413 623/423/344
f 623/423/344 631/1905/1413 632/1906/1414 627/424/345
s 0
f 627/424/1415 632/1906/1415 630/1388/1415 619/426/1415
s 1
f 638/1907/1416 642/1900/1407 644/1901/1408 640/1908/1417
f 640/1908/1417 644/1901/1408 643/1902/1410 639/1909/1418
s 0
f 639/1909/1419 643/1902/1419 641/1903/1419 637/1393/1419
s 1
f 634/1910/1420 638/1907/1416 640/1908/1417 636/1911/1421
f 636/1911/1421 640/1908/1417 639/1909/1418 635/1912/1422
s 0
f 635/1912/1423 639/1909/1423 637/1393/1423 633/1398/1423
s 1
f 629/1904/1412 634/1910/1420 636/1911/1421 631/1905/1413
f 631/1905/1413 636/1911/1421 635/1912/1422 632/1906/1414
s 0
f 632/1906/1424 635/1912/1424 633/1398/1424 630/1388/1424
s 1
f 3/15/11 530/369/295 536/372/293 10/16/12
f 10/17/12 536/367/293 532/364/290 5/4/4
f 5/4/4 532/364/290 529/363/289 1/1/1
f 31/32/23 558/386/307 564/384/305 38/33/24
f 38/33/24 564/384/305 560/381/302 33/22/16
f 33/22/16 560/381/302 557/380/301 29/19/13
f 47/47/35 574/398/319 580/396/317 54/48/36
f 54/48/36 580/396/317 576/393/314 49/37/28
f 49/37/28 576/393/314 573/392/313 45/34/25
f 73/49/37 601/404/325 605/407/328 76/50/38
f 76/50/38 605/407/328 610/415/334 80/53/41
f 80/53/41 610/415/334 603/414/333 74/55/43
f 91/76/59 618/422/343 624/420/341 98/77/60
f 98/77/60 624/420/341 620/417/338 93/66/52
f 93/66/52 620/417/338 617/416/337 89/63/49
f 117/78/61 645/428/349 649/431/352 120/79/62
f 120/79/62 649/431/352 654/439/358 124/82/65
f 124/82/65 654/439/358 647/438/357 118/84/67
f 133/93/73 661/440/361 665/443/364 136/94/74
f 136/94/74 665/443/364 670/451/370 140/97/77
f 140/97/77 670/451/370 663/450/369 134/99/79
f 161/108/85 689/452/373 693/455/376 164/109/86
f 164/109/86 693/455/376 698/465/381 168/112/89
f 168/112/89 698/465/381 691/464/380 162/114/91
f 177/123/97 705/468/385 709/471/388 180/124/98
f 180/124/98 709/471/388 714/481/393 184/127/101
f 184/127/101 714/481/393 707/480/392 178/129/103
f 205/138/109 733/484/397 737/487/400 208/139/110
f 208/139/110 737/487/400 742/497/405 212/142/113
f 212/142/113 742/497/405 735/496/404 206/144/115
f 221/153/121 749/500/409 753/503/412 224/154/122
f 224/154/122 753/503/412 758/513/417 228/157/125
f 228/157/125 758/513/417 751/512/416 222/159/127
f 249/168/133 777/516/421 781/519/424 252/169/134
f 252/169/134 781/519/424 786/529/429 256/172/137
f 256/172/137 786/529/429 779/528/428 250/174/139
f 265/183/145 793/532/433 797/535/436 268/184/146
f 268/184/146 797/535/436 802/545/441 272/187/149
f 272/187/149 802/545/441 795/544/440 266/189/151
f 293/198/157 821/548/445 825/551/448 296/199/158
f 296/199/158 825/551/448 830/561/453 300/202/161
f 300/202/161 830/561/453 823/560/452 294/204/163
f 309/213/169 837/564/457 841/567/460 312/214/170
f 312/214/170 841/567/460 846/577/465 316/217/173
f 316/217/173 846/577/465 839/576/464 310/219/175
f 339/241/191 866/586/475 872/584/473 346/242/192
f 346/242/192 872/584/473 868/581/470 341/231/184
f 341/231/184 868/581/470 865/580/469 337/228/181
f 353/243/193 881/597/481 885/600/484 356/244/194
f 356/244/194 885/600/484 890/610/489 360/247/197
f 360/247/197 890/610/489 883/609/488 354/249/199
f 383/271/215 910/619/499 916/617/497 390/272/216
f 390/272/216 916/617/497 912/614/494 385/261/208
f 385/261/208 912/614/494 909/613/493 381/258/205
f 397/273/217 925/630/505 929/633/508 400/274/218
f 400/274/218 929/633/508 934/643/513 404/277/221
f 404/277/221 934/643/513 927/642/512 398/279/223
f 427/301/239 954/652/523 960/650/521 434/302/240
f 434/302/240 960/650/521 956/647/518 429/291/232
f 429/291/232 956/647/518 953/646/517 425/288/229
f 443/316/251 970/669/535 976/667/533 450/317/252
f 450/317/252 976/667/533 972/664/530 445/306/244
f 445/306/244 972/664/530 969/663/529 441/303/241
f 471/331/263 998/686/547 1004/684/545 478/332/264
f 478/332/264 1004/684/545 1000/681/542 473/321/256
f 473/321/256 1000/681/542 997/680/541 469/318/253
f 487/346/275 1014/703/559 1020/701/557 494/347/276
f 494/347/276 1020/701/557 1016/698/554 489/336/268
f 489/336/268 1016/698/554 1013/697/553 485/333/265
f 515/361/287 1042/720/571 1048/718/569 522/362/288
f 522/362/288 1048/718/569 1044/715/566 517/351/280
f 517/351/280 1044/715/566 1041/714/565 513/348/277
s 0
f 202/1283/1425 2/7/1425 207/148/1425
f 207/148/1425 2/7/1425 525/1233/1425
f 202/1283/1425 13/1288/1425 2/7/1425
s 1
f 3/15/11 14/1292/891 541/1829/1315 530/369/295
f 526/1237/854 1/1/1 529/363/289 1053/1779/1276
s 0
f 198/1293/1425 13/1288/1425 202/1283/1425
f 198/1293/1425 17/1298/1425 13/1288/1425
s 1
f 14/1292/891 18/1302/899 545/1838/1323 541/1829/1315
s 0
f 194/1303/1425 17/1298/1425 198/1293/1425
f 194/1303/1425 21/1308/1425 17/1298/1425
s 1
f 18/1302/899 22/1312/907 549/1845/1331 545/1838/1323
s 0
f 190/1313/1425 21/1308/1425 194/1303/1425
f 190/1313/1425 25/1318/1425 21/1308/1425
s 1
f 22/1312/907 26/1322/915 553/1853/1339 549/1845/1331
s 0
f 179/133/1425 25/1318/1425 190/1313/1425
f 179/133/1425 30/25/1425 25/1318/1425
s 1
f 26/1322/915 29/19/13 557/380/301 553/1853/1339
s 0
f 174/1323/1425 30/25/1425 179/133/1425
f 174/1323/1425 41/1328/1425 30/25/1425
s 1
f 31/32/23 42/1332/925 569/1861/1351 558/386/307
s 0
f 163/118/1425 41/1328/1425 174/1323/1425
f 163/118/1425 46/40/1425 41/1328/1425
s 1
f 42/1332/925 45/34/25 573/392/313 569/1861/1351
s 0
f 158/1333/1425 46/40/1425 163/118/1425
f 158/1333/1425 57/1338/1425 46/40/1425
s 1
f 47/47/35 58/1342/935 585/1868/1363 574/398/319
s 0
f 135/103/1426 57/1338/1426 158/1333/1426
f 135/103/1426 75/59/1426 57/1338/1426
f 75/59/1425 61/1348/1425 57/1338/1425
s 1
f 58/1342/935 62/1352/943 589/1876/1371 585/1868/1363
s 0
f 70/1368/1425 61/1348/1425 75/59/1425
f 70/1368/1425 66/1378/1425 61/1348/1425
s 1
f 62/1352/943 65/1382/970 594/1896/1402 589/1876/1371
f 65/1382/970 69/1372/959 598/1888/1388 594/1896/1402
f 69/1372/959 74/55/43 603/414/333 598/1888/1388
s 0
f 130/1358/1425 75/59/1425 135/103/1425
f 130/1358/1425 85/1363/1425 75/59/1425
s 1
f 73/49/37 86/1367/955 613/1885/1384 601/404/325
s 0
f 119/88/1425 85/1363/1425 130/1358/1425
f 119/88/1425 90/69/1425 85/1363/1425
s 1
f 86/1367/955 89/63/49 617/416/337 613/1885/1384
s 0
f 114/1383/1425 90/69/1425 119/88/1425
f 114/1383/1425 101/1388/1425 90/69/1425
s 1
f 91/76/59 102/1392/979 629/1904/1412 618/422/343
s 0
f 110/1393/1425 101/1388/1425 114/1383/1425
f 110/1393/1425 106/1398/1425 101/1388/1425
s 1
f 102/1392/979 105/1402/987 634/1910/1420 629/1904/1412
f 105/1402/987 109/1397/983 638/1907/1416 634/1910/1420
f 109/1397/983 113/1387/975 642/1900/1407 638/1907/1416
f 113/1387/975 118/84/67 647/438/357 642/1900/1407
f 117/78/61 129/1362/951 658/1882/1379 645/428/349
f 129/1362/951 134/99/79 663/450/369 658/1882/1379
s 0
f 154/1343/1425 145/1353/1425 135/103/1425
f 154/1343/1425 135/103/1425 158/1333/1425
s 1
f 133/93/73 146/1357/947 673/1879/1375 661/440/361
s 0
f 150/1373/1425 145/1353/1425 154/1343/1425
s 1
f 146/1357/947 149/1377/965 677/1891/1396 673/1879/1375
f 149/1377/965 153/1347/939 682/1872/1367 677/1891/1396
f 153/1347/939 157/1337/931 686/1864/1359 682/1872/1367
f 157/1337/931 162/114/91 691/464/380 686/1864/1359
f 161/108/85 173/1327/921 702/1857/1347 689/452/373
f 173/1327/921 178/129/103 707/480/392 702/1857/1347
f 177/123/97 189/1317/911 718/1848/1335 705/468/385
f 189/1317/911 193/1307/903 722/1841/1327 718/1848/1335
f 193/1307/903 197/1297/895 726/1833/1319 722/1841/1327
f 197/1297/895 201/1287/887 730/1825/1311 726/1833/1319
f 201/1287/887 206/144/115 735/496/404 730/1825/1311
f 205/138/109 217/1192/835 746/1768/1266 733/484/397
s 0
f 207/148/1425 525/1233/1425 218/1188/1425
s 1
f 217/1192/835 222/159/127 751/512/416 746/1768/1266
s 0
f 223/163/1425 218/1188/1425 1310/1194/1425 1294/1193/1425 1290/1203/1425 1286/1208/1425 1270/1177/1425
f 1310/1194/1425 218/1188/1425 525/1233/1425 514/354/1425 1306/1227/1425 1346/1242/1425 1342/1243/1425 1334/1248/1425 1338/1257/1425 1350/1262/1425 1322/1263/1425 1326/1272/1425 1330/1277/1425 1318/1278/1425 1313/1228/1425
s 1
f 221/153/121 233/1102/799 762/1696/1225 749/500/409
s 0
f 234/1098/1425 223/163/1425 1266/1149/1425 1254/1148/1425 1238/1132/1425
f 1266/1149/1425 223/163/1425 1270/1177/1425 1273/1168/1425
s 1
f 233/1102/799 237/1067/785 766/1664/1208 762/1696/1225
s 0
f 238/1063/1425 234/1098/1425 1234/1104/1425 1222/1103/1425 1210/1078/1425
f 1234/1104/1425 234/1098/1425 1238/1132/1425 1241/1123/1425
s 1
f 237/1067/785 241/1022/766 770/1622/1183 766/1664/1208
s 0
f 242/1018/1425 238/1063/1425 1206/1069/1425 1198/1068/1425 1186/1034/1425
f 1206/1069/1425 238/1063/1425 1210/1078/1425
s 1
f 241/1022/766 245/972/746 774/1585/1163 770/1622/1183
s 0
f 246/968/1425 242/1018/1425 1166/1032/1425 1170/1031/1425 1154/984/1425
f 1182/1033/1425 1166/1032/1425 242/1018/1425 1186/1034/1425
s 1
f 245/972/746 250/174/139 779/528/428 774/1585/1163
s 0
f 251/178/1425 246/968/1425 1134/982/1425 1138/981/1425 1106/937/1425
f 1150/983/1425 1134/982/1425 246/968/1425 1154/984/1425
s 1
f 249/168/133 261/855/685 790/1506/1103 777/516/421
s 0
f 1090/869/1425 481/856/1425 262/851/1425 251/178/1425 1058/880/1425 1062/879/1425 1074/885/1425 1070/886/1425 1066/891/1425 1102/900/1425 1082/901/1425 1078/906/1425 1098/917/1425 1094/918/1425 1085/870/1425
f 1114/931/1425 1058/880/1425 251/178/1425 1106/937/1425 1109/932/1425
s 1
f 261/855/685 266/189/151 795/544/440 790/1506/1103
s 0
f 262/851/1425 470/324/1425 267/193/1425
f 262/851/1425 481/856/1425 470/324/1425
s 1
f 265/183/145 277/845/675 806/1497/1091 793/532/433
s 0
f 267/193/1425 465/846/1425 278/841/1425
f 267/193/1425 470/324/1425 465/846/1425
s 1
f 277/845/675 281/835/667 810/1487/1083 806/1497/1091
s 0
f 278/841/1425 461/836/1425 282/831/1425
f 278/841/1425 465/846/1425 461/836/1425
s 1
f 281/835/667 285/825/659 814/1479/1075 810/1487/1083
s 0
f 282/831/1425 457/826/1425 286/821/1425
f 282/831/1425 461/836/1425 457/826/1425
s 1
f 285/825/659 289/815/651 818/1469/1067 814/1479/1075
s 0
f 286/821/1425 453/816/1425 290/811/1425
f 286/821/1425 457/826/1425 453/816/1425
s 1
f 289/815/651 294/204/163 823/560/452 818/1469/1067
s 0
f 290/811/1425 442/309/1425 295/208/1425
f 290/811/1425 453/816/1425 442/309/1425
s 1
f 293/198/157 305/805/641 834/1461/1055 821/548/445
s 0
f 295/208/1425 437/806/1425 306/801/1425
f 295/208/1425 442/309/1425 437/806/1425
s 1
f 305/805/641 310/219/175 839/576/464 834/1461/1055
s 0
f 306/801/1425 426/294/1425 311/223/1425
f 306/801/1425 437/806/1425 426/294/1425
s 1
f 309/213/169 321/795/629 850/1452/1039 837/564/457
s 0
f 311/223/1425 421/796/1425 322/791/1425
f 311/223/1425 426/294/1425 421/796/1425
s 1
f 321/795/629 325/775/613 854/1437/1023 850/1452/1039
s 0
f 322/791/1425 338/234/1425 326/771/1425
f 322/791/1426 399/283/1426 338/234/1426
f 322/791/1426 421/796/1426 399/283/1426
s 1
f 325/775/613 329/760/600 858/1421/1007 854/1437/1023
s 0
f 326/771/1425 338/234/1425 330/751/1425
s 1
f 329/760/600 334/759/599 861/1422/1008 858/1421/1007
s 0
f 330/751/1425 338/234/1425 333/752/1425
s 1
f 334/759/599 337/228/181 865/580/469 861/1422/1008
f 339/241/191 349/785/621 878/1445/1031 866/586/475
s 0
f 338/234/1425 393/786/1425 350/781/1425
f 338/234/1425 399/283/1425 393/786/1425
s 1
f 349/785/621 354/249/199 883/609/488 878/1445/1031
s 0
f 350/781/1425 382/264/1425 355/253/1425
f 350/781/1425 393/786/1425 382/264/1425
s 1
f 353/243/193 365/740/583 894/1403/989 881/597/481
s 0
f 355/253/1425 377/746/1425 366/731/1425
f 355/253/1425 382/264/1425 377/746/1425
s 1
f 365/740/583 370/739/582 897/1404/990 894/1403/989
s 0
f 366/731/1425 373/741/1425 369/732/1425
f 366/731/1425 377/746/1425 373/741/1425
s 1
f 370/739/582 374/745/587 901/1413/995 897/1404/990
f 374/745/587 378/750/591 905/1417/999 901/1413/995
f 378/750/591 381/258/205 909/613/493 905/1417/999
f 383/271/215 394/790/625 921/1448/1035 910/619/499
f 394/790/625 398/279/223 927/642/512 921/1448/1035
f 397/273/217 410/765/605 937/1429/1015 925/630/505
s 0
f 399/283/1425 413/766/1425 409/761/1425
f 399/283/1425 417/776/1425 413/766/1425
f 399/283/1425 421/796/1425 417/776/1425
s 1
f 410/765/605 414/770/609 941/1433/1019 937/1429/1015
f 414/770/609 418/780/617 945/1441/1027 941/1433/1019
f 418/780/617 422/800/633 949/1457/1043 945/1441/1027
f 422/800/633 425/288/229 953/646/517 949/1457/1043
f 427/301/239 438/810/645 965/1465/1059 954/652/523
f 438/810/645 441/303/241 969/663/529 965/1465/1059
f 443/316/251 454/820/655 981/1474/1071 970/669/535
f 454/820/655 458/830/663 985/1483/1079 981/1474/1071
f 458/830/663 462/840/671 989/1492/1087 985/1483/1079
f 462/840/671 466/850/679 993/1502/1095 989/1492/1087
f 466/850/679 469/318/253 997/680/541 993/1502/1095
f 471/331/263 482/860/689 1009/1509/1107 998/686/547
s 0
f 481/856/1425 1090/869/1425 1118/942/1425 1130/947/1425 1126/948/1425 1122/953/1425 486/339/1425
s 1
f 482/860/689 485/333/265 1013/697/553 1009/1509/1107
s 0
f 1142/962/1425 1146/967/1425 486/339/1425 1122/953/1425
f 486/339/1425 1146/967/1425 1162/1002/1425 1158/1003/1425 497/993/1425
s 1
f 487/346/275 498/997/756 1025/1614/1176 1014/703/559
s 0
f 1174/1012/1425 1178/1017/1425 497/993/1425 1158/1003/1425
f 497/993/1425 1178/1017/1425 1194/1052/1425 1190/1053/1425 501/1043/1425
s 1
f 498/997/756 502/1047/777 1029/1647/1198 1025/1614/1176
s 0
f 1190/1053/1425 1202/1062/1425 501/1043/1425
f 505/1083/1425 501/1043/1425 1202/1062/1425 1214/1092/1425 1218/1097/1425
s 1
f 502/1047/777 506/1087/792 1033/1678/1215 1029/1647/1198
s 0
f 1226/1117/1425 1230/1122/1425 505/1083/1425 1218/1097/1425
f 1250/1137/1425 1246/1138/1425 509/1143/1425 505/1083/1425 1230/1122/1425
s 1
f 506/1087/792 510/1147/817 1037/1713/1234 1033/1678/1215
s 0
f 1258/1162/1425 1262/1167/1425 509/1143/1425 1246/1138/1425
f 1282/1182/1425 1278/1183/1425 514/354/1425 509/1143/1425 1262/1167/1425
s 1
f 510/1147/817 513/348/277 1041/714/565 1037/1713/1234
s 0
f 1302/1221/1425 1306/1227/1425 514/354/1425 1278/1183/1425 1297/1222/1425
s 1
f 515/361/287 526/1237/854 1053/1779/1276 1042/720/571
s 0
f 729/1283/1426 734/492/1426 531/375/1426
f 729/1283/1426 531/375/1426 542/1832/1426
f 734/492/1426 1054/1783/1426 531/375/1426
f 725/1837/1426 729/1283/1426 542/1832/1426
f 725/1837/1426 542/1832/1426 546/1298/1426
f 721/1303/1426 725/1837/1426 546/1298/1426
f 721/1303/1426 546/1298/1426 550/1308/1426
f 717/1852/1426 721/1303/1426 550/1308/1426
f 717/1852/1426 550/1308/1426 554/1856/1426
f 706/476/1426 717/1852/1426 554/1856/1426
f 706/476/1426 554/1856/1426 559/390/1426
f 701/1323/1426 706/476/1426 559/390/1426
f 701/1323/1426 559/390/1426 570/1328/1426
f 690/460/1426 701/1323/1426 570/1328/1426
f 690/460/1426 570/1328/1426 575/402/1426
f 685/1333/1426 690/460/1426 575/402/1426
f 685/1333/1426 575/402/1426 586/1871/1426
f 662/446/1425 685/1333/1425 586/1871/1425
f 662/446/1425 586/1871/1425 602/410/1425
f 602/410/1426 586/1871/1426 590/1348/1426
f 597/1368/1426 602/410/1426 590/1348/1426
f 597/1368/1426 590/1348/1426 593/1899/1426
f 657/1358/1426 662/446/1426 602/410/1426
f 657/1358/1426 602/410/1426 614/1363/1426
f 646/434/1426 657/1358/1426 614/1363/1426
f 646/434/1426 614/1363/1426 619/426/1426
f 641/1903/1426 646/434/1426 619/426/1426
f 641/1903/1426 619/426/1426 630/1388/1426
f 637/1393/1426 641/1903/1426 630/1388/1426
f 637/1393/1426 630/1388/1426 633/1398/1426
f 681/1343/1426 662/446/1426 674/1353/1426
f 681/1343/1426 685/1333/1426 662/446/1426
f 678/1373/1426 681/1343/1426 674/1353/1426
f 734/492/1426 745/1188/1426 1054/1783/1426
f 1054/1783/1426 745/1188/1426 1602/1194/1426 1614/1788/1426 1610/1789/1426 1618/1797/1426 1622/1801/1426 1626/1263/1426 1630/1808/1426 1634/1813/1426 1646/1816/1426 1638/1817/1426 1642/1824/1426 1598/1754/1426 1043/726/1426
f 1602/1194/1426 745/1188/1426 750/508/1426 1570/1177/1426 1586/1208/1426 1582/1774/1426 1605/1193/1426
f 1570/1177/1426 750/508/1426 1562/1737/1426 1565/1742/1426
f 1550/1732/1426 1562/1737/1426 750/508/1426 761/1098/1426 1538/1707/1426
f 1538/1707/1426 761/1098/1426 1530/1104/1426 1533/1708/1426
f 1518/1103/1426 1530/1104/1426 761/1098/1426 765/1063/1426 1506/1078/1426
f 1502/1069/1426 1506/1078/1426 765/1063/1426
f 1494/1661/1426 1502/1069/1426 765/1063/1426 769/1018/1426 1478/1034/1426
f 773/968/1426 1446/984/1426 1462/1031/1426 1466/1630/1426 769/1018/1426
f 769/1018/1426 1466/1630/1426 1482/1641/1426 1478/1034/1426
f 778/524/1426 1406/1571/1426 1430/1592/1426 1434/982/1426 773/968/1426
f 773/968/1426 1434/982/1426 1450/983/1426 1446/984/1426
f 789/851/1426 1010/856/1426 1390/1519/1426 1394/870/1426 1386/1520/1426 1398/1528/1426 1382/1529/1426 1378/901/1426 1374/1535/1426 1370/1541/1426 1366/1546/1426 1362/1550/1426 1358/879/1426 1354/880/1426 778/524/1426
f 778/524/1426 1354/880/1426 1410/931/1426 1402/1563/1426 1406/1571/1426
f 789/851/1426 999/692/1426 1010/856/1426
f 789/851/1426 794/540/1426 999/692/1426
f 794/540/1426 994/846/1426 999/692/1426
f 794/540/1426 805/1501/1426 994/846/1426
f 805/1501/1426 990/1496/1426 994/846/1426
f 805/1501/1426 809/1491/1426 990/1496/1426
f 809/1491/1426 986/826/1426 990/1496/1426
f 809/1491/1426 813/821/1426 986/826/1426
f 813/821/1426 982/1478/1426 986/826/1426
f 813/821/1426 817/1473/1426 982/1478/1426
f 817/1473/1426 971/675/1426 982/1478/1426
f 817/1473/1426 822/556/1426 971/675/1426
f 822/556/1426 966/1468/1426 971/675/1426
f 822/556/1426 833/1464/1426 966/1468/1426
f 833/1464/1426 955/658/1426 966/1468/1426
f 833/1464/1426 838/572/1426 955/658/1426
f 838/572/1426 950/796/1426 955/658/1426
f 838/572/1426 849/1456/1426 950/796/1426
f 849/1456/1425 867/592/1425 926/638/1425
f 849/1456/1426 853/771/1426 867/592/1426
f 849/1456/1425 926/638/1425 950/796/1425
f 853/771/1426 857/751/1426 867/592/1426
f 857/751/1426 862/752/1426 867/592/1426
f 867/592/1426 922/1451/1426 926/638/1426
f 867/592/1426 877/781/1426 922/1451/1426
f 877/781/1426 911/625/1426 922/1451/1426
f 877/781/1426 882/605/1426 911/625/1426
f 882/605/1426 906/746/1426 911/625/1426
f 882/605/1426 893/1412/1426 906/746/1426
f 893/1412/1426 902/741/1426 906/746/1426
f 893/1412/1426 898/1411/1426 902/741/1426
f 926/638/1426 942/766/1426 946/776/1426
f 926/638/1426 938/761/1426 942/766/1426
f 926/638/1426 946/776/1426 950/796/1426
f 1426/1578/1426 1390/1519/1426 1010/856/1426 1015/709/1426 1418/953/1426 1422/948/1426 1413/947/1426
f 1418/953/1426 1015/709/1426 1438/967/1426 1441/1596/1426
f 1438/967/1426 1015/709/1426 1026/1618/1426 1458/1003/1426 1453/1610/1426
f 1458/1003/1426 1026/1618/1426 1470/1638/1426 1473/1631/1426
f 1470/1638/1426 1026/1618/1426 1030/1043/1426 1490/1651/1426 1485/1052/1426
f 1490/1651/1426 1030/1043/1426 1498/1062/1426
f 1510/1092/1426 1498/1062/1426 1030/1043/1426 1034/1083/1426 1514/1670/1426
f 1514/1670/1426 1034/1083/1426 1526/1122/1426 1521/1682/1426
f 1526/1122/1426 1034/1083/1426 1038/1717/1426 1542/1722/1426 1545/1709/1426
f 1542/1722/1426 1038/1717/1426 1558/1167/1426 1553/1723/1426
f 1558/1167/1426 1038/1717/1426 1043/726/1426 1574/1183/1426 1577/1182/1426
f 1574/1183/1426 1043/726/1426 1598/1754/1426 1594/1753/1426 1589/1748/1426
f 1357/1557/1427 1061/872/1427 1057/871/1427 1113/924/1427 1409/1561/1427 1353/1560/1427
f 1361/1554/1428 1073/881/1428 1061/872/1428 1357/1557/1428
f 1369/1545/1429 1065/895/1429 1069/890/1429 1365/1549/1429
f 1373/1540/1430 1101/896/1430 1065/895/1430 1369/1545/1430
f 1365/1549/1431 1069/890/1431 1073/881/1431 1361/1554/1431
f 1381/1531/1432 1077/912/1432 1081/911/1432 1377/1534/1432
f 1397/1524/1433 1097/913/1433 1077/912/1433 1381/1531/1433
f 1377/1539/1434 1081/905/1434 1101/896/1434 1373/1540/1434
f 1425/1573/1435 1117/938/1435 1089/862/1435 1086/861/1435 1393/1513/1435 1389/1512/1435
f 1393/1513/1436 1086/861/1436 1093/922/1436 1385/1523/1436
f 1385/1523/1437 1093/922/1437 1097/913/1437 1397/1524/1437
f 1401/1567/1438 1110/923/1438 1105/933/1438 1137/974/1438 1429/1589/1438 1405/1568/1438
f 1409/1561/1439 1113/924/1439 1110/923/1439 1401/1567/1439
f 1414/1572/1440 1129/943/1440 1117/938/1440 1425/1573/1440
f 1141/958/1441 1121/957/1441 1125/952/1441 1421/1580/1441 1417/1579/1441 1442/1600/1441
f 1125/952/1442 1129/943/1442 1414/1572/1442 1421/1580/1442
f 1429/1589/1443 1137/974/1443 1133/973/1443 1149/992/1443 1449/1605/1443 1433/1593/1443
f 1161/998/1444 1145/963/1444 1141/958/1444 1442/1600/1444 1437/1601/1444 1454/1613/1444
f 1449/1605/1445 1149/992/1445 1153/991/1445 1169/1024/1445 1461/1626/1445 1445/1609/1445
f 1173/1008/1446 1157/1007/1446 1161/998/1446 1454/1613/1446 1457/1621/1446 1474/1633/1446
f 1461/1626/1447 1169/1024/1447 1165/1023/1447 1181/1042/1447 1481/1639/1447 1465/1628/1447
f 1193/1048/1448 1177/1013/1448 1173/1008/1448 1474/1633/1448 1469/1634/1448 1486/1646/1448
f 1481/1639/1449 1181/1042/1449 1185/1041/1449 1197/1077/1449 1493/1658/1449 1477/1643/1449
f 1213/1088/1450 1201/1058/1450 1189/1057/1450 1193/1048/1450 1486/1646/1450 1489/1654/1450 1497/1657/1450 1509/1677/1450
f 1493/1658/1451 1197/1077/1451 1205/1076/1451 1209/1082/1451 1221/1112/1451 1517/1691/1451 1505/1668/1451 1501/1662/1451
f 1225/1113/1452 1217/1093/1452 1213/1088/1452 1509/1677/1452 1513/1676/1452 1522/1686/1452
f 1517/1691/1453 1221/1112/1453 1233/1111/1453 1242/1127/1453 1534/1700/1453 1529/1694/1453
f 1249/1133/1454 1229/1118/1454 1225/1113/1454 1522/1686/1454 1525/1690/1454 1546/1712/1454
f 1534/1700/1455 1242/1127/1455 1237/1128/1455 1253/1157/1455 1549/1729/1455 1537/1701/1455
f 1257/1158/1456 1245/1142/1456 1249/1133/1456 1546/1712/1456 1541/1718/1456 1554/1726/1456
f 1549/1729/1457 1253/1157/1457 1265/1156/1457 1274/1172/1457 1566/1738/1457 1561/1733/1457
f 1281/1178/1458 1261/1163/1458 1257/1158/1458 1554/1726/1458 1557/1728/1458 1578/1745/1458
f 1566/1738/1459 1274/1172/1459 1269/1173/1459 1285/1212/1459 1585/1772/1459 1569/1739/1459
f 1298/1213/1460 1277/1187/1460 1281/1178/1460 1578/1745/1460 1573/1746/1460 1590/1752/1460
f 1585/1772/1461 1285/1212/1461 1289/1207/1461 1581/1778/1461
f 1289/1207/1462 1293/1202/1462 1606/1766/1462 1581/1778/1462
f 1293/1202/1463 1309/1201/1463 1314/1232/1463 1613/1784/1463 1601/1767/1463 1606/1766/1463
f 1301/1214/1464 1298/1213/1464 1590/1752/1464 1593/1762/1464
f 1345/1238/1465 1305/1223/1465 1301/1214/1465 1593/1762/1465 1597/1761/1465 1641/1820/1465
f 1314/1232/1466 1317/1282/1466 1609/1793/1466 1613/1784/1466
f 1317/1282/1467 1329/1273/1467 1617/1794/1467 1609/1793/1467
f 1321/1267/1468 1349/1258/1468 1629/1805/1468 1625/1802/1468
f 1325/1268/1469 1321/1267/1469 1625/1802/1469 1621/1798/1469
f 1329/1273/1470 1325/1268/1470 1621/1798/1470 1617/1794/1470
f 1333/1252/1471 1341/1247/1471 1637/1819/1471 1645/1814/1471
f 1337/1253/1472 1333/1252/1472 1645/1814/1472 1633/1809/1472
f 1349/1258/1473 1337/1253/1473 1633/1809/1473 1629/1805/1473
f 1341/1247/1474 1345/1238/1474 1641/1820/1474 1637/1819/1474
